user_id,name,total_spent,spending_rank
11704,"Sneha Singh",1377323.31,1
10782,"Sneha Shah",1205773,2
10794,"Kavya Mehta",1144121.27,3
11062,"Ankit Sharma",1134039.8,4
14480,"Kavya Malhotra",1072029.97,5
13743,"Abhishek Mehta",1021140.38,6
11339,"Neeraj Joshi",942194.56,7
11855,"Simran Malhotra",939291.6,8
13955,"Karan Kapoor",922744.68,9
11209,"Vivaan Singh",906862.64,10
12061,"Rahul Kapoor",904850.72,11
11846,"Riya Chauhan",849290.57,12
14626,"Neeraj Sinha",826309.61,13
13424,"Aman Kumar",813001.32,14
13387,"Varun Gupta",785932.29,15
14775,"Vivaan Kumar",777361.27,16
12369,"Priya Verma",767591.3,17
14488,"Ananya Sharma",762244.84,18
11313,"Ankit Kapoor",759487.06,19
10322,"Riya Sinha",740667.51,20
13878,"Varun Srivastava",738443.95,21
10047,"Nikhil Sinha",734624.09,22
13127,"Arjun Sinha",732757.34,23
11779,"Aditya Agarwal",731228.29,24
13154,"Rohit Chauhan",728666.26,25
11513,"Neeraj Srivastava",726579.02,26
11039,"Himanshu Malhotra",725942.99,27
11466,"Vivaan Jain",723048.73,28
12409,"Akash Mishra",721150.45,29
14490,"Isha Joshi",720906.45,30
14249,"Himanshu Mishra",718824.32,31
14031,"Ananya Sinha",715039.75,32
10289,"Rohan Sharma",714663.41,33
14442,"Pooja Kumar",714317.31,34
10964,"Simran Yadav",709877.62,35
10083,"Ananya Joshi",705970.96,36
13864,"Ankit Verma",704309.63,37
12996,"Himanshu Patel",703885.63,38
12776,"Kavya Singh",700188.84,39
13552,"Priya Shah",698376.26,40
14114,"Arjun Sharma",696946.33,41
11568,"Akash Shah",696701.24,42
13449,"Neha Gupta",689720.1,43
13797,"Sneha Sinha",689437.57,44
10376,"Himanshu Jain",688310.06,45
11162,"Akash Mishra",679827.27,46
13439,"Akash Gupta",678566.76,47
11310,"Akash Gupta",676239.49,48
12859,"Vivaan Yadav",673106.53,49
13602,"Rahul Mehta",672924.6,50
11401,"Nikhil Chauhan",671001.37,51
13218,"Arjun Verma",666629.17,52
10225,"Ankit Verma",662679.31,53
11630,"Himanshu Yadav",661011.78,54
12131,"Neeraj Mishra",658692.64,55
10932,"Nikhil Gupta",658459.41,56
11316,"Neha Sinha",658219.63,57
12601,"Sneha Chauhan",657554.99,58
12377,"Sahil Kapoor",655956.14,59
11440,"Priya Tiwari",655649.21,60
14817,"Neha Gupta",652349.45,61
11066,"Neeraj Jain",650377.13,62
10122,"Rohit Jain",650371.09,63
10247,"Isha Srivastava",649850.74,64
13335,"Rohan Mishra",649517.32,65
11941,"Aarav Patel",645484.95,66
13576,"Neha Mehta",645482.28,67
11747,"Abhishek Singh",644487.01,68
11065,"Rohit Jain",643992.42,69
14673,"Sahil Kapoor",643946.58,70
12240,"Akash Gupta",643727.47,71
13718,"Abhishek Singh",639525.61,72
13656,"Pooja Singh",639172.21,73
11205,"Akash Sharma",638420.51,74
13532,"Ankit Srivastava",636275.07,75
12264,"Aditi Agarwal",633587.94,76
12457,"Aarav Gupta",633412.77,77
10747,"Rohit Chauhan",633411.59,78
11600,"Kavya Joshi",633178.93,79
11909,"Sneha Mishra",631712.04,80
10643,"Pooja Mishra",630590.6,81
10737,"Isha Bansal",630095.39,82
14973,"Riya Singh",628822.79,83
14861,"Rohan Patel",628331.45,84
10037,"Vivaan Kumar",627875.24,85
14327,"Kavya Kapoor",627435.24,86
13859,"Neeraj Bansal",622217.11,87
10468,"Rahul Srivastava",621328.62,88
11526,"Rohit Kumar",618134.95,89
13068,"Rahul Shah",617945.81,90
10156,"Kavya Agarwal",617530.09,91
12772,"Aditi Joshi",617208.33,92
13802,"Vikas Patel",614790.35,93
11423,"Nikhil Chauhan",613317.45,94
10132,"Mohit Agarwal",612920.44,95
11529,"Neha Chauhan",611963.68,96
14354,"Riya Kumar",611096.05,97
13897,"Riya Verma",609776.47,98
11885,"Isha Joshi",608699.47,99
13610,"Karan Agarwal",606832.42,100
14583,"Vikas Mehta",605604.36,101
12841,"Riya Kumar",605485.2,102
11810,"Akash Patel",604754.75,103
11823,"Ananya Malhotra",603671.95,104
10515,"Akash Chauhan",602902.2,105
12625,"Arjun Agarwal",602340.04,106
10710,"Ananya Patel",600571.53,107
13396,"Riya Chauhan",600328.95,108
14718,"Priya Mishra",600197.95,109
14203,"Karan Bansal",599560.23,110
14365,"Sahil Verma",597953.52,111
14579,"Rohan Patel",597222.4,112
14496,"Simran Patel",594221.37,113
10159,"Rahul Sinha",592062.47,114
11725,"Vivaan Verma",591562.16,115
11321,"Mohit Verma",591444.78,116
14050,"Rohan Mishra",589744.15,117
10602,"Sneha Srivastava",589072.18,118
13110,"Pooja Tiwari",588715.43,119
14300,"Rohan Verma",588524.06,120
10416,"Rohit Tiwari",588486.9,121
14148,"Vivaan Bansal",588464.62,122
11019,"Neeraj Kapoor",587421.79,123
14938,"Himanshu Agarwal",587397.52,124
10198,"Simran Kumar",587017.77,125
10154,"Karan Bansal",584836.35,126
12960,"Rohit Shah",584067.98,127
10607,"Himanshu Shah",581480.6,128
11483,"Vivaan Patel",581232.69,129
13342,"Yash Gupta",580889.82,130
12308,"Priya Tiwari",580348.72,131
14195,"Isha Joshi",578438.72,132
11228,"Rahul Singh",578369.09,133
12773,"Sahil Sharma",575395.53,134
11718,"Varun Yadav",574273.38,135
13572,"Sahil Mishra",574137,136
13205,"Pooja Gupta",571776.4,137
11545,"Rahul Mishra",571487.95,138
13312,"Rohan Tiwari",570955.87,139
10461,"Karan Joshi",568494.93,140
13838,"Nikhil Bansal",567979.3,141
14230,"Akash Chauhan",567300,142
13400,"Neha Kapoor",567298.71,143
10790,"Nikhil Malhotra",566777.81,144
14586,"Arjun Bansal",563899.62,145
11332,"Aarav Malhotra",563853.72,146
13158,"Yash Singh",563804.99,147
12811,"Neha Shah",562141.84,148
12970,"Simran Bansal",560546.26,149
13442,"Simran Srivastava",560294.13,150
14317,"Pooja Bansal",559182.97,151
10878,"Pooja Patel",559051.06,152
10465,"Rahul Kapoor",558122.6,153
10529,"Kavya Mishra",556131.54,154
14088,"Rohit Singh",556084.64,155
14991,"Rohan Chauhan",556030.28,156
14397,"Nikhil Jain",553659.18,157
10544,"Rahul Sharma",552270.06,158
12026,"Isha Verma",550282.62,159
11445,"Aman Bansal",550174.73,160
11737,"Nikhil Jain",549033.49,161
10300,"Priya Tiwari",548536.35,162
12009,"Vivaan Mehta",546820.19,163
14280,"Aditya Joshi",545659.26,164
11903,"Aditi Chauhan",545349.69,165
10024,"Nikhil Agarwal",545146.05,166
10891,"Aditi Kapoor",544414.15,167
14885,"Vivaan Bansal",541323.18,168
10735,"Sahil Singh",541215.62,169
10210,"Kavya Sinha",540094.82,170
14410,"Neha Singh",539268.85,171
11450,"Neha Kumar",538608.76,172
13929,"Ankit Kumar",538477.49,173
12050,"Varun Patel",536992.52,174
13149,"Akash Sinha",535690.51,175
14990,"Varun Jain",534989.4,176
14922,"Ankit Mishra",534935.3,177
10241,"Karan Jain",534710.94,178
10775,"Pooja Jain",534578.82,179
12145,"Vivaan Sinha",534050.16,180
11833,"Vivaan Gupta",533879.81,181
12912,"Aman Gupta",531637.92,182
12027,"Karan Kumar",530589.99,183
13011,"Isha Shah",530384.42,184
14932,"Himanshu Chauhan",530292.53,185
10344,"Riya Tiwari",529524.24,186
11249,"Aarav Sharma",528473.94,187
13985,"Sneha Singh",528470.11,188
11880,"Simran Gupta",528426.55,189
12771,"Vivaan Sharma",527675.66,190
14425,"Varun Agarwal",526620.22,191
14977,"Vikas Bansal",525023.63,192
12199,"Rohan Bansal",524265.2,193
14376,"Aarav Srivastava",524223.27,194
13634,"Vikas Agarwal",523946.33,195
13033,"Rohit Malhotra",523572.65,196
12424,"Akash Bansal",523246.86,197
11875,"Aarav Srivastava",522840.12,198
10571,"Aditya Bansal",522653.75,199
12750,"Aman Verma",521879.25,200
11402,"Riya Bansal",520495.65,201
14630,"Sahil Mishra",520328.28,202
14326,"Riya Joshi",519935.02,203
13972,"Isha Bansal",519918.42,204
14153,"Mohit Chauhan",519548.7,205
10536,"Isha Verma",519381.76,206
14880,"Aarav Chauhan",518873.35,207
12444,"Abhishek Patel",518512.1,208
11147,"Arjun Singh",517767.94,209
11499,"Aman Malhotra",517475.35,210
11950,"Abhishek Jain",517266.16,211
12120,"Karan Patel",516181.49,212
14427,"Neha Gupta",515387.61,213
11380,"Abhishek Singh",515305.31,214
12253,"Isha Chauhan",514882.22,215
10754,"Neha Kapoor",513811.64,216
14975,"Sahil Srivastava",513626.12,217
13330,"Mohit Kumar",511441.93,218
14994,"Nikhil Mehta",511071.21,219
10858,"Simran Patel",511015.6,220
14256,"Himanshu Sinha",510527.65,221
12819,"Yash Sinha",509963.82,222
12763,"Isha Shah",509839.11,223
12720,"Rohan Kumar",507721.77,224
10866,"Vikas Shah",506938.16,225
12422,"Kavya Srivastava",506395.66,226
10914,"Rahul Kapoor",506380.72,227
11738,"Neeraj Kapoor",505733.46,228
10848,"Pooja Patel",504876.24,229
14894,"Ananya Joshi",504643.4,230
10750,"Isha Jain",503790.99,231
14215,"Karan Sharma",503376.57,232
13225,"Nikhil Kapoor",503313.64,233
14643,"Neeraj Malhotra",502747.88,234
14210,"Karan Joshi",502565.69,235
13573,"Akash Yadav",502368.02,236
11257,"Kavya Shah",502216.45,237
13749,"Karan Singh",501786.62,238
12091,"Vikas Chauhan",501072.68,239
14081,"Karan Kumar",500880.98,240
13421,"Nikhil Srivastava",499408.78,241
11987,"Sneha Bansal",499147.72,242
10701,"Sneha Sharma",499107.35,243
12724,"Aman Singh",498937.06,244
11623,"Riya Jain",498361.83,245
10211,"Mohit Kumar",497689.52,246
12664,"Aditya Shah",496812.1,247
10943,"Arjun Malhotra",496225.62,248
11130,"Simran Shah",496070.97,249
12058,"Mohit Malhotra",495411.51,250
13483,"Sneha Jain",494166.82,251
11579,"Abhishek Malhotra",493861.67,252
13738,"Neeraj Gupta",493685.98,253
11446,"Sahil Chauhan",493318.19,254
13166,"Rohan Singh",492085.58,255
13584,"Rohit Kapoor",491756.03,256
11383,"Yash Bansal",491707.65,257
10995,"Ananya Chauhan",491050.78,258
13944,"Rohit Chauhan",490383.54,259
11726,"Yash Bansal",490086.1,260
14678,"Aditya Joshi",489991.71,261
10718,"Kavya Shah",489548.82,262
11745,"Arjun Singh",489015.53,263
12586,"Abhishek Sharma",488947.95,264
13976,"Aditi Yadav",488032.39,265
12327,"Sneha Joshi",486132.23,266
14709,"Neha Srivastava",485878.1,267
14219,"Akash Kapoor",485722.03,268
14519,"Arjun Tiwari",485343.16,269
14363,"Aditya Malhotra",485276.1,270
10397,"Neha Kapoor",484362.8,271
14831,"Abhishek Sharma",483478.95,272
11255,"Kavya Chauhan",483358.91,273
14004,"Mohit Singh",482936.42,274
11024,"Ananya Agarwal",482653.48,275
10035,"Neha Patel",481393.35,276
10972,"Yash Kumar",481343.96,277
11099,"Kavya Srivastava",481043.6,278
10919,"Abhishek Sinha",478982.34,279
14311,"Vivaan Tiwari",478138.18,280
10675,"Varun Kumar",477874.38,281
10354,"Rohit Shah",477706.96,282
12838,"Aarav Agarwal",477423.11,283
13348,"Aditi Chauhan",477342.72,284
12743,"Aarav Malhotra",477150.71,285
13241,"Pooja Kumar",476506.31,286
10136,"Kavya Yadav",476213.11,287
11457,"Aarav Chauhan",476031.69,288
10918,"Varun Shah",475968.37,289
14971,"Neeraj Sinha",475271.85,290
12618,"Sneha Verma",474847.15,291
12804,"Neha Bansal",474817.2,292
10923,"Sahil Malhotra",474524.59,293
13379,"Rohan Singh",474063.23,294
10567,"Aman Kapoor",473983.57,295
10725,"Aditi Sinha",473749.27,296
14352,"Rahul Verma",473722.03,297
11852,"Nikhil Agarwal",473199.02,298
11574,"Karan Gupta",472150.06,299
13674,"Abhishek Sharma",471953.6,300
10055,"Arjun Chauhan",471545.15,301
13280,"Arjun Srivastava",471433.49,302
14503,"Mohit Kumar",471076.17,303
13287,"Isha Singh",470821.02,304
14066,"Pooja Shah",470548.06,305
14175,"Aditi Agarwal",470483.89,306
12241,"Mohit Kumar",470059.27,307
12945,"Yash Kapoor",469945.7,308
10610,"Rohit Gupta",469438.3,309
12416,"Akash Joshi",469183.48,310
13249,"Riya Singh",468816.91,311
12467,"Ananya Sharma",468585.67,312
12902,"Ankit Srivastava",468511.52,313
13169,"Neeraj Chauhan",467903.75,314
11354,"Vikas Gupta",467872.03,315
12266,"Abhishek Jain",467739.39,316
14348,"Nikhil Kumar",467591.94,317
14435,"Ananya Srivastava",466765.66,318
12962,"Aarav Singh",466630.35,319
11190,"Sneha Tiwari",466471.66,320
14515,"Kavya Sharma",466283.91,321
12295,"Aman Tiwari",465280.95,322
14095,"Neeraj Kumar",465088.72,323
10174,"Yash Mehta",464807.54,324
10427,"Arjun Kapoor",464440.43,325
14556,"Akash Tiwari",463651,326
12413,"Aditi Shah",463309.3,327
14110,"Nikhil Sharma",462945.61,328
11760,"Yash Agarwal",462392.89,329
14191,"Pooja Joshi",461716.39,330
11761,"Kavya Chauhan",461655.45,331
12864,"Abhishek Jain",460949.8,332
12675,"Vikas Srivastava",460785.89,333
11556,"Aarav Singh",460197.98,334
11965,"Neha Bansal",460071.82,335
14102,"Yash Verma",459940.67,336
10825,"Aman Bansal",459883.39,337
12132,"Ananya Srivastava",459824.56,338
10155,"Sahil Bansal",459770.58,339
13373,"Kavya Shah",459186.48,340
12228,"Mohit Mehta",458721.31,341
14335,"Rahul Kapoor",458417.27,342
14145,"Vivaan Shah",458153.93,343
14773,"Pooja Yadav",458002.9,344
14211,"Ananya Jain",457891.29,345
13349,"Abhishek Malhotra",456774.59,346
12929,"Karan Verma",456686.41,347
14974,"Karan Singh",456376.78,348
11073,"Aditi Bansal",456374.41,349
14781,"Arjun Srivastava",456356.67,350
11877,"Aman Tiwari",455909.41,351
13321,"Aditi Shah",454151.97,352
12305,"Rohit Srivastava",453838.09,353
10783,"Neeraj Tiwari",453668.22,354
14513,"Mohit Chauhan",453329.61,355
11171,"Simran Agarwal",453134.54,356
11331,"Karan Sinha",452926.34,357
12952,"Vikas Malhotra",452093.54,358
12201,"Vivaan Mishra",451886.6,359
11963,"Ankit Bansal",451489.75,360
11076,"Neeraj Patel",451481.57,361
14458,"Isha Tiwari",450756.07,362
11627,"Aditya Verma",450653.05,363
10260,"Isha Joshi",450457.72,364
11807,"Himanshu Mehta",449786.92,365
13427,"Aman Mishra",449474.36,366
10473,"Himanshu Sharma",449428.03,367
12719,"Rohan Sinha",448045.53,368
10061,"Rohit Agarwal",448036.28,369
14390,"Simran Kapoor",447376.6,370
12824,"Ankit Malhotra",447197.7,371
11615,"Neeraj Kumar",446760.56,372
10087,"Sahil Gupta",446513.25,373
14824,"Rohan Verma",445628.96,374
11341,"Pooja Tiwari",445507.12,375
13698,"Arjun Sinha",444560.92,376
13596,"Vivaan Yadav",443915.99,377
12043,"Varun Mishra",443768.24,378
12799,"Isha Shah",442509.03,379
14675,"Yash Shah",442247.27,380
10706,"Isha Yadav",441837.6,381
12162,"Simran Malhotra",441519.79,382
14853,"Yash Sinha",441260.55,383
10829,"Vivaan Sinha",440566.76,384
14386,"Karan Agarwal",440487.25,385
14030,"Himanshu Verma",439569.74,386
12362,"Simran Srivastava",439325.93,387
12384,"Priya Joshi",438732.22,388
13833,"Akash Tiwari",438565.91,389
13607,"Isha Tiwari",438360.83,390
13143,"Varun Shah",438243.81,391
12329,"Aditi Srivastava",437480.77,392
13162,"Kavya Srivastava",436504.21,393
13017,"Rohan Sharma",436427.8,394
13649,"Mohit Sharma",436274.1,395
10309,"Simran Kapoor",436239.23,396
11542,"Ankit Verma",435265.96,397
10109,"Arjun Gupta",435232.47,398
14716,"Arjun Jain",434528.93,399
14574,"Akash Kapoor",433232.66,400
13417,"Sahil Chauhan",432877.73,401
14465,"Rohit Patel",432705.89,402
14042,"Aditi Mishra",431411.85,403
11070,"Ananya Malhotra",430921.63,404
12313,"Neha Mehta",430638.78,405
12363,"Neeraj Malhotra",430333.41,406
14710,"Isha Jain",428952.55,407
11811,"Aditya Sharma",428730.98,408
12370,"Aditya Gupta",428693.41,409
11265,"Aman Verma",428693.37,410
10491,"Vivaan Mishra",428385.49,411
10981,"Rohan Chauhan",428370.72,412
11494,"Vikas Sharma",428157.83,413
12542,"Pooja Joshi",427872.03,414
13603,"Neeraj Malhotra",427811.8,415
12356,"Sneha Mehta",427419.89,416
11060,"Riya Chauhan",426687.95,417
10587,"Aditya Tiwari",426562.6,418
12153,"Ankit Bansal",426180.19,419
12420,"Priya Mehta",425876.39,420
11391,"Kavya Sinha",425758.01,421
12645,"Karan Mehta",425577.97,422
11021,"Pooja Joshi",425319.61,423
10820,"Aman Kapoor",424761.25,424
14310,"Vikas Singh",424560.65,425
10390,"Riya Srivastava",424295.39,426
11394,"Nikhil Malhotra",424252.62,427
13054,"Neeraj Patel",423870.24,428
12597,"Nikhil Chauhan",423703.52,429
12410,"Kavya Chauhan",423539.4,430
11075,"Karan Sharma",423512.66,431
12064,"Priya Jain",423077.47,432
11117,"Aditya Jain",422869.44,433
11500,"Rohan Mehta",422054.38,434
11514,"Varun Yadav",421911.26,435
11611,"Varun Tiwari",421453.96,436
14475,"Vivaan Mehta",421330.06,437
10099,"Yash Mehta",421234.61,438
11986,"Mohit Agarwal",420854.28,439
14883,"Aarav Patel",420847.23,440
14124,"Himanshu Yadav",420695.89,441
13902,"Simran Gupta",420171.72,442
10977,"Vivaan Sharma",419689.59,443
11145,"Varun Gupta",419555.21,444
14072,"Mohit Mishra",419411.12,445
12054,"Aman Patel",419062.68,446
13860,"Aditi Patel",418928.81,447
11707,"Mohit Joshi",418661.52,448
13157,"Vivaan Jain",418272.93,449
10412,"Yash Patel",418186.54,450
13031,"Varun Chauhan",417842.13,451
14324,"Abhishek Chauhan",417530.83,452
13783,"Nikhil Yadav",417344.61,453
13207,"Simran Mehta",416218.41,454
12876,"Rahul Shah",416082.56,455
12594,"Simran Tiwari",416065.95,456
13177,"Abhishek Agarwal",415239.53,457
14347,"Rahul Shah",415231.56,458
12018,"Vivaan Jain",414761.75,459
13244,"Sahil Singh",414574.42,460
13508,"Mohit Joshi",413836.07,461
13351,"Simran Joshi",413617.82,462
10542,"Rahul Joshi",413540.85,463
10876,"Abhishek Srivastava",413490.87,464
14437,"Aditi Joshi",413475.14,465
14258,"Akash Joshi",413431.95,466
10340,"Rohit Malhotra",412870,467
11193,"Yash Singh",412599.59,468
13832,"Himanshu Agarwal",412281.22,469
14777,"Himanshu Jain",412041.43,470
10149,"Neeraj Kumar",411350.74,471
10425,"Kavya Jain",411095.91,472
12375,"Sahil Mehta",411026.83,473
10928,"Simran Kumar",410746.86,474
11502,"Rohan Kumar",410729.58,475
14561,"Rohit Srivastava",410698.05,476
14180,"Vikas Sinha",409935.91,477
11268,"Vivaan Kapoor",409542.29,478
10216,"Vikas Tiwari",409177.09,479
13100,"Riya Patel",409143.23,480
12503,"Arjun Joshi",409052.09,481
12736,"Riya Verma",409049.25,482
13937,"Mohit Mishra",408666.96,483
12670,"Rahul Chauhan",407626.19,484
13245,"Arjun Jain",407413.79,485
14292,"Ankit Kapoor",407135.81,486
12910,"Aditi Srivastava",406682.84,487
11712,"Arjun Agarwal",406681.42,488
10613,"Akash Joshi",405821.2,489
12374,"Pooja Patel",405754.44,490
12610,"Neeraj Malhotra",405079.64,491
11787,"Pooja Verma",405024.97,492
14275,"Arjun Bansal",404974.27,493
14422,"Pooja Gupta",404715.01,494
11592,"Abhishek Kapoor",404574.77,495
11961,"Yash Tiwari",404100.32,496
11910,"Riya Agarwal",403969.19,497
10551,"Neha Kumar",403930.59,498
13666,"Ananya Sinha",403918.53,499
13125,"Priya Sinha",403779.51,500
11068,"Nikhil Shah",403572.36,501
11930,"Karan Mehta",403322.85,502
10482,"Priya Shah",403134.66,503
14862,"Varun Bansal",403073.05,504
13661,"Priya Joshi",402882.81,505
14197,"Sneha Agarwal",402842.56,506
12222,"Sahil Singh",401224.38,507
11820,"Vivaan Shah",400720.98,508
10176,"Isha Yadav",400545.72,509
10742,"Riya Sharma",400249.15,510
14600,"Vivaan Malhotra",400178.16,511
13402,"Ananya Jain",399222.26,512
11547,"Ankit Srivastava",399206.22,513
13979,"Mohit Chauhan",399148.58,514
13264,"Aditya Kumar",399134.64,515
14638,"Simran Jain",398834.86,516
13174,"Neeraj Sinha",398609.75,517
13184,"Isha Sharma",398031.41,518
13675,"Yash Shah",397908.18,519
14083,"Isha Kapoor",397808.14,520
12620,"Arjun Verma",397611.78,521
14166,"Kavya Kapoor",397501.57,522
13340,"Arjun Joshi",397467.73,523
13108,"Ananya Joshi",397448.66,524
12152,"Abhishek Patel",396722.08,525
14946,"Himanshu Singh",396512.45,526
14456,"Yash Srivastava",395848.99,527
11735,"Arjun Verma",395750.47,528
14605,"Sahil Tiwari",395287.81,529
10786,"Neeraj Chauhan",395181.39,530
14378,"Akash Kumar",394978.04,531
14619,"Rohan Singh",394967.29,532
12334,"Neha Yadav",394782.48,533
14829,"Aarav Bansal",394156.22,534
14836,"Vikas Mehta",394076.53,535
12203,"Sneha Mishra",394020.39,536
10503,"Aman Gupta",393975.33,537
13948,"Neeraj Jain",393910.63,538
13308,"Pooja Chauhan",393707.85,539
14995,"Aarav Bansal",393257.73,540
14507,"Kavya Verma",392976.96,541
12346,"Sneha Mishra",392234.16,542
12285,"Isha Bansal",392060.65,543
11165,"Vivaan Shah",392022.11,544
10714,"Isha Sharma",391941.86,545
10698,"Ananya Sharma",391891.81,546
14259,"Akash Singh",391823.87,547
11821,"Himanshu Chauhan",391119.7,548
13943,"Riya Bansal",390350.77,549
12562,"Rohan Sharma",389446.65,550
14237,"Himanshu Kumar",389117.41,551
11904,"Rohan Jain",388525.17,552
12561,"Arjun Bansal",387909.17,553
14737,"Himanshu Kumar",387551.58,554
11591,"Sahil Chauhan",387141.06,555
13257,"Ananya Jain",386344.13,556
10872,"Nikhil Singh",386179.89,557
14822,"Himanshu Joshi",385888.6,558
11348,"Ananya Jain",385391.18,559
13611,"Vikas Kapoor",384484.53,560
12084,"Mohit Kapoor",384137.86,561
12506,"Aman Gupta",383924.06,562
11932,"Isha Agarwal",383873.91,563
14539,"Neeraj Chauhan",383673.25,564
14143,"Kavya Verma",383217.21,565
11485,"Vikas Kapoor",383195.11,566
11755,"Karan Gupta",382921.68,567
10262,"Ankit Singh",382748.18,568
14248,"Karan Sinha",382050.56,569
13568,"Isha Bansal",382043.44,570
10366,"Aman Gupta",381939.25,571
13688,"Vikas Kapoor",381504.11,572
11886,"Aditi Singh",381297.98,573
14887,"Yash Verma",380273.4,574
14394,"Simran Agarwal",380131.73,575
13160,"Rohit Chauhan",379917.72,576
11281,"Rahul Agarwal",378443.07,577
10511,"Arjun Yadav",378162.51,578
13965,"Mohit Yadav",377798.99,579
13345,"Ananya Mehta",377784.47,580
10292,"Pooja Srivastava",377345.91,581
10689,"Isha Agarwal",376707.72,582
11896,"Sneha Patel",376679.12,583
13382,"Aarav Shah",376425.51,584
12083,"Pooja Singh",376344.42,585
14525,"Kavya Singh",376039.49,586
11438,"Ananya Jain",375880.73,587
11454,"Mohit Tiwari",375828.28,588
12803,"Varun Gupta",375794.46,589
12694,"Ankit Chauhan",375635.59,590
14633,"Vikas Kumar",375511.26,591
12418,"Rohan Malhotra",375298.71,592
10305,"Nikhil Chauhan",375239.96,593
10393,"Akash Sinha",375160.04,594
14700,"Arjun Tiwari",374923.86,595
14616,"Vivaan Bansal",374841.93,596
13627,"Yash Yadav",374651.13,597
14527,"Aditi Kapoor",374529.18,598
12989,"Pooja Patel",374458.64,599
12014,"Sahil Patel",374417.02,600
10764,"Ankit Mishra",374274.24,601
12780,"Priya Malhotra",373901.7,602
10296,"Rohit Shah",373748.95,603
11210,"Arjun Mehta",373597.28,604
12931,"Rohit Malhotra",373060.65,605
12832,"Kavya Kapoor",373040.83,606
13908,"Abhishek Jain",372820.92,607
11825,"Arjun Mehta",372811.37,608
14332,"Yash Tiwari",372527.9,609
11927,"Vivaan Kumar",372367.58,610
14129,"Rahul Mishra",371773.72,611
14298,"Rohan Kumar",371453.34,612
10534,"Riya Sharma",371430.02,613
10875,"Isha Singh",371124.49,614
11631,"Neeraj Mishra",371065.39,615
13381,"Vikas Singh",371040.26,616
14340,"Rohit Jain",370630.55,617
12431,"Pooja Patel",370533.64,618
12767,"Aman Mehta",370527.66,619
14207,"Akash Malhotra",370501.8,620
13479,"Aditya Chauhan",370239.13,621
14385,"Nikhil Patel",370014.11,622
11384,"Priya Singh",370006.25,623
13613,"Aditya Bansal",369957.3,624
10418,"Abhishek Shah",369708.49,625
10369,"Himanshu Gupta",369128.34,626
10813,"Riya Mishra",368747.02,627
11898,"Priya Agarwal",368673.06,628
10909,"Nikhil Jain",368171.27,629
12081,"Priya Kumar",368047.88,630
14345,"Priya Srivastava",367608.76,631
10284,"Ananya Sharma",367418.63,632
13179,"Arjun Bansal",366412.78,633
13566,"Kavya Gupta",366323.12,634
14308,"Karan Yadav",366162.09,635
11077,"Yash Kumar",366148.9,636
14739,"Ananya Srivastava",365940.97,637
14542,"Priya Jain",365703.22,638
10694,"Priya Malhotra",365348.22,639
10382,"Abhishek Singh",365269.88,640
11385,"Simran Kumar",365119.06,641
14681,"Rohit Kapoor",364825.54,642
12451,"Aditi Patel",364719.19,643
13413,"Priya Shah",364424.85,644
12921,"Aman Singh",364370.3,645
12337,"Aman Srivastava",364326.81,646
14639,"Neha Srivastava",363676.78,647
10665,"Nikhil Mehta",363561.71,648
12223,"Varun Yadav",363328.79,649
13906,"Isha Joshi",363141.79,650
11176,"Simran Malhotra",363016.51,651
10897,"Yash Bansal",362928.74,652
13677,"Sahil Sinha",362473.84,653
10121,"Isha Tiwari",362173.3,654
10844,"Aditya Shah",361904.47,655
10431,"Nikhil Sharma",361759.64,656
10081,"Neha Mishra",361517.91,657
12938,"Aditi Mishra",361481.66,658
11223,"Neeraj Gupta",361220.36,659
14799,"Pooja Mishra",360769.85,660
13730,"Pooja Yadav",360241.98,661
12809,"Ananya Verma",359968.42,662
10060,"Pooja Kumar",359824.81,663
13507,"Abhishek Agarwal",359807.67,664
10019,"Ananya Sharma",359480.71,665
10209,"Rahul Mehta",359435.32,666
11817,"Arjun Bansal",359287.2,667
13364,"Rahul Jain",359238.09,668
12269,"Arjun Joshi",358675.04,669
12537,"Varun Sinha",358554.62,670
12097,"Riya Srivastava",358495.13,671
14945,"Aditi Sinha",358349.38,672
14699,"Arjun Gupta",357680.68,673
13078,"Abhishek Sharma",357490.71,674
12549,"Aman Tiwari",356987.97,675
12310,"Vikas Singh",356952.44,676
11020,"Akash Sinha",356767.63,677
10686,"Abhishek Singh",356721.04,678
12355,"Rahul Tiwari",356665.21,679
14875,"Aman Mehta",356516.52,680
11945,"Aditya Bansal",356073.37,681
14965,"Rohit Mishra",356058.16,682
14319,"Mohit Sharma",355591.93,683
11254,"Abhishek Kumar",355150.86,684
14140,"Karan Verma",354979.74,685
13302,"Neha Bansal",354907.95,686
10892,"Pooja Sharma",354687.45,687
14484,"Abhishek Chauhan",354659.24,688
10830,"Karan Chauhan",354515.62,689
10649,"Vikas Verma",354088.87,690
12940,"Himanshu Tiwari",353843.09,691
11531,"Arjun Jain",353828.57,692
13288,"Isha Shah",353568.18,693
11929,"Yash Kapoor",353346.4,694
10779,"Sahil Kapoor",352567.48,695
13039,"Sahil Shah",352525.05,696
10315,"Arjun Sharma",352510.8,697
14074,"Himanshu Bansal",351883.05,698
11320,"Varun Agarwal",351673.09,699
14108,"Isha Verma",351210.25,700
11118,"Nikhil Tiwari",351089.7,701
14823,"Abhishek Singh",350445.38,702
14536,"Mohit Sinha",350373.54,703
10657,"Vivaan Mishra",350313.97,704
13355,"Vivaan Sinha",349813.13,705
11638,"Aditya Sinha",349712.2,706
10049,"Rohan Singh",349585.88,707
13795,"Vikas Bansal",349530.69,708
14645,"Ankit Agarwal",349190.58,709
12245,"Arjun Singh",349034.29,710
12263,"Neeraj Srivastava",348901.17,711
14567,"Rahul Jain",348572.31,712
10767,"Aditi Mehta",348474.03,713
13564,"Kavya Mishra",347563.97,714
12429,"Arjun Verma",347363.88,715
13063,"Varun Singh",347326.67,716
11751,"Ananya Patel",346764.35,717
11146,"Abhishek Shah",346701.02,718
12197,"Vikas Shah",346435.74,719
12033,"Sahil Sharma",346405.84,720
14819,"Aman Jain",346109,721
14720,"Nikhil Sharma",345978.97,722
13445,"Rohit Bansal",345784.82,723
10286,"Sneha Chauhan",345701.65,724
14776,"Himanshu Malhotra",345625.1,725
13038,"Mohit Jain",345606.33,726
12756,"Himanshu Agarwal",345143.32,727
14161,"Aman Malhotra",344817.48,728
14419,"Himanshu Joshi",344765.86,729
11827,"Rahul Tiwari",344671.86,730
12289,"Sahil Patel",344265.58,731
13003,"Simran Verma",344064.93,732
13265,"Aditi Kapoor",343643.96,733
12229,"Aditi Jain",343505.99,734
11131,"Akash Verma",343479.47,735
13188,"Akash Kumar",343218.01,736
14867,"Sneha Chauhan",342874.91,737
14134,"Vivaan Joshi",342794.5,738
14242,"Sahil Singh",342652.01,739
10301,"Rahul Patel",342108.18,740
14743,"Sahil Kumar",342033.77,741
14512,"Sahil Verma",341753.83,742
11583,"Himanshu Patel",341512.02,743
11845,"Ankit Shah",341272.32,744
12270,"Arjun Mehta",341071.62,745
14876,"Aditi Sharma",340972.8,746
14302,"Isha Chauhan",340840.33,747
12703,"Aditya Sinha",340776.44,748
11922,"Himanshu Jain",340552.68,749
14046,"Neha Verma",340428.62,750
11659,"Akash Patel",340156.87,751
13247,"Rohit Chauhan",339815.53,752
11788,"Ankit Shah",339774.13,753
13086,"Akash Kapoor",339424.05,754
11587,"Himanshu Jain",338810.63,755
11917,"Himanshu Jain",338744.85,756
14522,"Ankit Yadav",338410.12,757
14379,"Himanshu Malhotra",338272.63,758
14842,"Vivaan Kapoor",338216.33,759
11153,"Varun Mehta",338100.94,760
13028,"Sahil Gupta",337911.99,761
14666,"Aman Mishra",337818.84,762
11086,"Karan Yadav",337770.94,763
10071,"Sneha Srivastava",337663.31,764
10605,"Mohit Kumar",337415.07,765
11958,"Priya Kapoor",337231.16,766
11208,"Isha Tiwari",337173.84,767
14450,"Pooja Verma",337101.91,768
14752,"Aditya Chauhan",336611.98,769
13765,"Arjun Tiwari",336393.46,770
11772,"Neha Bansal",336331.83,771
14863,"Abhishek Sinha",336316.84,772
12436,"Sneha Verma",336225.43,773
12714,"Vivaan Gupta",336013.49,774
11952,"Aditi Gupta",335716.97,775
14960,"Yash Shah",335669.53,776
14918,"Aman Mishra",335262.23,777
14553,"Ankit Patel",335238.01,778
12477,"Aarav Patel",335185.16,779
13528,"Varun Patel",334966.38,780
12137,"Arjun Srivastava",334929.02,781
11552,"Sneha Verma",334872.72,782
14011,"Rohan Joshi",334790.85,783
10683,"Mohit Sinha",334731.6,784
13441,"Aditi Kumar",334324.31,785
14196,"Rohit Sharma",332829.25,786
10617,"Pooja Malhotra",332826.12,787
13705,"Sneha Sinha",332559.46,788
12489,"Kavya Jain",332073.39,789
10744,"Aditya Mehta",332030.65,790
13620,"Yash Kumar",331322.54,791
14271,"Karan Jain",331290.96,792
10819,"Vikas Jain",330789.04,793
11491,"Abhishek Mehta",330642.46,794
12504,"Abhishek Singh",330445.94,795
11312,"Abhishek Agarwal",329972.15,796
14035,"Arjun Agarwal",329931.23,797
13636,"Aditya Tiwari",329785.93,798
10712,"Abhishek Kumar",329757.03,799
11510,"Akash Tiwari",329638.98,800
10246,"Neha Tiwari",328720.18,801
11655,"Simran Sharma",328432.83,802
12172,"Rahul Gupta",328306.48,803
14497,"Aditya Srivastava",328247.18,804
10925,"Himanshu Shah",328168.6,805
13097,"Abhishek Mehta",328139.31,806
13279,"Rohit Yadav",327719.39,807
13874,"Varun Chauhan",327571.63,808
13586,"Isha Malhotra",327468.73,809
10741,"Nikhil Srivastava",326675.55,810
10808,"Rahul Yadav",326219.21,811
11773,"Rahul Singh",326199.28,812
11743,"Aman Mishra",325970.86,813
10143,"Ankit Agarwal",325946.05,814
11148,"Isha Shah",325914.51,815
10987,"Neha Sharma",325854.16,816
12357,"Priya Tiwari",325111.86,817
14770,"Isha Sharma",324986.57,818
12948,"Rahul Srivastava",324923.21,819
10053,"Neeraj Chauhan",323628.72,820
10874,"Karan Kapoor",323424.35,821
13726,"Pooja Gupta",323397.77,822
10960,"Karan Mishra",323125.72,823
14044,"Rohan Verma",323080.57,824
11001,"Aditi Bansal",323025.31,825
13670,"Abhishek Bansal",322819.29,826
12785,"Simran Mehta",322599.98,827
11977,"Rahul Patel",322089.22,828
12390,"Neeraj Kapoor",321459.46,829
14899,"Aditi Agarwal",320778.43,830
12699,"Himanshu Kumar",320755.1,831
10264,"Himanshu Malhotra",320688.95,832
11396,"Kavya Mehta",320566.66,833
10642,"Riya Sharma",320300.33,834
10326,"Sahil Mehta",319911.61,835
13295,"Mohit Joshi",319888.51,836
14101,"Pooja Yadav",319767.62,837
12991,"Priya Agarwal",319116.08,838
10304,"Sneha Sinha",318760.1,839
12794,"Varun Kapoor",318749.71,840
11554,"Rohit Mehta",318459.2,841
10824,"Aman Verma",318339.09,842
14188,"Ananya Chauhan",318316.26,843
11805,"Vivaan Mehta",318233.96,844
14162,"Mohit Gupta",318120.02,845
11362,"Neha Sharma",317758.76,846
14278,"Mohit Chauhan",317691.08,847
13061,"Ankit Srivastava",317663.88,848
13540,"Vivaan Mehta",317658.15,849
14650,"Neeraj Kumar",317628.92,850
11677,"Ankit Chauhan",317510.97,851
10443,"Mohit Srivastava",317199.98,852
11742,"Rohit Mehta",317126.71,853
14432,"Vivaan Agarwal",316765.38,854
10111,"Karan Shah",316302.7,855
12808,"Simran Srivastava",316172.03,856
12932,"Abhishek Sharma",316163.93,857
13736,"Yash Tiwari",316137.29,858
12942,"Ananya Sharma",316136.64,859
14092,"Neha Verma",315946.23,860
13045,"Aditya Jain",315890.23,861
11819,"Sahil Bansal",315853.56,862
13986,"Aman Patel",315785.6,863
10922,"Simran Sharma",315715.23,864
13932,"Nikhil Yadav",315578.49,865
14642,"Rohan Kapoor",315503.84,866
13785,"Aditi Joshi",315104.6,867
11506,"Arjun Joshi",314948.95,868
12661,"Varun Srivastava",314691.98,869
12893,"Nikhil Verma",314376.29,870
10469,"Aditi Agarwal",314329.37,871
14677,"Yash Chauhan",314059.93,872
13292,"Ananya Sharma",313976.42,873
12861,"Aman Verma",313847.72,874
13009,"Neha Sinha",313843.97,875
13238,"Yash Gupta",313640.08,876
14008,"Riya Srivastava",313633.16,877
13774,"Simran Jain",313337.62,878
12578,"Aditi Chauhan",313203.77,879
11701,"Aarav Kumar",313123.39,880
14969,"Yash Bansal",313053.22,881
14924,"Aditya Mishra",313029.53,882
13210,"Pooja Joshi",312961.37,883
13595,"Akash Malhotra",312684.28,884
10672,"Yash Jain",312624.88,885
11897,"Karan Kapoor",312576.6,886
13415,"Neha Mishra",312340.14,887
12044,"Himanshu Yadav",312282.89,888
12580,"Mohit Mishra",311738.8,889
14558,"Sahil Chauhan",311723.83,890
10639,"Riya Bansal",311503.29,891
12159,"Vikas Sharma",311352.11,892
13053,"Akash Kumar",311304.18,893
13531,"Vikas Bansal",311206.53,894
14851,"Varun Tiwari",310974.97,895
14123,"Nikhil Sinha",310923.15,896
12885,"Neha Yadav",310660.73,897
10953,"Rohan Verma",310616.56,898
13144,"Rohan Kapoor",310566.13,899
14051,"Karan Mishra",310380.18,900
13884,"Vivaan Shah",310300.69,901
12025,"Nikhil Singh",310258.94,902
13294,"Mohit Mishra",310187.09,903
11569,"Akash Jain",310079.11,904
14193,"Riya Jain",309978.22,905
11052,"Akash Joshi",309971.69,906
10184,"Ananya Malhotra",309950.99,907
10769,"Ankit Joshi",309916.11,908
13771,"Kavya Sharma",309626.44,909
13711,"Neha Malhotra",309494.5,910
12500,"Aditi Verma",309447.14,911
10456,"Neha Singh",309333.05,912
12309,"Akash Kumar",308915.79,913
12904,"Vivaan Malhotra",308775.86,914
10409,"Neeraj Chauhan",308288.68,915
12368,"Himanshu Shah",308207.13,916
11482,"Simran Malhotra",307909.14,917
14791,"Rahul Mehta",307756.92,918
10413,"Kavya Mehta",307737.07,919
10170,"Pooja Kapoor",307720.51,920
14729,"Aditya Kumar",307430.48,921
12555,"Himanshu Joshi",307416.47,922
10948,"Himanshu Shah",307255.22,923
14508,"Himanshu Chauhan",307224.61,924
13446,"Ananya Sharma",307180.41,925
11541,"Aarav Kapoor",307085.37,926
12171,"Yash Yadav",307068.25,927
11657,"Aditi Patel",307046.8,928
12588,"Aditya Patel",306790.76,929
13243,"Aman Mehta",306745.47,930
10723,"Yash Jain",306721.62,931
14198,"Vivaan Shah",306236.2,932
14054,"Aditi Chauhan",305827.45,933
14495,"Pooja Srivastava",305791.73,934
11252,"Arjun Verma",305345.44,935
12740,"Rahul Tiwari",305239.54,936
13228,"Aditya Sinha",305059.09,937
13406,"Aarav Tiwari",305038.14,938
12994,"Isha Singh",305013.04,939
12792,"Rohan Tiwari",304758.05,940
12820,"Ankit Shah",304297.14,941
13569,"Mohit Singh",304292.14,942
13831,"Simran Singh",304174.14,943
10165,"Vivaan Singh",304005.15,944
11140,"Abhishek Agarwal",303927.16,945
13513,"Sahil Joshi",303483.37,946
13969,"Vivaan Patel",303422.11,947
13416,"Nikhil Joshi",303329.85,948
13889,"Ananya Jain",303127.39,949
12453,"Ankit Malhotra",302994.64,950
11129,"Simran Malhotra",302934.49,951
14554,"Rohan Verma",302825.71,952
14816,"Arjun Kapoor",302694.43,953
14962,"Vikas Yadav",302601.6,954
11415,"Mohit Verma",302039.35,955
12679,"Mohit Patel",301707.91,956
10634,"Abhishek Jain",301601.33,957
11367,"Pooja Mehta",301442.44,958
10709,"Sneha Sharma",301258.06,959
14742,"Kavya Chauhan",301166.67,960
14520,"Isha Gupta",301040.53,961
10916,"Rahul Shah",300783.75,962
10021,"Varun Jain",300709.86,963
14841,"Riya Srivastava",300483.89,964
11818,"Himanshu Gupta",300301.24,965
12636,"Sahil Yadav",300297.15,966
13455,"Neeraj Shah",300223.91,967
13546,"Aditya Agarwal",299867.05,968
13425,"Vivaan Gupta",299531.85,969
11178,"Simran Srivastava",299118.99,970
11912,"Yash Singh",299085.72,971
14637,"Aman Sinha",298967.96,972
11330,"Aman Kapoor",298899.76,973
11386,"Aman Srivastava",298819.54,974
14492,"Sneha Malhotra",298741.99,975
11164,"Aarav Gupta",298488.2,976
13533,"Nikhil Shah",298461.92,977
10965,"Rohit Srivastava",297880.72,978
14607,"Rohan Kumar",297689.13,979
14007,"Ankit Verma",297610.54,980
12825,"Kavya Sinha",296975.63,981
11057,"Neeraj Chauhan",296852,982
10073,"Himanshu Joshi",296209.41,983
12070,"Rohan Gupta",296085.62,984
14096,"Abhishek Sinha",295846.5,985
11300,"Abhishek Malhotra",295814.81,986
13220,"Abhishek Bansal",295688.98,987
12835,"Varun Singh",295643.52,988
14800,"Simran Yadav",295592.27,989
11618,"Neha Agarwal",295519.92,990
11891,"Abhishek Yadav",295499.56,991
14878,"Rahul Sharma",295426.57,992
10729,"Aditya Patel",295386.64,993
14034,"Karan Mehta",295385.76,994
12668,"Mohit Sharma",294968.16,995
13036,"Sneha Sharma",294778.76,996
14107,"Rohan Shah",294744.27,997
14764,"Ankit Kapoor",294577.32,998
13778,"Nikhil Jain",294528.97,999
11290,"Ananya Agarwal",294507.96,1000
13025,"Aarav Gupta",294326.83,1001
10029,"Abhishek Srivastava",294249.7,1002
10677,"Vivaan Kumar",294231.02,1003
12412,"Vivaan Kapoor",294026.11,1004
11292,"Aditi Bansal",293609.4,1005
12897,"Varun Kapoor",293396.5,1006
12818,"Simran Kumar",293153.15,1007
11393,"Priya Tiwari",293117.28,1008
14682,"Kavya Mishra",292632.87,1009
13438,"Himanshu Shah",292297.04,1010
13557,"Vikas Mehta",292272.46,1011
10436,"Vikas Chauhan",292169.33,1012
13835,"Karan Agarwal",292103.38,1013
13719,"Simran Mehta",292093.6,1014
11871,"Sneha Bansal",292056.92,1015
10940,"Simran Agarwal",291716.36,1016
13456,"Isha Shah",291656.57,1017
10084,"Sneha Sharma",291550.67,1018
13587,"Aditi Gupta",291405.96,1019
14320,"Akash Singh",291071.55,1020
11447,"Aarav Joshi",290635.32,1021
13551,"Aarav Bansal",290524.76,1022
10681,"Abhishek Bansal",290046.99,1023
13429,"Abhishek Verma",289924.16,1024
12000,"Neeraj Srivastava",289790.55,1025
13317,"Sahil Singh",289623.92,1026
10658,"Nikhil Srivastava",289527.84,1027
12603,"Arjun Malhotra",289343.54,1028
11158,"Karan Patel",289198.46,1029
11120,"Nikhil Sharma",288794.81,1030
14693,"Simran Agarwal",288575.91,1031
10615,"Abhishek Verma",288523.31,1032
10394,"Arjun Singh",288271.76,1033
13470,"Varun Patel",288186.85,1034
14228,"Aarav Verma",287970.76,1035
10086,"Arjun Sharma",287966.1,1036
11692,"Ankit Jain",287918.28,1037
10384,"Kavya Bansal",287826.77,1038
14925,"Ankit Kumar",287821.76,1039
10833,"Priya Mishra",287634.25,1040
12604,"Himanshu Kumar",287356.69,1041
12735,"Varun Sharma",287298.43,1042
12341,"Neha Tiwari",287276.64,1043
14843,"Aman Jain",287260.81,1044
11063,"Aman Chauhan",287095.16,1045
13412,"Abhishek Srivastava",286931.09,1046
14464,"Ananya Kapoor",286793.44,1047
10762,"Neeraj Agarwal",286789.42,1048
10380,"Nikhil Shah",286748.31,1049
14299,"Mohit Yadav",286494.11,1050
12425,"Rohan Kapoor",286054.89,1051
10336,"Simran Gupta",285999.36,1052
11822,"Priya Yadav",285910.55,1053
12052,"Arjun Patel",285711.81,1054
10667,"Aditi Shah",285620.94,1055
13691,"Isha Yadav",285390.61,1056
11422,"Rohit Mehta",284900.18,1057
14594,"Rahul Malhotra",284799.54,1058
14247,"Rohit Joshi",284722.57,1059
10489,"Priya Joshi",284470.3,1060
12623,"Aditya Gupta",284306.94,1061
13152,"Neeraj Gupta",284277.32,1062
14708,"Pooja Jain",284222.19,1063
13346,"Priya Mehta",283989.65,1064
14126,"Aditi Sinha",283857.9,1065
11585,"Akash Verma",283729.37,1066
10290,"Simran Shah",283684.77,1067
11800,"Mohit Kumar",283571.88,1068
10123,"Simran Patel",283455.91,1069
11029,"Riya Joshi",283276.13,1070
13367,"Karan Joshi",283193.1,1071
14374,"Yash Gupta",282937.15,1072
14753,"Varun Joshi",282675,1073
12049,"Aditya Kapoor",282598.05,1074
11727,"Yash Sinha",282436.04,1075
13759,"Aditya Gupta",282385.96,1076
10157,"Yash Verma",282272.24,1077
13458,"Rohan Joshi",281930,1078
12868,"Priya Yadav",281829.53,1079
12560,"Akash Srivastava",281711.4,1080
13694,"Riya Mishra",281615.2,1081
13662,"Yash Bansal",281287.15,1082
12563,"Aditi Kapoor",280742.08,1083
11136,"Abhishek Tiwari",280452.31,1084
11327,"Yash Yadav",280131,1085
11505,"Aditi Patel",280118.84,1086
10703,"Aarav Jain",280030,1087
13395,"Himanshu Mehta",279908.51,1088
14055,"Rohan Tiwari",279670.12,1089
13825,"Ananya Sharma",279498.24,1090
13062,"Aarav Mishra",279471.12,1091
14998,"Rohan Mehta",279465.76,1092
10978,"Pooja Sharma",279315.12,1093
13453,"Rohit Chauhan",278997.71,1094
14105,"Pooja Malhotra",278804.92,1095
14761,"Riya Malhotra",278463.93,1096
13435,"Vikas Chauhan",278431.7,1097
10994,"Neeraj Kapoor",277994.41,1098
11626,"Priya Sinha",277576.57,1099
10592,"Sahil Tiwari",277474.84,1100
13212,"Aman Shah",277279.95,1101
12191,"Aman Kapoor",277099.88,1102
14100,"Himanshu Yadav",277029.79,1103
13462,"Sahil Shah",276789.57,1104
10721,"Riya Bansal",276751.32,1105
10959,"Rohan Bansal",276697.57,1106
12185,"Himanshu Sharma",276507.09,1107
10243,"Neha Gupta",276341.08,1108
12126,"Varun Chauhan",276337.45,1109
12360,"Aman Srivastava",276070.73,1110
13837,"Neha Singh",275550.03,1111
12491,"Abhishek Sinha",275487.77,1112
13305,"Himanshu Mishra",275486.43,1113
14216,"Vivaan Sinha",275375.24,1114
13609,"Vivaan Malhotra",275355.36,1115
12455,"Isha Mehta",275343.22,1116
11893,"Sneha Yadav",275268.24,1117
10280,"Karan Verma",275093.33,1118
13284,"Rohan Sinha",275045.86,1119
12656,"Riya Mishra",275004.16,1120
14221,"Varun Sinha",274961.61,1121
14847,"Aman Joshi",274931,1122
12202,"Akash Agarwal",274284.19,1123
14944,"Himanshu Patel",274281.9,1124
11790,"Karan Shah",274239.84,1125
11258,"Aarav Kapoor",274050.91,1126
11874,"Vikas Malhotra",274010.76,1127
10195,"Aarav Jain",273861.33,1128
10279,"Aditya Malhotra",273845.04,1129
11398,"Ananya Srivastava",273773.88,1130
13534,"Himanshu Agarwal",273609.42,1131
10738,"Riya Gupta",273433.39,1132
11079,"Ananya Gupta",273243.64,1133
13163,"Aarav Singh",273220.98,1134
14711,"Rohan Jain",273208.51,1135
11308,"Arjun Sharma",273137.13,1136
12917,"Karan Agarwal",272951.75,1137
12407,"Yash Verma",272921.14,1138
12403,"Ananya Kapoor",272865.3,1139
14609,"Pooja Singh",272853.69,1140
12101,"Vivaan Kapoor",272804.63,1141
10496,"Ananya Mishra",272773.95,1142
12627,"Rahul Agarwal",272515.21,1143
13966,"Arjun Kapoor",271916.5,1144
12619,"Aman Singh",271697.06,1145
11040,"Vivaan Singh",271496.11,1146
14389,"Himanshu Singh",271355.82,1147
11577,"Priya Joshi",271350.53,1148
10852,"Aditi Singh",271198.73,1149
10969,"Isha Gupta",271182.9,1150
10457,"Sahil Sharma",271082.06,1151
13075,"Rohan Gupta",271044.43,1152
10758,"Vikas Jain",270957.55,1153
13806,"Aman Bansal",270924.83,1154
13460,"Abhishek Chauhan",270870.66,1155
13919,"Priya Kapoor",270857.82,1156
11709,"Priya Mehta",270704.75,1157
12067,"Sahil Kumar",270605.52,1158
11097,"Kavya Chauhan",270115.64,1159
14611,"Vivaan Jain",270027.43,1160
10666,"Rohan Agarwal",270012.8,1161
13968,"Sahil Sinha",270012.55,1162
10212,"Mohit Patel",269938.86,1163
13232,"Himanshu Srivastava",269861.48,1164
11856,"Himanshu Tiwari",269683.22,1165
13843,"Pooja Yadav",269605.75,1166
10135,"Sahil Sharma",269561.13,1167
12887,"Rahul Kumar",269545.67,1168
12944,"Arjun Patel",269533.74,1169
11828,"Neeraj Sharma",269490.2,1170
14279,"Sneha Shah",269439.47,1171
12472,"Yash Shah",269343.84,1172
13190,"Himanshu Tiwari",269111.99,1173
11933,"Simran Malhotra",269023.02,1174
11256,"Ankit Mehta",268778.56,1175
13827,"Rohit Jain",268672.32,1176
11253,"Simran Yadav",268418.92,1177
10674,"Abhishek Mehta",268401.47,1178
12134,"Himanshu Kapoor",268227.06,1179
12387,"Nikhil Malhotra",268163.56,1180
12306,"Priya Tiwari",267906.55,1181
14687,"Arjun Yadav",267903.43,1182
11519,"Nikhil Gupta",267790.96,1183
11673,"Nikhil Jain",267697.08,1184
12254,"Riya Srivastava",267664.18,1185
13547,"Neha Verma",267577.09,1186
12406,"Kavya Singh",267163.01,1187
11049,"Aditi Kumar",267091.61,1188
14736,"Riya Kumar",267001,1189
12564,"Vikas Patel",266489.5,1190
11368,"Varun Mehta",266370.87,1191
10828,"Rohit Sharma",266289.54,1192
13472,"Vivaan Verma",265969.95,1193
12383,"Vivaan Singh",265899.98,1194
14094,"Nikhil Mehta",265703.78,1195
13700,"Rahul Sinha",265663.22,1196
10054,"Riya Singh",265184.81,1197
12908,"Neha Tiwari",264877.92,1198
12468,"Kavya Patel",264876.77,1199
13938,"Abhishek Chauhan",264815.19,1200
13538,"Sneha Tiwari",264612.28,1201
13131,"Priya Kapoor",264578.44,1202
12550,"Riya Tiwari",264373.6,1203
13111,"Isha Agarwal",264335.83,1204
14814,"Riya Kumar",264299.6,1205
13227,"Rohit Bansal",263652.74,1206
10291,"Arjun Malhotra",263632.41,1207
10609,"Nikhil Kapoor",263350.6,1208
13332,"Arjun Malhotra",263194.65,1209
11815,"Mohit Kumar",263115.52,1210
12157,"Isha Malhotra",262552.28,1211
10776,"Rohan Kumar",262359.42,1212
13365,"Ankit Bansal",262158.06,1213
14024,"Abhishek Agarwal",262075.57,1214
14444,"Neha Sinha",262030.81,1215
12354,"Riya Sinha",261891.13,1216
14601,"Rohan Verma",261809.79,1217
14093,"Vikas Mehta",261681.32,1218
11504,"Vivaan Mishra",261612.95,1219
13928,"Himanshu Verma",261550.28,1220
10439,"Aditi Patel",261435.73,1221
14342,"Pooja Mehta",261407.45,1222
12035,"Ankit Srivastava",261008.19,1223
12676,"Pooja Singh",260946.8,1224
11271,"Himanshu Chauhan",260802.79,1225
10510,"Ankit Malhotra",260657.95,1226
10298,"Ankit Yadav",260548.97,1227
12884,"Mohit Chauhan",260447.53,1228
11671,"Nikhil Srivastava",260360.47,1229
12275,"Mohit Gupta",260247.64,1230
11758,"Neeraj Singh",259999.84,1231
13668,"Karan Malhotra",259984.32,1232
13871,"Isha Sinha",259928.08,1233
11389,"Neeraj Gupta",259838.39,1234
13544,"Neha Yadav",259768.98,1235
13434,"Kavya Bansal",259411.04,1236
13501,"Arjun Tiwari",259335.39,1237
13224,"Rohan Kumar",259026.9,1238
14226,"Simran Kumar",258993.46,1239
12831,"Vivaan Agarwal",258973.45,1240
14888,"Simran Mishra",258889.37,1241
13326,"Riya Malhotra",258653.48,1242
13565,"Himanshu Jain",258636.24,1243
12349,"Yash Srivastava",258597.18,1244
12702,"Vivaan Yadav",258592.84,1245
12534,"Aman Chauhan",258559.57,1246
10886,"Nikhil Patel",258515.89,1247
13766,"Himanshu Singh",258357.29,1248
10423,"Aditya Gupta",258182.72,1249
10441,"Ankit Sinha",258175.72,1250
10717,"Riya Tiwari",257959.91,1251
11266,"Aditi Chauhan",257830.37,1252
10734,"Aman Bansal",257652.42,1253
13076,"Vikas Agarwal",257268.68,1254
11998,"Ananya Sharma",257173.92,1255
14697,"Ananya Joshi",256917.66,1256
14295,"Neha Mishra",256907.41,1257
12076,"Aditi Kumar",256849.99,1258
12165,"Abhishek Srivastava",256802.37,1259
12964,"Vikas Sinha",256783.26,1260
12272,"Yash Mishra",256626.39,1261
12082,"Himanshu Sharma",256560.63,1262
10004,"Ananya Sharma",256401.94,1263
10240,"Yash Kapoor",256279.66,1264
12292,"Neha Joshi",256278.28,1265
10951,"Vikas Malhotra",256043.11,1266
11174,"Ananya Srivastava",256033.83,1267
13857,"Himanshu Joshi",255964.97,1268
12643,"Akash Sinha",255917.9,1269
10080,"Vivaan Verma",255888.09,1270
10952,"Yash Sharma",255805.65,1271
14314,"Isha Singh",255682.54,1272
14165,"Neeraj Singh",255583.21,1273
11980,"Neha Mishra",255516.44,1274
12118,"Sneha Jain",255347.38,1275
10920,"Varun Patel",255236.75,1276
10659,"Aditya Sharma",255072,1277
14840,"Himanshu Chauhan",255031.44,1278
12231,"Aditya Agarwal",254635.46,1279
11729,"Rohit Mehta",254618.7,1280
13473,"Pooja Gupta",254432.97,1281
14713,"Aarav Chauhan",254327.11,1282
12516,"Rahul Tiwari",254175.15,1283
13735,"Simran Mehta",254049.95,1284
13591,"Ankit Sinha",254045.47,1285
14213,"Kavya Tiwari",253987.06,1286
14749,"Pooja Kumar",253951.81,1287
14629,"Karan Singh",253876.3,1288
11191,"Aditi Tiwari",253682.55,1289
14238,"Aman Jain",253377.94,1290
13080,"Rohan Tiwari",253338.39,1291
13511,"Vivaan Bansal",253099.7,1292
13181,"Simran Malhotra",252806.55,1293
12961,"Priya Shah",252683.73,1294
11837,"Neeraj Verma",252545.85,1295
10273,"Yash Malhotra",252241.54,1296
13732,"Akash Chauhan",251996.78,1297
14865,"Yash Srivastava",251931.73,1298
12916,"Karan Bansal",251907.82,1299
12717,"Pooja Mehta",251772.54,1300
14289,"Rohan Malhotra",251699.79,1301
13380,"Riya Singh",251581.06,1302
11034,"Akash Yadav",251394.61,1303
10654,"Arjun Bansal",251392.16,1304
12239,"Riya Joshi",251300.9,1305
11524,"Riya Kapoor",251236.06,1306
10946,"Mohit Joshi",251235.52,1307
11172,"Vivaan Chauhan",251179.7,1308
11427,"Himanshu Patel",250802.18,1309
13892,"Isha Sinha",250679.36,1310
14921,"Akash Patel",250535.06,1311
14947,"Neha Singh",250458.77,1312
13780,"Nikhil Verma",250073.02,1313
14069,"Riya Bansal",250002.94,1314
10437,"Arjun Srivastava",249977.85,1315
13993,"Aman Chauhan",249873.19,1316
13398,"Rahul Chauhan",249702.93,1317
13786,"Mohit Mishra",249618.53,1318
12640,"Sahil Jain",249503.45,1319
12499,"Ananya Srivastava",249416.21,1320
12092,"Mohit Jain",249380.48,1321
12109,"Neha Yadav",249347.69,1322
12981,"Rohan Yadav",249235.86,1323
12611,"Rahul Mishra",249095.95,1324
11776,"Rahul Kapoor",249000.49,1325
13875,"Ankit Jain",248814.04,1326
14663,"Aarav Srivastava",248379.81,1327
10458,"Aman Shah",248304.74,1328
14985,"Vikas Yadav",248089.83,1329
14571,"Pooja Joshi",247941.88,1330
11994,"Nikhil Chauhan",247814.54,1331
12111,"Ankit Malhotra",247793.7,1332
11474,"Nikhil Patel",247776.47,1333
13853,"Aditya Agarwal",247730.68,1334
13733,"Neha Singh",247620.41,1335
12158,"Vivaan Yadav",247475.42,1336
13754,"Ananya Sinha",247051.64,1337
11038,"Kavya Sharma",246818.04,1338
14784,"Ankit Verma",246814.29,1339
14184,"Abhishek Bansal",246777.26,1340
10766,"Isha Joshi",246303.09,1341
14722,"Nikhil Jain",246262.28,1342
12367,"Aditya Jain",246239.35,1343
13904,"Rahul Jain",246232.68,1344
10005,"Aditi Verma",246115.51,1345
12078,"Arjun Gupta",246069.68,1346
10187,"Aditya Chauhan",246041.16,1347
13658,"Ananya Srivastava",245779.46,1348
12781,"Rohan Mehta",245720.73,1349
12853,"Mohit Chauhan",245521.4,1350
13881,"Ankit Agarwal",245399.65,1351
12900,"Nikhil Chauhan",245312.95,1352
12347,"Rohit Yadav",245293.57,1353
12793,"Himanshu Sharma",245266.82,1354
11613,"Rahul Yadav",245206.54,1355
13046,"Sneha Malhotra",245179.42,1356
14380,"Mohit Patel",245067.02,1357
11311,"Yash Tiwari",244959.14,1358
12032,"Rahul Kapoor",244891.53,1359
14040,"Akash Jain",244857.54,1360
12705,"Ankit Agarwal",244784.59,1361
10777,"Isha Mehta",244490.74,1362
12514,"Aditya Sinha",244356.97,1363
12417,"Rahul Malhotra",244289.5,1364
10480,"Vikas Kumar",244101.05,1365
11138,"Ananya Bansal",244075.6,1366
12284,"Rahul Tiwari",244033.25,1367
13333,"Vivaan Mishra",244029.54,1368
14602,"Ankit Srivastava",243861.4,1369
13762,"Vivaan Verma",243351.89,1370
12519,"Aditi Chauhan",243330.42,1371
13397,"Priya Gupta",242901.5,1372
10328,"Abhishek Kapoor",242784.2,1373
14684,"Isha Gupta",242778.76,1374
11006,"Varun Chauhan",242692.51,1375
13770,"Ankit Agarwal",241994.83,1376
10601,"Ananya Kapoor",241969.46,1377
10861,"Neeraj Joshi",241819.84,1378
13812,"Isha Shah",241784.3,1379
12851,"Abhishek Malhotra",241737.08,1380
11570,"Priya Jain",241606.84,1381
11013,"Akash Yadav",241491.96,1382
12648,"Akash Tiwari",241474.12,1383
14808,"Simran Patel",241443.3,1384
10816,"Pooja Malhotra",241321.15,1385
10956,"Sneha Tiwari",241263.9,1386
14452,"Priya Singh",241180.79,1387
11928,"Pooja Bansal",241106.86,1388
11976,"Abhishek Chauhan",241086.53,1389
10001,"Nikhil Gupta",241048.86,1390
14659,"Aditi Yadav",241004.45,1391
11842,"Vivaan Chauhan",240939.92,1392
10110,"Priya Kumar",240848.63,1393
11299,"Sneha Yadav",240732.71,1394
12257,"Priya Shah",240593.58,1395
13510,"Vikas Gupta",240567.59,1396
13383,"Neeraj Jain",240544.36,1397
11058,"Aditi Singh",240281.92,1398
11516,"Neeraj Joshi",240208.32,1399
12173,"Vivaan Jain",240108.16,1400
12845,"Ankit Bansal",240022.86,1401
12434,"Mohit Sharma",239907.31,1402
11002,"Nikhil Jain",239829.18,1403
11219,"Rahul Sharma",239550.15,1404
13535,"Akash Tiwari",239490.92,1405
14043,"Karan Joshi",239489.99,1406
12261,"Rahul Patel",239420.5,1407
11975,"Neeraj Kapoor",239128.1,1408
10396,"Ananya Singh",239111.99,1409
12783,"Yash Chauhan",239010.64,1410
12486,"Abhishek Yadav",238979.24,1411
11844,"Neha Patel",238879.51,1412
10521,"Mohit Bansal",238850.32,1413
14815,"Rohit Singh",238817.7,1414
14303,"Rohan Mishra",238376.24,1415
10992,"Yash Jain",238343.98,1416
11100,"Nikhil Kumar",238339.72,1417
14785,"Isha Sinha",238278.47,1418
13331,"Akash Kumar",238270.95,1419
11074,"Kavya Sharma",238220.11,1420
11142,"Varun Chauhan",238094.24,1421
12951,"Isha Mishra",238021.02,1422
11493,"Rohan Srivastava",237829.73,1423
14727,"Karan Srivastava",237785.96,1424
14370,"Ananya Sharma",237702.38,1425
11754,"Neeraj Gupta",237513.22,1426
13091,"Varun Agarwal",237354.1,1427
11345,"Aditi Sharma",237340.11,1428
10387,"Aarav Malhotra",237334.75,1429
13468,"Kavya Mishra",237009.75,1430
14943,"Varun Mishra",236979.08,1431
13223,"Mohit Chauhan",236971.95,1432
14628,"Aman Mehta",236970.99,1433
14575,"Simran Jain",236959.67,1434
10101,"Aman Tiwari",236943.7,1435
14204,"Rohan Joshi",236907.61,1436
10275,"Akash Kapoor",236783.86,1437
12405,"Himanshu Srivastava",236576.22,1438
10733,"Nikhil Mehta",236553.13,1439
12125,"Pooja Yadav",236513.13,1440
14457,"Rahul Mehta",236351.92,1441
10374,"Akash Verma",236345.37,1442
14923,"Neeraj Yadav",236298.95,1443
10772,"Varun Malhotra",236257.68,1444
14375,"Kavya Yadav",236174.04,1445
14252,"Vikas Gupta",235903.61,1446
14430,"Yash Joshi",235656.48,1447
10222,"Aman Joshi",235654.21,1448
10447,"Abhishek Verma",235404.25,1449
13974,"Akash Malhotra",235358.96,1450
12001,"Simran Kumar",235287.06,1451
12552,"Rohan Chauhan",235226.42,1452
10250,"Riya Joshi",235082.3,1453
14828,"Yash Agarwal",234946.61,1454
14755,"Akash Joshi",234611.27,1455
12860,"Riya Bansal",234330.69,1456
12447,"Neeraj Jain",234197.52,1457
12529,"Ananya Shah",233977.14,1458
14322,"Sahil Yadav",233849.46,1459
12768,"Aditya Shah",233809.91,1460
10745,"Riya Joshi",233778.26,1461
13350,"Ankit Gupta",233682.3,1462
12608,"Yash Kumar",233500.16,1463
13519,"Arjun Singh",233498.57,1464
13043,"Sneha Malhotra",233246.78,1465
10276,"Himanshu Kapoor",233048.9,1466
11463,"Pooja Chauhan",232990.59,1467
10208,"Aditya Srivastava",232942.49,1468
11604,"Varun Verma",232790.47,1469
10281,"Karan Agarwal",232742.04,1470
14557,"Mohit Agarwal",232734.03,1471
10091,"Nikhil Chauhan",232149.89,1472
12546,"Mohit Srivastava",232065.26,1473
12517,"Rohit Singh",232008.21,1474
14961,"Kavya Chauhan",231992.6,1475
11693,"Vivaan Bansal",231955.17,1476
10864,"Ananya Joshi",231835.68,1477
10230,"Ananya Kapoor",231746.14,1478
10386,"Aarav Jain",231683.61,1479
12508,"Vikas Srivastava",231152.29,1480
13583,"Sneha Srivastava",230752.3,1481
11188,"Rohit Sharma",230625.55,1482
14212,"Rahul Tiwari",230506.44,1483
10435,"Rohan Sharma",230148.16,1484
14355,"Ankit Gupta",230114.23,1485
12574,"Aman Gupta",230100.61,1486
10877,"Vivaan Shah",230057.7,1487
12791,"Neha Shah",230048.24,1488
10294,"Neha Chauhan",230014.69,1489
13440,"Isha Sinha",229974.85,1490
14341,"Kavya Yadav",229890,1491
10017,"Sneha Verma",229811.03,1492
11017,"Rohan Sharma",229764.33,1493
14844,"Varun Gupta",229640.58,1494
11847,"Priya Joshi",229573.51,1495
10271,"Aman Kumar",229433.91,1496
10162,"Aman Singh",229374.42,1497
14119,"Kavya Shah",229305.01,1498
10818,"Abhishek Mishra",229215.73,1499
12121,"Rahul Sinha",229023.94,1500
14504,"Mohit Jain",228769.23,1501
12779,"Riya Yadav",228613.81,1502
12163,"Vikas Malhotra",228565.99,1503
13221,"Pooja Tiwari",228529.98,1504
12151,"Priya Sharma",228412.33,1505
12138,"Abhishek Tiwari",228375.45,1506
11801,"Aman Sharma",228011.1,1507
14632,"Vivaan Kumar",227878.32,1508
14023,"Kavya Kumar",227859.95,1509
12426,"Arjun Singh",227859.25,1510
10046,"Vivaan Jain",227820.42,1511
14714,"Rohit Shah",227800.28,1512
14270,"Sneha Shah",227780.44,1513
12388,"Isha Verma",227756.29,1514
14041,"Vivaan Gupta",227623.32,1515
13106,"Nikhil Tiwari",227522.19,1516
11882,"Ananya Tiwari",227402.07,1517
14037,"Arjun Verma",227217.27,1518
14283,"Aman Verma",227132.13,1519
10618,"Akash Yadav",226564.62,1520
11101,"Aman Jain",226404.41,1521
12930,"Neha Shah",226229.97,1522
10278,"Aarav Malhotra",226108.06,1523
13816,"Sahil Verma",226029.33,1524
10205,"Aarav Singh",226012.15,1525
10513,"Abhishek Kapoor",225971.12,1526
10967,"Neeraj Singh",225928.34,1527
14486,"Neha Kumar",225668.13,1528
13574,"Kavya Shah",225454.61,1529
14786,"Isha Kumar",225212.22,1530
13494,"Yash Gupta",225142.31,1531
13505,"Riya Gupta",225087.62,1532
11274,"Akash Kapoor",224871.05,1533
11461,"Isha Srivastava",224569.18,1534
14045,"Varun Tiwari",224551.7,1535
11661,"Himanshu Sharma",224534.1,1536
14421,"Mohit Patel",224405.1,1537
10018,"Vikas Chauhan",224316.78,1538
14806,"Nikhil Gupta",224186.31,1539
11277,"Abhishek Verma",223900.61,1540
14620,"Sahil Singh",223884.56,1541
10372,"Akash Jain",223838.85,1542
12570,"Isha Sinha",223709.59,1543
14471,"Rohit Shah",223551.24,1544
11983,"Ananya Gupta",223536.59,1545
13624,"Yash Mishra",223530.29,1546
14284,"Ankit Yadav",223505.16,1547
12653,"Yash Srivastava",223332.62,1548
10303,"Priya Chauhan",223214.94,1549
13814,"Rahul Joshi",223105.78,1550
12829,"Aman Sinha",222985.2,1551
14870,"Yash Joshi",222980.5,1552
14573,"Himanshu Agarwal",222822.45,1553
13789,"Priya Bansal",222703.65,1554
10134,"Rahul Patel",222614.65,1555
11539,"Ananya Sinha",222481.75,1556
11612,"Riya Patel",222463.83,1557
10151,"Ananya Mehta",222298.18,1558
11496,"Simran Sharma",221864.44,1559
13867,"Nikhil Sharma",221862.94,1560
10030,"Ankit Tiwari",221813.94,1561
12063,"Simran Kapoor",221672.15,1562
12140,"Karan Chauhan",221581.39,1563
12490,"Riya Mishra",221490.77,1564
11005,"Arjun Mishra",221452.07,1565
14881,"Vivaan Bansal",221163.95,1566
14002,"Aarav Joshi",221153.31,1567
14585,"Aditya Mehta",220987.69,1568
14398,"Akash Verma",220818.53,1569
12031,"Varun Mishra",220769.42,1570
12497,"Mohit Tiwari",220667.52,1571
13990,"Rahul Bansal",220563.89,1572
13912,"Aditya Yadav",220532.6,1573
11280,"Akash Verma",220471.75,1574
14304,"Himanshu Agarwal",220380.85,1575
10883,"Neha Bansal",220378.32,1576
13978,"Rohit Tiwari",220276.71,1577
12575,"Sahil Jain",219898.48,1578
10581,"Aditya Tiwari",219846.5,1579
10851,"Riya Singh",219709.54,1580
11809,"Akash Agarwal",219569.49,1581
12210,"Nikhil Srivastava",219540.15,1582
12380,"Yash Sinha",219533.13,1583
12992,"Kavya Joshi",219376.21,1584
13465,"Himanshu Malhotra",219335.59,1585
11287,"Varun Jain",219168.2,1586
13818,"Varun Jain",219088.46,1587
13822,"Pooja Gupta",218963.84,1588
13757,"Kavya Mishra",218690.18,1589
14146,"Vikas Gupta",218596.14,1590
14056,"Riya Srivastava",218167.21,1591
11212,"Rohan Sharma",218124.97,1592
10317,"Akash Srivastava",218113.23,1593
11698,"Mohit Chauhan",218099.36,1594
14826,"Ankit Yadav",217889.15,1595
13761,"Rahul Singh",217855.14,1596
13740,"Rohan Kapoor",217769.1,1597
14079,"Riya Sinha",217749.32,1598
11322,"Himanshu Kumar",217423.57,1599
10583,"Karan Verma",217244.62,1600
14705,"Ananya Shah",217225.68,1601
14120,"Varun Patel",217141.75,1602
11557,"Akash Joshi",216849.03,1603
11382,"Aarav Joshi",216643.92,1604
12553,"Abhishek Shah",216349.88,1605
13139,"Priya Tiwari",216214.25,1606
13014,"Ananya Shah",216188.87,1607
11711,"Nikhil Joshi",216082.32,1608
14499,"Aman Sinha",216005.31,1609
11619,"Pooja Agarwal",215941.15,1610
13360,"Yash Joshi",215920.97,1611
10497,"Abhishek Gupta",215721.9,1612
14933,"Riya Verma",215712.73,1613
12924,"Neeraj Tiwari",215605.54,1614
10787,"Himanshu Singh",215471.32,1615
11532,"Abhishek Jain",215380.45,1616
13155,"Akash Sinha",215339.61,1617
11072,"Rohan Chauhan",215115.6,1618
12937,"Varun Patel",214854.03,1619
13347,"Kavya Shah",214837.85,1620
11267,"Nikhil Kumar",214829.37,1621
13939,"Isha Chauhan",214311.64,1622
12302,"Riya Jain",214263.66,1623
14986,"Aman Sharma",214219.51,1624
11031,"Yash Kapoor",213948.12,1625
10115,"Rohit Jain",213758.6,1626
10009,"Pooja Mehta",213729.12,1627
14381,"Nikhil Kapoor",213601.64,1628
10023,"Ananya Mishra",213600.37,1629
12010,"Ankit Joshi",213595.22,1630
13250,"Yash Sharma",213035.14,1631
11838,"Ankit Mishra",212966.38,1632
10997,"Riya Sinha",212781.05,1633
13593,"Aditya Shah",212779.31,1634
14439,"Abhishek Sharma",212656.17,1635
10124,"Rohan Agarwal",212537.92,1636
13998,"Ankit Shah",212408.19,1637
12129,"Rahul Chauhan",212403.15,1638
13777,"Akash Patel",212194.65,1639
10803,"Sahil Chauhan",212015.99,1640
13500,"Aditi Sharma",211470.08,1641
13563,"Priya Verma",211329.48,1642
11769,"Ankit Kumar",211185.73,1643
10867,"Aarav Patel",211029.7,1644
10168,"Riya Mishra",210970.76,1645
12385,"Sneha Chauhan",210883.54,1646
11397,"Simran Verma",210773.72,1647
13949,"Aditya Jain",210765.3,1648
12895,"Aditya Gupta",210728.07,1649
14443,"Aditi Joshi",210655.57,1650
10805,"Akash Verma",210647.47,1651
13716,"Aditya Singh",210635.03,1652
11095,"Karan Bansal",210628.71,1653
13706,"Abhishek Bansal",210514.24,1654
10715,"Riya Agarwal",210438.86,1655
10845,"Aditi Jain",210417.62,1656
12105,"Rohan Sharma",210373.76,1657
14018,"Aditya Joshi",210333.94,1658
13230,"Abhishek Yadav",210239.49,1659
10364,"Yash Tiwari",210157.19,1660
10868,"Himanshu Agarwal",210028.3,1661
13281,"Pooja Patel",209826.96,1662
12480,"Kavya Shah",209689.2,1663
13393,"Karan Sharma",209521.6,1664
11498,"Yash Jain",209483.34,1665
14142,"Simran Chauhan",209446.03,1666
13667,"Aarav Joshi",209398.29,1667
12701,"Yash Verma",209275.9,1668
13052,"Kavya Agarwal",209258.16,1669
11480,"Aditya Kapoor",209042.84,1670
12566,"Riya Kumar",209041.14,1671
10895,"Riya Shah",209022.94,1672
11434,"Ananya Bansal",208898.13,1673
11044,"Sneha Mishra",208782.93,1674
10899,"Vikas Chauhan",208680.06,1675
13119,"Ananya Bansal",208628.6,1676
10660,"Neha Singh",208608.86,1677
14468,"Kavya Patel",208593.7,1678
11125,"Aditya Bansal",208574.73,1679
14218,"Mohit Malhotra",208453.34,1680
10514,"Arjun Sharma",208444,1681
12286,"Himanshu Kumar",208241.95,1682
12494,"Akash Yadav",208159.51,1683
12155,"Aditi Patel",208037.92,1684
14405,"Aman Verma",208034.63,1685
10804,"Sahil Chauhan",207714,1686
14356,"Pooja Joshi",207649.99,1687
14529,"Vivaan Tiwari",207643.95,1688
10484,"Isha Yadav",207440.55,1689
12232,"Ananya Srivastava",207411.99,1690
11375,"Neeraj Tiwari",207239.8,1691
10896,"Sneha Sinha",207181.07,1692
11490,"Neha Kumar",207167.01,1693
12801,"Vivaan Malhotra",207130.83,1694
13652,"Vivaan Kumar",206867.46,1695
10796,"Priya Verma",206729.32,1696
13991,"Sneha Srivastava",206690.3,1697
11270,"Abhishek Sinha",206661.52,1698
10405,"Aditya Mehta",206564.71,1699
14810,"Ananya Kumar",206534.06,1700
12985,"Kavya Verma",206531.76,1701
10676,"Abhishek Sharma",206497.92,1702
13060,"Vivaan Agarwal",206322.12,1703
13784,"Karan Kumar",205517.85,1704
13443,"Neha Mishra",205364.95,1705
11960,"Isha Kapoor",205353.53,1706
12716,"Nikhil Kumar",205304.37,1707
10347,"Nikhil Singh",205252.74,1708
11812,"Aditi Mishra",205123.43,1709
11135,"Isha Sinha",205093.18,1710
12249,"Ananya Srivastava",205009.21,1711
12335,"Mohit Kumar",204856.04,1712
13118,"Neeraj Chauhan",204825.18,1713
14498,"Kavya Bansal",204696.4,1714
10319,"Rohit Srivastava",204646.71,1715
10181,"Sneha Jain",204535.38,1716
14117,"Riya Yadav",204459.02,1717
12905,"Ananya Kumar",204406.28,1718
10546,"Priya Srivastava",203935.46,1719
14792,"Aman Sinha",203889.64,1720
14265,"Rohan Joshi",203852.33,1721
11559,"Rahul Singh",203553.31,1722
14920,"Aarav Joshi",203453.34,1723
12492,"Kavya Verma",203216.08,1724
10228,"Riya Agarwal",203142.61,1725
11497,"Rohit Shah",202860.57,1726
14767,"Akash Patel",202811.9,1727
10451,"Simran Yadav",202773.66,1728
12757,"Varun Gupta",202747.26,1729
14706,"Rahul Singh",202667.03,1730
11430,"Akash Bansal",202657.58,1731
14350,"Ankit Yadav",202603.4,1732
12169,"Nikhil Gupta",202459.35,1733
14896,"Abhishek Srivastava",202285.41,1734
10548,"Himanshu Kapoor",202264.23,1735
10470,"Pooja Jain",201825.64,1736
10308,"Pooja Shah",201768.88,1737
10400,"Rohan Singh",201582.72,1738
12366,"Sahil Malhotra",201470.04,1739
13598,"Aarav Gupta",201451.99,1740
10172,"Isha Shah",201440.06,1741
14183,"Aditya Shah",201254.75,1742
11378,"Vivaan Mehta",201249.09,1743
14509,"Aditya Sinha",201089.46,1744
11663,"Nikhil Kumar",201039.51,1745
11686,"Yash Verma",201028.15,1746
12316,"Yash Jain",200978.88,1747
14021,"Himanshu Bansal",200902.97,1748
11992,"Abhishek Bansal",200890.78,1749
14321,"Vivaan Bansal",200793.77,1750
13489,"Neeraj Kapoor",200490.04,1751
12744,"Ananya Kapoor",200467.62,1752
10199,"Yash Yadav",200399.29,1753
13066,"Arjun Sinha",200185.04,1754
11069,"Priya Patel",200116.51,1755
10870,"Aarav Srivastava",199983.42,1756
13252,"Karan Kapoor",199957.41,1757
12922,"Priya Verma",199932.83,1758
11227,"Vikas Yadav",199894.84,1759
12187,"Rohan Sharma",199894.68,1760
13550,"Nikhil Chauhan",199803.25,1761
12617,"Priya Malhotra",199763.36,1762
10598,"Aman Yadav",199681.85,1763
13665,"Karan Singh",199258.14,1764
10285,"Varun Sinha",199161.32,1765
11134,"Yash Gupta",198991.02,1766
11892,"Aman Mishra",198874.86,1767
10543,"Isha Kapoor",198707.72,1768
12225,"Arjun Srivastava",198461.37,1769
14596,"Sneha Joshi",198290.89,1770
10906,"Neha Tiwari",198222.31,1771
10941,"Himanshu Agarwal",197946.6,1772
12974,"Riya Agarwal",197644.6,1773
12797,"Aman Patel",197629.31,1774
11687,"Aditya Srivastava",197567,1775
12226,"Nikhil Tiwari",197391.88,1776
13640,"Rahul Agarwal",197325.76,1777
12482,"Aditi Mehta",197065.72,1778
14182,"Isha Sinha",196819.54,1779
11027,"Karan Kumar",196768.23,1780
14260,"Pooja Bansal",196748.14,1781
12045,"Sneha Kapoor",196420.89,1782
12464,"Riya Kapoor",196342.6,1783
13920,"Rohan Kumar",196329.51,1784
11652,"Arjun Gupta",195930.38,1785
12947,"Ananya Patel",195868.02,1786
10716,"Riya Agarwal",195702,1787
13256,"Rahul Sharma",195653.87,1788
10345,"Akash Kumar",195614.96,1789
12408,"Vikas Tiwari",195592.37,1790
11795,"Isha Sharma",195588.47,1791
12471,"Mohit Singh",195311.62,1792
13846,"Abhishek Mishra",195231,1793
10323,"Ananya Kumar",195102.26,1794
13044,"Himanshu Gupta",195070.71,1795
11169,"Rohit Chauhan",195039.15,1796
14524,"Aman Kumar",195033.36,1797
12715,"Abhishek Chauhan",194813.32,1798
12696,"Rohan Yadav",194685.61,1799
12888,"Aditi Verma",194666.89,1800
14205,"Ankit Verma",194644.02,1801
13186,"Aditya Srivastava",194516.07,1802
10011,"Himanshu Singh",194457.17,1803
12630,"Ananya Malhotra",194441.01,1804
12600,"Sahil Agarwal",194137.84,1805
10679,"Isha Gupta",193988.67,1806
11470,"Nikhil Tiwari",193757.27,1807
11236,"Ananya Malhotra",193740.75,1808
10879,"Simran Tiwari",193574.26,1809
13951,"Priya Singh",193557.76,1810
11553,"Karan Mishra",193545.72,1811
14726,"Riya Yadav",193483.73,1812
10377,"Himanshu Malhotra",193447.88,1813
14154,"Isha Joshi",193416.72,1814
11160,"Aditi Malhotra",193195.29,1815
14890,"Priya Srivastava",192953.59,1816
11359,"Nikhil Shah",192808.69,1817
10330,"Ankit Joshi",192674.13,1818
12909,"Neha Sharma",192657.86,1819
14740,"Rohit Bansal",192489.94,1820
13164,"Aditya Kumar",192451.71,1821
13344,"Mohit Mishra",192436.62,1822
10784,"Varun Singh",192436.62,1822
11640,"Akash Bansal",192212.05,1824
10832,"Isha Sharma",192168.36,1825
10770,"Abhishek Singh",191979.12,1826
11681,"Rohan Mehta",191897.21,1827
12476,"Sahil Patel",191806.21,1828
10239,"Karan Sinha",191710.56,1829
10849,"Sahil Gupta",191365.72,1830
13019,"Nikhil Singh",191251.07,1831
10669,"Sahil Srivastava",191077.3,1832
11905,"Sneha Mishra",190951.96,1833
13543,"Karan Singh",190941.41,1834
14113,"Himanshu Gupta",190804.8,1835
12208,"Varun Tiwari",190580.19,1836
11116,"Akash Patel",190518.52,1837
14131,"Abhishek Singh",190512.52,1838
14223,"Yash Mishra",190342.42,1839
10259,"Varun Chauhan",190288.29,1840
14717,"Akash Srivastava",190214.88,1841
14617,"Simran Singh",190121.47,1842
12371,"Vikas Chauhan",190110.05,1843
14404,"Aman Jain",190097.98,1844
11525,"Akash Malhotra",190035.98,1845
11719,"Sahil Mehta",190032.34,1846
10370,"Rohan Tiwari",189959.03,1847
12660,"Ananya Agarwal",189874.38,1848
13056,"Varun Chauhan",189787.77,1849
11045,"Abhishek Sharma",189762.25,1850
13128,"Arjun Yadav",189219.34,1851
14482,"Mohit Sinha",189142.63,1852
14958,"Rohan Verma",188862.96,1853
11180,"Aman Yadav",188786.7,1854
13403,"Varun Bansal",188633.45,1855
14615,"Simran Mishra",188534.41,1856
12755,"Neeraj Verma",188526.45,1857
11617,"Yash Patel",188215.44,1858
14690,"Priya Agarwal",188153.58,1859
13803,"Riya Jain",188113.63,1860
12219,"Nikhil Chauhan",187831.91,1861
12749,"Abhishek Chauhan",187765.84,1862
11481,"Isha Kapoor",187605,1863
12943,"Nikhil Chauhan",187598.46,1864
14266,"Priya Yadav",187448.76,1865
10483,"Mohit Kumar",187425.61,1866
13517,"Aditya Patel",187336.38,1867
14407,"Simran Mehta",187169.26,1868
11916,"Kavya Shah",187093.36,1869
14999,"Neeraj Joshi",187039.44,1870
13623,"Simran Shah",186998.21,1871
14919,"Rohit Kapoor",186693.74,1872
14328,"Varun Kapoor",186549.42,1873
11533,"Rohan Shah",186529.39,1874
14337,"Isha Chauhan",186514.76,1875
12934,"Simran Gupta",186197.22,1876
10696,"Rohit Sharma",186196.6,1877
14837,"Isha Sinha",186186.59,1878
13858,"Ananya Kapoor",186043.64,1879
10430,"Rohan Chauhan",185499.74,1880
10337,"Neeraj Yadav",185286.38,1881
14972,"Arjun Sinha",185114.62,1882
13253,"Mohit Chauhan",185060.08,1883
13606,"Ankit Gupta",184964.67,1884
10331,"Varun Sharma",184903.5,1885
12558,"Mohit Verma",184899.97,1886
13172,"Neeraj Jain",184826.32,1887
12234,"Ananya Singh",184717.64,1888
14097,"Vikas Agarwal",184684.2,1889
11286,"Akash Singh",184601.84,1890
13050,"Karan Singh",184472.21,1891
11924,"Pooja Chauhan",184146.25,1892
12358,"Abhishek Kapoor",183928.55,1893
10433,"Neha Sinha",183922.24,1894
14257,"Pooja Bansal",183813.62,1895
14078,"Nikhil Kapoor",183652.66,1896
13823,"Rohit Tiwari",183372.49,1897
12554,"Vivaan Kumar",183265.8,1898
12545,"Rahul Kapoor",183211.53,1899
14631,"Rahul Chauhan",183164.38,1900
13604,"Riya Agarwal",183130.31,1901
13336,"Vivaan Verma",183110.27,1902
13277,"Aditi Malhotra",183081.4,1903
12023,"Sneha Kumar",182906.84,1904
13942,"Arjun Bansal",182892.17,1905
12557,"Aditi Chauhan",182817.75,1906
13764,"Pooja Patel",182676.89,1907
12727,"Kavya Kumar",182654.56,1908
13269,"Aditya Sinha",182619,1909
12796,"Kavya Chauhan",182496.14,1910
12697,"Priya Patel",182334.46,1911
12146,"Arjun Mishra",182237.68,1912
14274,"Ananya Mishra",182222.59,1913
10560,"Riya Jain",182194.73,1914
14400,"Neeraj Sharma",182067.28,1915
14913,"Sneha Shah",182042.14,1916
14530,"Arjun Yadav",182023.67,1917
11793,"Simran Kapoor",181810.35,1918
13975,"Rohan Shah",181630.97,1919
11026,"Neeraj Shah",181563.81,1920
10930,"Karan Sharma",181438.2,1921
12666,"Riya Agarwal",181431.89,1922
14028,"Sneha Bansal",181398.03,1923
12672,"Rohan Kumar",181257.6,1924
14232,"Sahil Mehta",181222.07,1925
11628,"Vivaan Gupta",181171.79,1926
11096,"Rohan Mishra",181076.64,1927
12141,"Arjun Yadav",180965.57,1928
14426,"Aman Kapoor",180934.83,1929
10191,"Aarav Jain",180911.65,1930
12775,"Nikhil Patel",180841.33,1931
10408,"Sneha Patel",180588.32,1932
13617,"Priya Agarwal",180560.76,1933
11520,"Vikas Malhotra",180550.35,1934
12647,"Aditya Yadav",180451.45,1935
12535,"Isha Gupta",180404.68,1936
13959,"Ankit Joshi",180326.63,1937
12048,"Riya Malhotra",180227.08,1938
10277,"Riya Shah",180070.73,1939
12733,"Yash Yadav",179987.94,1940
10025,"Sahil Sharma",179829.43,1941
12523,"Pooja Mehta",179583.42,1942
10118,"Nikhil Sharma",179514.29,1943
13401,"Rahul Sharma",179320.86,1944
14685,"Rohit Shah",179315.54,1945
11259,"Riya Mehta",179314,1946
10270,"Neeraj Chauhan",179129.12,1947
13855,"Yash Srivastava",179040.67,1948
12053,"Priya Malhotra",178864.96,1949
13542,"Neeraj Bansal",178863,1950
10500,"Ankit Mehta",178831.93,1951
10163,"Pooja Kumar",178821.8,1952
12116,"Aarav Srivastava",178659.02,1953
10367,"Isha Patel",178246.51,1954
12113,"Aman Singh",178044.62,1955
10912,"Pooja Sharma",178042.7,1956
14048,"Rahul Singh",177757.32,1957
12539,"Pooja Sinha",177748.03,1958
10720,"Neeraj Mehta",177696.04,1959
12993,"Aarav Sharma",177590,1960
12443,"Rahul Joshi",177529.57,1961
13724,"Akash Bansal",177495.52,1962
10645,"Neeraj Jain",177446.35,1963
14613,"Arjun Joshi",177419.31,1964
10137,"Yash Chauhan",177374.86,1965
14058,"Priya Srivastava",177319.44,1966
14501,"Vivaan Patel",177298.03,1967
10407,"Simran Bansal",177214.21,1968
14417,"Vikas Mehta",177163.76,1969
13734,"Rohit Patel",177093.02,1970
14807,"Aman Agarwal",177048.25,1971
11786,"Priya Kapoor",177018.52,1972
12995,"Himanshu Malhotra",177003.77,1973
14603,"Simran Singh",176999.54,1974
10708,"Isha Srivastava",176791.33,1975
11829,"Vivaan Bansal",176762.96,1976
11654,"Sneha Tiwari",176715.2,1977
14245,"Pooja Patel",176675.5,1978
11183,"Kavya Singh",176339.74,1979
13997,"Varun Sinha",176100.16,1980
14316,"Arjun Malhotra",175891.53,1981
12878,"Neha Kumar",175642,1982
13236,"Abhishek Mehta",175632.19,1983
13459,"Karan Agarwal",175626.79,1984
11128,"Nikhil Singh",175617.62,1985
11350,"Yash Malhotra",175613.89,1986
12462,"Riya Tiwari",175597.2,1987
11351,"Aditi Srivastava",175543.41,1988
12085,"Mohit Patel",175444.96,1989
14116,"Neeraj Malhotra",175377.03,1990
10682,"Varun Joshi",175169.09,1991
14610,"Ankit Agarwal",175153.79,1992
11379,"Aditya Patel",175125.12,1993
14025,"Rohit Verma",175125.12,1993
12830,"Rohit Tiwari",175104.16,1995
10207,"Riya Agarwal",175088.66,1996
12978,"Simran Bansal",174880.61,1997
10446,"Arjun Verma",174753.89,1998
10713,"Mohit Sharma",174720.8,1999
13681,"Pooja Bansal",174456.65,2000
12288,"Vikas Bansal",174404.29,2001
10200,"Aman Gupta",174402.21,2002
10444,"Mohit Kapoor",174162.39,2003
11329,"Kavya Sinha",174039.19,2004
13758,"Aman Patel",173991.75,2005
12567,"Kavya Patel",173960.3,2006
13927,"Priya Yadav",173818.04,2007
12584,"Abhishek Sinha",173793.05,2008
11918,"Rohit Malhotra",173746.95,2009
11237,"Ananya Sinha",173689.44,2010
13747,"Aarav Yadav",173659.87,2011
13631,"Pooja Agarwal",173612.86,2012
11411,"Rohan Yadav",173540.67,2013
10944,"Sneha Tiwari",173380.75,2014
11224,"Vikas Gupta",173367.25,2015
11956,"Aditi Kumar",173169.86,2016
11562,"Pooja Kapoor",173056.88,2017
13385,"Neeraj Malhotra",172997.72,2018
10765,"Ankit Singh",172928.27,2019
10414,"Ankit Jain",172926.61,2020
11949,"Ananya Agarwal",172832.58,2021
10668,"Sahil Singh",172764.16,2022
13769,"Priya Kapoor",172676.26,2023
11231,"Vivaan Kapoor",172578.17,2024
10100,"Abhishek Agarwal",172483.72,2025
11699,"Neha Kapoor",172326.08,2026
11523,"Kavya Sharma",172230.87,2027
10373,"Abhishek Mishra",172226.2,2028
10034,"Vivaan Mishra",172118.15,2029
12700,"Himanshu Bansal",172113.61,2030
10166,"Sahil Srivastava",171946,2031
13717,"Neha Mishra",171909.92,2032
11443,"Neeraj Srivastava",171744.33,2033
11217,"Rohan Chauhan",171562.79,2034
13142,"Rohan Chauhan",171533.85,2035
10507,"Mohit Jain",171405.37,2036
12834,"Ankit Kapoor",171322.82,2037
10265,"Kavya Jain",171116.99,2038
13722,"Rohit Malhotra",170978.21,2039
11973,"Arjun Sinha",170566.92,2040
10077,"Abhishek Sinha",170560.85,2041
11226,"Karan Sinha",170556.11,2042
12170,"Mohit Mishra",170518.52,2043
12848,"Aditya Jain",170462.57,2044
14130,"Vikas Kapoor",170454.71,2045
11637,"Sneha Agarwal",170411.38,2046
12977,"Isha Agarwal",170375.6,2047
13182,"Rohan Sinha",170253.08,2048
13907,"Aditi Mishra",170044.99,2049
10931,"Aditya Sharma",169911.52,2050
12274,"Sahil Singh",169881.03,2051
12096,"Ananya Sinha",169578.4,2052
13477,"Neha Tiwari",169478.49,2053
12395,"Vikas Yadav",169318.72,2054
10449,"Priya Tiwari",169242.01,2055
10002,"Vivaan Shah",169206.61,2056
10843,"Sahil Mehta",169205.41,2057
13324,"Aman Mishra",169187.13,2058
14073,"Varun Singh",168912.27,2059
12840,"Aditya Singh",168911.73,2060
13274,"Vikas Agarwal",168909.42,2061
10234,"Priya Tiwari",168898.33,2062
13829,"Sneha Bansal",168760.1,2063
13957,"Akash Kumar",168707.95,2064
12698,"Sneha Jain",168695.14,2065
11083,"Sahil Bansal",168490.88,2066
13600,"Aditi Srivastava",168423.03,2067
13895,"Neeraj Kumar",168351.91,2068
12250,"Priya Sinha",168320.78,2069
12475,"Akash Sharma",168249.35,2070
10008,"Riya Bansal",168096.25,2071
12344,"Riya Joshi",167976.31,2072
13625,"Simran Gupta",167946.91,2073
13893,"Kavya Srivastava",167792.74,2074
13022,"Aarav Gupta",167782.33,2075
10863,"Nikhil Mehta",167745.28,2076
12933,"Pooja Kumar",167741.25,2077
10139,"Karan Malhotra",167681.82,2078
12873,"Akash Sinha",167629.38,2079
13848,"Abhishek Tiwari",167607.23,2080
13214,"Himanshu Malhotra",167562.28,2081
11262,"Isha Mehta",167511.3,2082
10368,"Pooja Joshi",167420.97,2083
12814,"Arjun Joshi",167409.59,2084
11959,"Himanshu Chauhan",167402.03,2085
13746,"Rohit Tiwari",167400.93,2086
11084,"Aarav Sharma",167357.36,2087
10817,"Neha Kapoor",167342.99,2088
11899,"Sneha Mishra",167317.97,2089
10664,"Sneha Sinha",167277.54,2090
10936,"Priya Sinha",167264.14,2091
11954,"Karan Sharma",167260.61,2092
10399,"Aarav Agarwal",167221.18,2093
11527,"Kavya Srivastava",167198.34,2094
12013,"Abhishek Shah",167145.39,2095
14762,"Mohit Sinha",166906.94,2096
14091,"Neeraj Sinha",166894.31,2097
14243,"Aarav Jain",166888.38,2098
11089,"Arjun Yadav",166788.08,2099
13059,"Pooja Sharma",166734.29,2100
11495,"Aarav Mishra",166664.14,2101
11324,"Sneha Singh",166525.94,2102
10153,"Isha Joshi",166432.38,2103
13282,"Neeraj Mehta",166305.99,2104
11684,"Pooja Verma",166290.82,2105
12086,"Neha Srivastava",166242.7,2106
11575,"Neha Tiwari",166231.75,2107
11832,"Himanshu Agarwal",166200.27,2108
13300,"Rohit Malhotra",165892.88,2109
10498,"Aditya Tiwari",165829.78,2110
11799,"Himanshu Kapoor",165826.44,2111
11808,"Neha Kapoor",165753.85,2112
14988,"Nikhil Singh",165749.25,2113
12487,"Nikhil Joshi",165516.38,2114
10094,"Sneha Shah",165491.86,2115
11571,"Abhishek Agarwal",165450.28,2116
11451,"Sahil Kumar",165173.01,2117
12075,"Nikhil Joshi",165062.13,2118
13642,"Neeraj Tiwari",164989.22,2119
11344,"Aditya Patel",164970.04,2120
13001,"Aditya Shah",164824.55,2121
11642,"Neha Kumar",164436.37,2122
13146,"Ananya Chauhan",164431.23,2123
13209,"Rohit Agarwal",164384.96,2124
13925,"Rohan Verma",164231.3,2125
12312,"Rahul Malhotra",163898.52,2126
14098,"Nikhil Yadav",163862.17,2127
10550,"Rohan Srivastava",163829.31,2128
11486,"Vikas Chauhan",163633.8,2129
13215,"Simran Joshi",163506.92,2130
12028,"Aditi Jain",163302.32,2131
13664,"Sneha Shah",163233.87,2132
14935,"Ankit Shah",163012.29,2133
14192,"Aditya Patel",162908.51,2134
14349,"Neha Srivastava",162751.34,2135
12609,"Aman Bansal",162671.06,2136
12886,"Karan Mishra",162634.09,2137
12844,"Pooja Mishra",162613.64,2138
10638,"Rohit Sinha",162598.39,2139
12928,"Yash Chauhan",162544.87,2140
12532,"Yash Patel",162535.28,2141
13352,"Riya Chauhan",162374.66,2142
12488,"Rohit Yadav",162367.83,2143
14892,"Arjun Gupta",162346.46,2144
13071,"Himanshu Tiwari",162239.22,2145
12364,"Aarav Gupta",162161.37,2146
13852,"Riya Srivastava",162098.42,2147
13486,"Isha Mishra",162052.74,2148
13931,"Neeraj Chauhan",161960.13,2149
13070,"Sahil Bansal",161958.53,2150
11152,"Aditi Bansal",161928,2151
11753,"Priya Kumar",161897.89,2152
11437,"Aarav Mishra",161858.17,2153
10530,"Nikhil Jain",161668.42,2154
14664,"Aarav Yadav",161320.98,2155
10226,"Sahil Shah",161289.53,2156
13882,"Neha Patel",161255.39,2157
10707,"Ananya Shah",161075.83,2158
11455,"Kavya Malhotra",160960.49,2159
10556,"Varun Verma",160935.94,2160
14251,"Akash Yadav",160797.25,2161
13512,"Rahul Srivastava",160747.36,2162
11372,"Aditya Mishra",160644.13,2163
10267,"Aman Patel",160622.62,2164
10984,"Isha Joshi",160526.66,2165
11104,"Isha Mehta",160384.68,2166
10229,"Pooja Bansal",160265.45,2167
14411,"Mohit Malhotra",160132.84,2168
11441,"Neha Shah",160077.6,2169
11883,"Mohit Joshi",160064.83,2170
11479,"Varun Sharma",160005.98,2171
14229,"Riya Sharma",159931.96,2172
14552,"Nikhil Kapoor",159848.14,2173
11622,"Rohit Agarwal",159831.98,2174
13750,"Abhishek Patel",159419.08,2175
13612,"Kavya Yadav",159377.6,2176
11616,"Neha Agarwal",159314.29,2177
12267,"Rohit Joshi",159299.92,2178
14481,"Ananya Shah",159237.64,2179
10085,"Aman Malhotra",159172.02,2180
11530,"Vivaan Agarwal",159159.1,2181
11238,"Vivaan Sinha",159143.95,2182
13588,"Rahul Tiwari",159119.76,2183
13559,"Isha Patel",158836.12,2184
11221,"Yash Malhotra",158775.04,2185
10736,"Aditi Shah",158671.53,2186
12102,"Rohit Gupta",158563.53,2187
12726,"Isha Verma",158559.08,2188
13042,"Aarav Kapoor",158549.08,2189
11517,"Mohit Sinha",158127.57,2190
12511,"Rohit Patel",158019.11,2191
14813,"Aarav Mishra",157978.05,2192
10478,"Kavya Bansal",157977.66,2193
13057,"Nikhil Tiwari",157915.65,2194
11418,"Rohit Malhotra",157774.95,2195
12376,"Aman Patel",157762.85,2196
10494,"Priya Agarwal",157576.92,2197
10010,"Simran Agarwal",157503.98,2198
10038,"Mohit Verma",157502.14,2199
13851,"Vikas Singh",157284.31,2200
11007,"Pooja Kapoor",157265.71,2201
10927,"Himanshu Kapoor",157231.85,2202
12858,"Vivaan Sharma",157114.13,2203
14759,"Rohit Jain",157080,2204
14931,"Rohan Shah",156982.72,2205
10313,"Yash Bansal",156731.78,2206
10217,"Rohan Verma",156724.86,2207
12350,"Yash Agarwal",156616.17,2208
14132,"Ankit Chauhan",156604.14,2209
10450,"Rohan Shah",156598.83,2210
13377,"Himanshu Singh",156500.28,2211
12822,"Aman Sharma",156399.25,2212
13323,"Priya Agarwal",156377.71,2213
10905,"Vikas Jain",156303.35,2214
14313,"Sahil Srivastava",156168.98,2215
14694,"Pooja Kapoor",156057.55,2216
13391,"Neha Yadav",156019.17,2217
11239,"Isha Agarwal",156010.3,2218
14895,"Yash Joshi",156001.34,2219
13133,"Abhishek Kumar",155908.05,2220
10644,"Riya Agarwal",155882.65,2221
13647,"Neeraj Malhotra",155866.4,2222
13362,"Pooja Srivastava",155815.76,2223
14447,"Ankit Mehta",155777.67,2224
11082,"Vikas Shah",155716.3,2225
14336,"Vikas Agarwal",155684.69,2226
10324,"Vikas Sinha",155558.3,2227
11107,"Ankit Chauhan",155501.98,2228
10724,"Simran Shah",155476.15,2229
11406,"Ankit Jain",155467.28,2230
11235,"Ananya Jain",155295.03,2231
10342,"Aditya Srivastava",155250.02,2232
13159,"Nikhil Singh",155061.54,2233
13741,"Sneha Bansal",154956.98,2234
12857,"Vikas Agarwal",154934.08,2235
10579,"Neeraj Singh",154704.56,2236
12016,"Ananya Kapoor",154626.73,2237
10434,"Nikhil Sinha",154577.18,2238
10509,"Neha Agarwal",154334.64,2239
10402,"Abhishek Jain",154064.85,2240
13222,"Akash Shah",153953.75,2241
11093,"Ananya Sharma",153940.96,2242
10655,"Rohit Gupta",153920.1,2243
11576,"Ankit Yadav",153917.41,2244
13121,"Ankit Tiwari",153879.23,2245
10692,"Aditya Bansal",153796.75,2246
10728,"Neha Shah",153776.4,2247
14053,"Rohan Kapoor",153658.47,2248
13597,"Sneha Kapoor",153570.84,2249
13306,"Sneha Shah",153430.54,2250
13271,"Pooja Chauhan",153404.19,2251
10778,"Kavya Chauhan",153197.7,2252
10145,"Priya Gupta",153142.05,2253
11318,"Vikas Malhotra",153079.32,2254
11109,"Priya Chauhan",153078.54,2255
12673,"Rohan Kumar",152905.23,2256
10962,"Priya Gupta",152821.92,2257
14392,"Kavya Jain",152640.24,2258
14502,"Akash Joshi",152580.4,2259
10076,"Rahul Verma",152505.22,2260
14754,"Neeraj Shah",152461.31,2261
12518,"Riya Kumar",152353.36,2262
10196,"Akash Chauhan",152323.38,2263
14466,"Ananya Malhotra",152250.61,2264
12484,"Riya Yadav",152027.11,2265
11620,"Neha Tiwari",152019.27,2266
12473,"Aarav Verma",152004.77,2267
11561,"Vivaan Gupta",151983.5,2268
11012,"Rohit Joshi",151851.76,2269
12795,"Priya Singh",151675.02,2270
14728,"Sneha Kumar",151618.16,2271
10415,"Kavya Bansal",151617.13,2272
11522,"Aditi Kumar",151585.95,2273
13286,"Aditya Malhotra",151461.56,2274
10138,"Isha Bansal",151441.62,2275
11988,"Vivaan Singh",151164.22,2276
11708,"Neha Kumar",151142.32,2277
12538,"Sneha Yadav",151057.01,2278
10161,"Simran Agarwal",150977.1,2279
11696,"Aditi Chauhan",150921.6,2280
12925,"Ananya Mishra",150898.87,2281
12966,"Kavya Agarwal",150830.56,2282
13575,"Karan Malhotra",150825.41,2283
12449,"Abhishek Kumar",150666.23,2284
13341,"Karan Verma",150662.37,2285
11768,"Rahul Gupta",150610.6,2286
11744,"Sahil Jain",150517.57,2287
11639,"Ankit Tiwari",150506.59,2288
13799,"Yash Singh",150320.98,2289
13126,"Arjun Gupta",150233,2290
12739,"Karan Singh",149941.5,2291
11293,"Neha Kumar",149919.9,2292
12483,"Rohan Malhotra",149901.36,2293
14672,"Aarav Sinha",149868.96,2294
12544,"Himanshu Malhotra",149772.53,2295
11647,"Priya Sharma",149761.81,2296
13193,"Akash Singh",149654.26,2297
14483,"Vivaan Sinha",149596.25,2298
13669,"Sneha Tiwari",149508.35,2299
11213,"Vivaan Jain",149472.13,2300
12221,"Varun Jain",149397.86,2301
11242,"Kavya Kumar",149383.87,2302
14227,"Vikas Yadav",149381.87,2303
10652,"Riya Mishra",149088.03,2304
12056,"Arjun Sinha",148946.8,2305
10853,"Ankit Tiwari",148943.93,2306
13819,"Varun Joshi",148778,2307
10022,"Rahul Tiwari",148750.53,2308
12865,"Mohit Tiwari",148721.27,2309
10826,"Sahil Bansal",148694.56,2310
13791,"Ankit Mehta",148626,2311
14000,"Ananya Joshi",148471.8,2312
13363,"Neeraj Patel",148230.93,2313
10027,"Pooja Jain",148227.89,2314
14848,"Aditya Singh",148153.81,2315
11624,"Akash Joshi",148124.75,2316
10539,"Neha Kumar",148040.27,2317
13643,"Mohit Jain",147988.09,2318
10938,"Aditya Malhotra",147718.56,2319
11248,"Aarav Kapoor",147543.15,2320
12047,"Karan Malhotra",147435.6,2321
10182,"Ankit Singh",147347.51,2322
14087,"Rohan Mehta",147303.09,2323
14537,"Priya Singh",147152.15,2324
13921,"Rohit Verma",147149.24,2325
10600,"Vikas Bansal",147089.52,2326
13896,"Ankit Sinha",147052.17,2327
12798,"Rahul Malhotra",146969.82,2328
12572,"Aman Joshi",146968.9,2329
11124,"Aditi Jain",146957.85,2330
14301,"Kavya Kapoor",146951.65,2331
14518,"Akash Yadav",146908.06,2332
13414,"Aditi Sinha",146814.29,2333
10540,"Sahil Malhotra",146707.9,2334
13376,"Abhishek Agarwal",146635.74,2335
12432,"Rahul Agarwal",146501.56,2336
11471,"Isha Mishra",146493.95,2337
12342,"Kavya Kapoor",146479.92,2338
15000,"Ananya Kapoor",146470.7,2339
10213,"Yash Malhotra",146255.55,2340
13828,"Neha Singh",146227.18,2341
13945,"Karan Joshi",146203.12,2342
12723,"Ankit Malhotra",146169.2,2343
11675,"Vikas Mishra",146149.07,2344
13521,"Isha Sharma",146134.16,2345
11890,"Neeraj Shah",146065.91,2346
12632,"Sneha Jain",145980.73,2347
12041,"Rohit Mehta",145935.54,2348
11720,"Isha Singh",145915.72,2349
12764,"Aarav Jain",145906.77,2350
11488,"Rohan Chauhan",145757.28,2351
11778,"Varun Tiwari",145645.15,2352
14934,"Simran Yadav",145569.72,2353
14070,"Rahul Gupta",145517.91,2354
13474,"Sahil Verma",145500.54,2355
14269,"Rohan Tiwari",145282.24,2356
10752,"Ananya Shah",145257.89,2357
12017,"Mohit Mehta",145213.63,2358
14360,"Rohan Agarwal",145053.75,2359
14401,"Sneha Patel",145019.67,2360
11035,"Sahil Shah",145010.63,2361
11404,"Arjun Malhotra",144831.96,2362
11589,"Yash Verma",144821.69,2363
12333,"Arjun Sinha",144692.89,2364
11888,"Aman Chauhan",144661.31,2365
11702,"Sahil Agarwal",144585.42,2366
11560,"Pooja Patel",144461.95,2367
11590,"Rahul Tiwari",144337.33,2368
13191,"Himanshu Chauhan",144335.82,2369
11081,"Rohan Bansal",144314.11,2370
14343,"Sahil Chauhan",144169.76,2371
11137,"Abhishek Mishra",144105.51,2372
13845,"Yash Gupta",143767.24,2373
13261,"Himanshu Agarwal",143603.96,2374
13024,"Kavya Shah",143541.94,2375
11551,"Sahil Chauhan",143384.63,2376
13518,"Ananya Sharma",143123.16,2377
14408,"Vikas Mehta",143028.57,2378
11338,"Rohan Tiwari",142932.84,2379
14597,"Nikhil Singh",142927.88,2380
11206,"Nikhil Agarwal",142901.61,2381
13156,"Rahul Gupta",142728.8,2382
14635,"Ankit Yadav",142724.7,2383
14686,"Simran Mehta",142618.99,2384
13872,"Neeraj Malhotra",142580.9,2385
14779,"Riya Joshi",142489.9,2386
14930,"Ananya Shah",142380.05,2387
11974,"Himanshu Gupta",142054.51,2388
13539,"Isha Jain",141951.18,2389
13973,"Simran Chauhan",141887.58,2390
13659,"Aditya Patel",141674.51,2391
12324,"Aarav Srivastava",141613.98,2392
10917,"Yash Sinha",141573.51,2393
11985,"Aarav Malhotra",141572.51,2394
12396,"Akash Sinha",141453.84,2395
11185,"Vivaan Sharma",141311.64,2396
14766,"Karan Singh",141273.57,2397
12204,"Karan Gupta",141271.64,2398
10096,"Aarav Verma",141219.41,2399
13116,"Aarav Mehta",141182.72,2400
11599,"Abhishek Shah",141172.44,2401
14535,"Ananya Agarwal",141080.91,2402
14980,"Abhishek Agarwal",141001.53,2403
12218,"Neha Agarwal",140908.65,2404
13782,"Neha Mehta",140879.84,2405
14338,"Karan Gupta",140865.51,2406
10365,"Neha Srivastava",140722.73,2407
12678,"Sahil Verma",140704.82,2408
14505,"Aditi Singh",140677.14,2409
14068,"Aman Sinha",140515.38,2410
14082,"Aditya Shah",140473.29,2411
14859,"Abhishek Mishra",140325.4,2412
10528,"Isha Jain",140319.49,2413
14111,"Kavya Kapoor",140310.3,2414
11003,"Sneha Malhotra",140232.21,2415
12071,"Karan Agarwal",140131.49,2416
10089,"Ananya Srivastava",140095.81,2417
10599,"Vivaan Kumar",139971.7,2418
14104,"Mohit Jain",139932.68,2419
13208,"Abhishek Sharma",139895.51,2420
12823,"Neha Sharma",139767.05,2421
11374,"Isha Agarwal",139734.57,2422
12093,"Rahul Tiwari",139533.78,2423
13685,"Nikhil Yadav",139460.34,2424
13087,"Neha Kumar",139435.25,2425
13798,"Kavya Mishra",139324.97,2426
12098,"Sneha Kumar",139301.43,2427
11349,"Ankit Agarwal",139122.25,2428
10169,"Kavya Shah",138971.93,2429
10223,"Kavya Srivastava",138940.51,2430
10062,"Vivaan Gupta",138844.17,2431
13987,"Kavya Sharma",138305.59,2432
11736,"Rohit Mishra",138289.46,2433
14485,"Rohan Shah",138274.17,2434
10975,"Akash Singh",138227.07,2435
12441,"Sneha Patel",138114.38,2436
14555,"Akash Shah",137971.47,2437
12130,"Simran Bansal",137963.07,2438
10512,"Kavya Patel",137949.67,2439
11407,"Akash Agarwal",137946.41,2440
11025,"Karan Kumar",137937.1,2441
12437,"Simran Agarwal",137841.22,2442
12243,"Priya Yadav",137729.34,2443
11796,"Rohit Singh",137708.77,2444
11946,"Neeraj Jain",137707.38,2445
12188,"Neha Jain",137675.37,2446
13964,"Aditya Kumar",137573.31,2447
10479,"Rohan Srivastava",137474.3,2448
11289,"Isha Sharma",137364.16,2449
14406,"Priya Sinha",137340.63,2450
11428,"Abhishek Agarwal",137275.39,2451
10453,"Neha Sinha",137244.09,2452
10522,"Aman Yadav",137220.33,2453
11662,"Ananya Kapoor",137209.73,2454
11094,"Sahil Srivastava",137081.53,2455
12296,"Kavya Jain",137065.68,2456
10739,"Ananya Sinha",137031.26,2457
13644,"Nikhil Shah",136958.62,2458
12002,"Aditya Patel",136815.92,2459
10311,"Ananya Patel",136654.99,2460
12282,"Vivaan Verma",136653.36,2461
12975,"Riya Agarwal",136611.58,2462
10711,"Neeraj Gupta",136595.08,2463
13616,"Rahul Yadav",136557.52,2464
14368,"Isha Bansal",136532.32,2465
11487,"Isha Srivastava",136529.05,2466
10568,"Sahil Kapoor",136453.19,2467
10743,"Nikhil Chauhan",136440.82,2468
10527,"Priya Malhotra",136426.13,2469
10231,"Riya Yadav",136408.95,2470
14331,"Aarav Mehta",136272.22,2471
12692,"Rahul Bansal",136253.31,2472
14194,"Aditi Sinha",136240.95,2473
11774,"Isha Yadav",136044.35,2474
12662,"Ankit Malhotra",135902.37,2475
10961,"Rohan Sharma",135694.48,2476
11943,"Vivaan Yadav",135561.61,2477
13216,"Varun Bansal",135516.78,2478
10164,"Ananya Sinha",135433.61,2479
10526,"Pooja Mehta",135187.66,2480
13645,"Pooja Sinha",135179.67,2481
11115,"Kavya Gupta",135138.98,2482
10795,"Vikas Gupta",135071.86,2483
13779,"Rohan Srivastava",134956.51,2484
14966,"Akash Jain",134920.11,2485
12892,"Aarav Jain",134892.56,2486
13614,"Vivaan Tiwari",134865.31,2487
12576,"Neha Yadav",134808.71,2488
11302,"Rohan Mishra",134703.89,2489
13484,"Kavya Sinha",134520.73,2490
10881,"Aman Srivastava",134415.13,2491
12034,"Rahul Joshi",134392.27,2492
13842,"Kavya Bansal",134329.34,2493
11360,"Abhishek Kapoor",134179.36,2494
11195,"Simran Srivastava",134093.66,2495
13151,"Riya Yadav",134083.9,2496
13420,"Neha Joshi",133830,2497
13807,"Aditya Joshi",133660.56,2498
10233,"Varun Tiwari",133635.87,2499
10074,"Rohit Agarwal",133554.14,2500
13196,"Himanshu Sharma",133385.56,2501
13203,"Vikas Mehta",133206.96,2502
12442,"Rohit Yadav",133090.56,2503
12753,"Rahul Gupta",132973.35,2504
10732,"Karan Tiwari",132889.5,2505
11127,"Rohit Mishra",132821.37,2506
13074,"Vivaan Patel",132654.92,2507
10801,"Karan Malhotra",132585.58,2508
12817,"Sneha Sharma",132575.02,2509
10126,"Varun Mehta",132498.97,2510
13549,"Pooja Kumar",132412.88,2511
12596,"Simran Kumar",132211.87,2512
13870,"Aditi Singh",132155.05,2513
10904,"Sahil Mehta",131987.06,2514
10440,"Ananya Chauhan",131930.73,2515
14174,"Akash Verma",131916.07,2516
11297,"Aditya Srivastava",131880.64,2517
10971,"Abhishek Gupta",131876.38,2518
11953,"Sneha Patel",131862.04,2519
13663,"Rahul Malhotra",131633.31,2520
10343,"Aditi Sharma",131366.6,2521
14440,"Nikhil Yadav",131272.18,2522
10501,"Abhishek Srivastava",131253,2523
12759,"Kavya Agarwal",131029.7,2524
14967,"Aarav Kumar",130944.22,2525
11198,"Aditya Mishra",130751.97,2526
14060,"Aman Mishra",130704.3,2527
10996,"Kavya Bansal",130688.89,2528
10460,"Mohit Mishra",130672.25,2529
13977,"Riya Sharma",130661.59,2530
10789,"Abhishek Shah",130574.88,2531
13527,"Ananya Sharma",130491.62,2532
10269,"Ankit Malhotra",130412.55,2533
12493,"Rohan Mehta",130388.39,2534
11413,"Priya Mehta",130273.01,2535
12128,"Varun Sharma",130112.56,2536
12903,"Priya Sharma",130087.33,2537
10641,"Kavya Chauhan",130013.2,2538
13464,"Vikas Agarwal",129994.56,2539
11784,"Priya Sinha",129821.38,2540
11969,"Varun Joshi",129800.7,2541
14172,"Karan Srivastava",129779.84,2542
14669,"Riya Sinha",129585.46,2543
11608,"Sahil Shah",129567.02,2544
14036,"Kavya Mehta",129441.45,2545
14587,"Arjun Yadav",129433.24,2546
12181,"Kavya Sharma",129357.6,2547
14905,"Ankit Jain",129313.76,2548
14562,"Isha Tiwari",129295.41,2549
11030,"Nikhil Tiwari",129275.52,2550
12939,"Neha Srivastava",129055.15,2551
14262,"Aditi Srivastava",128999.64,2552
10113,"Rohit Joshi",128994.44,2553
14651,"Arjun Jain",128961.8,2554
13516,"Sneha Patel",128945.33,2555
11935,"Karan Agarwal",128909.82,2556
11046,"Isha Patel",128785.92,2557
11016,"Arjun Jain",128754.03,2558
12541,"Rohan Agarwal",128698.64,2559
11189,"Pooja Yadav",128641.07,2560
13267,"Mohit Srivastava",128599.03,2561
10623,"Rohit Mehta",128374.95,2562
12982,"Himanshu Jain",128232.53,2563
12015,"Rahul Kumar",128025.79,2564
11895,"Himanshu Chauhan",127940.82,2565
11098,"Aarav Chauhan",127884.73,2566
14996,"Neeraj Kapoor",127882.92,2567
14459,"Vikas Kumar",127802.16,2568
11878,"Aman Gupta",127773.1,2569
11336,"Sneha Singh",127710,2570
11861,"Ananya Srivastava",127646.93,2571
14744,"Aarav Shah",127590.48,2572
11114,"Vikas Yadav",127550.09,2573
14592,"Neeraj Joshi",127479.77,2574
11161,"Yash Jain",127351.43,2575
14329,"Karan Bansal",127231.81,2576
13004,"Neha Jain",127196.68,2577
10485,"Simran Patel",127181.84,2578
13329,"Himanshu Chauhan",127105.4,2579
10558,"Neeraj Bansal",127058.34,2580
14624,"Mohit Mehta",127056.56,2581
12855,"Himanshu Malhotra",126868.5,2582
10464,"Neeraj Verma",126865.72,2583
14857,"Varun Joshi",126826.2,2584
12747,"Rahul Joshi",126776.98,2585
12207,"Varun Bansal",126517.56,2586
10360,"Kavya Gupta",126401.08,2587
11734,"Vivaan Kapoor",126378.73,2588
11088,"Ananya Gupta",126257.51,2589
14033,"Priya Bansal",126112.92,2590
11678,"Neha Shah",126044.76,2591
13847,"Rohit Patel",125843.75,2592
13492,"Rohan Patel",125813.77,2593
13820,"Sahil Kumar",125773.72,2594
12445,"Himanshu Tiwari",125758.04,2595
13721,"Priya Sinha",125678.58,2596
10564,"Aman Mehta",125669.93,2597
14796,"Ananya Joshi",125467.69,2598
11521,"Varun Srivastava",125318.97,2599
13913,"Vikas Mishra",125151.67,2600
11645,"Yash Mishra",125111.04,2601
13686,"Varun Singh",125081.67,2602
14528,"Varun Mishra",125070.46,2603
12042,"Abhishek Tiwari",124997.36,2604
13703,"Vikas Sinha",124903.1,2605
13639,"Neeraj Jain",124757.87,2606
12220,"Pooja Yadav",124737.04,2607
14170,"Aarav Mishra",124726.44,2608
11203,"Akash Kumar",124687.13,2609
12393,"Akash Joshi",124595.29,2610
11113,"Rahul Malhotra",124524.01,2611
12415,"Neeraj Gupta",124504.95,2612
13739,"Priya Kumar",124479.75,2613
11906,"Aarav Joshi",124436.08,2614
11721,"Akash Mishra",124382,2615
11546,"Nikhil Srivastava",124347.95,2616
10215,"Yash Chauhan",124168.3,2617
12423,"Rohan Shah",123901.94,2618
11715,"Himanshu Mehta",123890.94,2619
11902,"Pooja Gupta",123877.26,2620
11305,"Ananya Kapoor",123875.75,2621
11700,"Mohit Sharma",123849.82,2622
12907,"Aman Bansal",123847.93,2623
13648,"Aditya Patel",123837.89,2624
12003,"Neha Yadav",123834.96,2625
14017,"Himanshu Jain",123786.18,2626
14167,"Aarav Mishra",123755.73,2627
14371,"Aditi Patel",123696.17,2628
14683,"Akash Mehta",123689.99,2629
10719,"Aarav Kapoor",123683.29,2630
12007,"Neha Sinha",123498.13,2631
13525,"Aditya Mehta",123475.97,2632
13134,"Nikhil Kapoor",123355.98,2633
13980,"Aditi Verma",123340.48,2634
12946,"Sahil Yadav",123219.03,2635
11598,"Arjun Mehta",123093.21,2636
14449,"Sneha Patel",123045.1,2637
11317,"Rohit Tiwari",123037.16,2638
14121,"Rohit Sharma",122998.03,2639
11469,"Aarav Malhotra",122996.72,2640
12498,"Karan Sinha",122932.88,2641
14698,"Rahul Chauhan",122890.29,2642
11181,"Rohit Mehta",122769.82,2643
12782,"Sahil Jain",122746.67,2644
13296,"Varun Mishra",122557.63,2645
10989,"Abhishek Jain",122550.19,2646
12496,"Abhishek Srivastava",122532.48,2647
12143,"Isha Yadav",122515.96,2648
11216,"Akash Malhotra",122466.34,2649
12057,"Ankit Mishra",122458.46,2650
10785,"Karan Chauhan",122384.61,2651
10141,"Rohit Patel",122343.38,2652
12595,"Mohit Mishra",122322.96,2653
11435,"Vikas Yadav",122218.42,2654
13171,"Vivaan Agarwal",122218.3,2655
11225,"Rahul Sinha",122120.96,2656
12392,"Sahil Kapoor",122040.26,2657
10144,"Aarav Sinha",122026.15,2658
12099,"Aditya Singh",121991.04,2659
10963,"Isha Shah",121924.35,2660
13006,"Priya Bansal",121782.65,2661
10221,"Neeraj Bansal",121628.82,2662
12297,"Riya Singh",121578.24,2663
10988,"Aditya Agarwal",121524.69,2664
12421,"Ananya Chauhan",121470.76,2665
10626,"Pooja Joshi",121444.08,2666
11538,"Riya Patel",121413.91,2667
13808,"Yash Jain",121285.72,2668
13422,"Aarav Gupta",121269.11,2669
13197,"Vikas Yadav",121231.4,2670
12411,"Varun Agarwal",121211.64,2671
10383,"Aman Sharma",121155.86,2672
10627,"Isha Mishra",121075.25,2673
14649,"Vivaan Malhotra",121025.47,2674
11294,"Vivaan Bansal",121016.1,2675
12954,"Simran Kumar",120969.7,2676
13263,"Aditi Kapoor",120963.34,2677
13201,"Arjun Shah",120878.01,2678
11756,"Rohan Joshi",120829.35,2679
11507,"Priya Kapoor",120741.09,2680
12224,"Kavya Mishra",120302.18,2681
14595,"Rohan Sharma",120287.5,2682
13010,"Abhishek Yadav",120279.15,2683
13899,"Vivaan Malhotra",120081.98,2684
12059,"Neha Kumar",120048.66,2685
12211,"Neeraj Gupta",120015.21,2686
13266,"Abhishek Bansal",119897.87,2687
12559,"Neha Joshi",119815.25,2688
10898,"Simran Sharma",119628.61,2689
14323,"Simran Joshi",119551.15,2690
14090,"Himanshu Yadav",119340.11,2691
10385,"Yash Kapoor",119275.85,2692
10036,"Pooja Jain",119273.3,2693
13622,"Priya Tiwari",119225.16,2694
11426,"Vivaan Kumar",119202.45,2695
11050,"Pooja Verma",119190.88,2696
13496,"Rahul Patel",119126.35,2697
14315,"Isha Jain",119056.18,2698
13316,"Aditya Shah",119043.59,2699
10079,"Rohit Sharma",119001.11,2700
12237,"Abhishek Patel",118909.52,2701
14978,"Vikas Sinha",118862.43,2702
14264,"Arjun Chauhan",118822.21,2703
10106,"Nikhil Yadav",118819.04,2704
12837,"Kavya Kapoor",118617.27,2705
10616,"Mohit Chauhan",118606.73,2706
13481,"Aditya Kapoor",118512,2707
11614,"Isha Verma",118459.18,2708
13101,"Sahil Mehta",118378.28,2709
13590,"Priya Kapoor",118343.29,2710
11139,"Rohit Malhotra",118318.78,2711
14783,"Mohit Chauhan",118299.52,2712
12039,"Vikas Verma",118181.79,2713
13423,"Akash Malhotra",118094.1,2714
13093,"Vikas Singh",118057.27,2715
12077,"Simran Mishra",117918.24,2716
13909,"Rohit Gupta",117916.22,2717
14077,"Neeraj Sinha",117833.88,2718
13268,"Simran Verma",117665.66,2719
11536,"Pooja Patel",117651.91,2720
12338,"Pooja Sinha",117561.64,2721
13069,"Aditya Sinha",117446.85,2722
13099,"Arjun Mehta",117443.76,2723
10320,"Neha Joshi",117386.27,2724
11862,"Abhishek Kumar",117307.92,2725
14239,"Sneha Mishra",117306.15,2726
10466,"Abhishek Malhotra",117267.18,2727
10403,"Vikas Malhotra",117196.99,2728
11291,"Neeraj Sinha",117076.75,2729
14846,"Ankit Mehta",117008.72,2730
12458,"Varun Verma",116906.26,2731
13410,"Ankit Chauhan",116879.52,2732
13967,"Mohit Verma",116821.12,2733
13821,"Neha Sharma",116797.66,2734
11697,"Akash Singh",116768.94,2735
14608,"Varun Tiwari",116756.01,2736
12183,"Aditya Verma",116727.02,2737
11849,"Himanshu Kapoor",116667.32,2738
14916,"Vivaan Mehta",116631.36,2739
12512,"Karan Gupta",116535.15,2740
11419,"Sahil Yadav",116469.99,2741
13117,"Rahul Patel",116427.32,2742
14850,"Ankit Bansal",116373.38,2743
13304,"Mohit Gupta",116320.38,2744
12525,"Mohit Gupta",116250.06,2745
14581,"Sneha Shah",116182.46,2746
14448,"Himanshu Malhotra",116176.75,2747
14544,"Neeraj Patel",116115.22,2748
10429,"Akash Bansal",116052.6,2749
14533,"Karan Sinha",115931.29,2750
12361,"Pooja Mehta",115817.77,2751
11921,"Himanshu Malhotra",115647.59,2752
10973,"Mohit Verma",115614.04,2753
14589,"Pooja Jain",115455.83,2754
12847,"Yash Kapoor",115342.31,2755
11680,"Rohit Verma",115278.52,2756
12474,"Priya Patel",115252.33,2757
12065,"Nikhil Chauhan",115242.07,2758
13426,"Akash Shah",115139.93,2759
11319,"Kavya Malhotra",115039.09,2760
12435,"Arjun Patel",114986.12,2761
12332,"Akash Kapoor",114805.72,2762
13226,"Ankit Mishra",114733.52,2763
13115,"Neeraj Joshi",114716.82,2764
14680,"Vikas Sharma",114695.28,2765
10293,"Mohit Chauhan",114673.2,2766
10749,"Mohit Sharma",114649.44,2767
13994,"Vivaan Mishra",114625.06,2768
11207,"Neha Kapoor",114616.86,2769
13451,"Mohit Mehta",114599.2,2770
10299,"Neeraj Joshi",114520.03,2771
13137,"Ananya Joshi",114469.11,2772
10646,"Sneha Tiwari",114459.71,2773
13408,"Isha Jain",114454.68,2774
12022,"Neha Chauhan",114357.67,2775
12217,"Riya Mishra",114357.09,2776
12466,"Aditya Mishra",114353.08,2777
13637,"Aarav Verma",114265.79,2778
12711,"Vikas Kapoor",113971.32,2779
14869,"Karan Verma",113948.29,2780
10942,"Sahil Jain",113928.43,2781
12148,"Aditya Chauhan",113860.93,2782
12976,"Karan Gupta",113799.65,2783
11887,"Neha Sharma",113763.9,2784
14598,"Aarav Singh",113756.46,2785
12328,"Aarav Jain",113755.36,2786
11357,"Aarav Tiwari",113754.03,2787
11703,"Rohit Chauhan",113632.93,2788
10903,"Vikas Gupta",113627.51,2789
14133,"Nikhil Malhotra",113511.35,2790
13471,"Yash Patel",113508.2,2791
14151,"Himanshu Malhotra",113506.98,2792
14463,"Nikhil Bansal",113487.12,2793
14244,"Yash Singh",113458.02,2794
10026,"Ananya Agarwal",113279.55,2795
11558,"Sneha Mishra",113231.8,2796
11306,"Neha Malhotra",113030.62,2797
12762,"Abhishek Mehta",112936.83,2798
13047,"Riya Sharma",112906.08,2799
12730,"Aman Joshi",112783.76,2800
10815,"Vivaan Joshi",112747.36,2801
14868,"Vivaan Gupta",112739.94,2802
11182,"Karan Bansal",112719.23,2803
12712,"Yash Patel",112683.73,2804
13768,"Sneha Patel",112673.29,2805
12812,"Neeraj Chauhan",112407.17,2806
13310,"Rahul Agarwal",112297.83,2807
12088,"Nikhil Joshi",112295.38,2808
11596,"Akash Bansal",112186.5,2809
11588,"Nikhil Verma",112162.26,2810
11366,"Isha Mishra",111952.69,2811
12587,"Aditya Sharma",111912.83,2812
10523,"Himanshu Kumar",111841.51,2813
13107,"Aditi Tiwari",111739.26,2814
14057,"Rohit Sinha",111733.61,2815
12867,"Ananya Verma",111710.86,2816
10763,"Isha Chauhan",111692.76,2817
12585,"Rahul Patel",111676.89,2818
14612,"Rohan Kumar",111637.02,2819
12280,"Arjun Jain",111598.7,2820
11472,"Aman Kumar",111598.32,2821
10012,"Riya Gupta",111571.57,2822
14027,"Riya Malhotra",111471.89,2823
14112,"Karan Mehta",111376.01,2824
11643,"Aditya Agarwal",111272.45,2825
12298,"Neeraj Shah",111263.65,2826
12760,"Nikhil Srivastava",111174.63,2827
12196,"Kavya Shah",111075.93,2828
12734,"Pooja Yadav",111048.08,2829
13058,"Varun Sinha",110986.14,2830
13433,"Abhishek Gupta",110919.54,2831
11656,"Ananya Yadav",110850.73,2832
13792,"Arjun Verma",110800.34,2833
12923,"Karan Kumar",110719.54,2834
10063,"Simran Bansal",110445.14,2835
10535,"Neeraj Joshi",110304.67,2836
10781,"Abhishek Sinha",110201.87,2837
14159,"Aarav Srivastava",110033.17,2838
13880,"Abhishek Joshi",109960.74,2839
11664,"Nikhil Yadav",109918.44,2840
14811,"Aditya Tiwari",109895.35,2841
14787,"Kavya Verma",109853.91,2842
14793,"Aarav Patel",109820.16,2843
13796,"Aman Yadav",109789.96,2844
10492,"Yash Jain",109781.92,2845
12024,"Mohit Gupta",109688.19,2846
10793,"Aman Singh",109659.74,2847
13629,"Pooja Sinha",109622.54,2848
13660,"Riya Mishra",109410.65,2849
13409,"Aarav Malhotra",109385.55,2850
12030,"Vikas Sinha",109363.89,2851
10590,"Riya Chauhan",109138.53,2852
10651,"Yash Chauhan",109135.78,2853
13067,"Ankit Tiwari",109120,2854
10490,"Varun Srivastava",109074.97,2855
13650,"Aditi Kapoor",109064.65,2856
12658,"Kavya Mehta",109055.1,2857
11775,"Priya Chauhan",109017.81,2858
13578,"Aditya Verma",108987.73,2859
13361,"Karan Malhotra",108913.11,2860
11233,"Ankit Singh",108850.41,2861
13200,"Arjun Patel",108848.15,2862
10569,"Simran Malhotra",108760.77,2863
14665,"Neeraj Sharma",108712.49,2864
10237,"Ankit Singh",108562.11,2865
11964,"Vivaan Malhotra",108547.98,2866
14622,"Akash Chauhan",108523.37,2867
14701,"Aman Srivastava",108411.39,2868
12612,"Himanshu Malhotra",108394.49,2869
11940,"Varun Gupta",108362.46,2870
14566,"Priya Mishra",108320.84,2871
13353,"Aditi Chauhan",108215.66,2872
10998,"Neeraj Tiwari",108179.45,2873
10595,"Rohan Gupta",107987.3,2874
10974,"Isha Sharma",107966.87,2875
10274,"Aman Mishra",107960.64,2876
12021,"Neha Joshi",107955.47,2877
14915,"Neha Mishra",107941.48,2878
10452,"Aarav Singh",107683.97,2879
14704,"Sahil Yadav",107683.79,2880
12745,"Abhishek Gupta",107566.82,2881
14149,"Simran Yadav",107545.01,2882
10970,"Pooja Sharma",107538.32,2883
14654,"Akash Malhotra",107518.6,2884
12166,"Varun Singh",107444.01,2885
12852,"Aditi Bansal",107414.57,2886
14367,"Rahul Shah",107279.93,2887
10773,"Aarav Mehta",107241.71,2888
10070,"Rohan Sharma",107170.42,2889
11204,"Ankit Yadav",107111.1,2890
13012,"Vivaan Tiwari",106984.16,2891
10700,"Mohit Malhotra",106970.61,2892
14106,"Neeraj Patel",106904.18,2893
12046,"Rohan Bansal",106797.75,2894
13270,"Neha Agarwal",106742.43,2895
12230,"Arjun Gupta",106636.22,2896
13359,"Neeraj Chauhan",106467.2,2897
14801,"Varun Jain",106235.29,2898
10033,"Nikhil Jain",106230.18,2899
10924,"Arjun Kumar",106163.91,2900
13334,"Ankit Gupta",106145.69,2901
12681,"Sneha Joshi",106087.71,2902
11605,"Ankit Verma",106022.28,2903
10028,"Yash Srivastava",106018.09,2904
14730,"Pooja Singh",105953.73,2905
13886,"Varun Kapoor",105953.73,2905
12955,"Nikhil Malhotra",105743.9,2907
12195,"Akash Kumar",105675.43,2908
12936,"Vikas Bansal",105648.89,2909
12513,"Neeraj Shah",105620.05,2910
10263,"Neha Mehta",105556.07,2911
11085,"Simran Kapoor",105479.34,2912
12004,"Karan Mishra",105452.57,2913
11979,"Neeraj Yadav",105267.19,2914
12651,"Pooja Malhotra",105185.95,2915
11288,"Abhishek Kumar",105147.89,2916
11982,"Kavya Kumar",105134.79,2917
11857,"Mohit Srivastava",105099.15,2918
10287,"Rohan Joshi",104943.72,2919
11170,"Pooja Verma",104814.91,2920
11326,"Aman Srivastava",104755.34,2921
10812,"Akash Shah",104673.2,2922
13147,"Neha Gupta",104443.95,2923
12178,"Akash Yadav",104420.65,2924
14872,"Ankit Jain",104385.07,2925
13523,"Rohit Bansal",104090.48,2926
10594,"Pooja Jain",104033.25,2927
12414,"Arjun Kapoor",103860.6,2928
11444,"Abhishek Sinha",103809.72,2929
14240,"Neeraj Bansal",103766.42,2930
12583,"Aman Sinha",103711.16,2931
14981,"Mohit Joshi",103640.1,2932
11453,"Varun Shah",103596.28,2933
10979,"Sahil Yadav",103557.35,2934
11261,"Vikas Singh",103477.56,2935
13150,"Nikhil Bansal",103462.14,2936
10893,"Yash Singh",103449.97,2937
13728,"Akash Sinha",103401.45,2938
12828,"Rohan Sharma",103398.4,2939
12304,"Rohan Srivastava",103350.16,2940
14534,"Karan Kumar",103274.13,2941
12526,"Vivaan Malhotra",103217.86,2942
10537,"Akash Tiwari",103212.48,2943
13911,"Himanshu Gupta",103156.79,2944
14224,"Ananya Shah",103099.75,2945
10635,"Aditi Agarwal",103061.42,2946
11032,"Neeraj Bansal",103051.71,2947
14724,"Yash Kumar",102984.67,2948
13905,"Abhishek Kumar",102871.37,2949
14020,"Simran Malhotra",102835.49,2950
13693,"Sahil Sharma",102693.31,2951
12536,"Arjun Jain",102687.22,2952
12984,"Vikas Verma",102680.38,2953
12182,"Sneha Joshi",102634.81,2954
13237,"Neha Gupta",102606.35,2955
12890,"Kavya Patel",102557.18,2956
11672,"Yash Gupta",102510.18,2957
14926,"Simran Jain",102417.76,2958
10257,"Neeraj Patel",102305.8,2959
14835,"Sneha Verma",102283.2,2960
10114,"Rohan Chauhan",102269.97,2961
10072,"Priya Singh",102249.81,2962
11970,"Sahil Mishra",102193.49,2963
14049,"Vivaan Joshi",102089.37,2964
11155,"Vikas Yadav",102012.93,2965
14662,"Pooja Tiwari",101997.83,2966
10142,"Varun Yadav",101961.08,2967
10538,"Vikas Srivastava",101908.34,2968
12898,"Sahil Mishra",101840.43,2969
11053,"Rohit Joshi",101796.31,2970
12920,"Rohan Joshi",101660.8,2971
13794,"Akash Mishra",101635.03,2972
13437,"Riya Patel",101463.99,2973
14532,"Akash Sharma",101320.84,2974
13112,"Pooja Mehta",101313.46,2975
10890,"Himanshu Gupta",101282.54,2976
10934,"Vikas Chauhan",101276.21,2977
14763,"Simran Joshi",101169.6,2978
14790,"Sahil Sinha",101155.23,2979
13476,"Neeraj Malhotra",101129.31,2980
13102,"Aarav Kumar",101112.07,2981
14235,"Priya Verma",101017.61,2982
10911,"Aditya Tiwari",100913.18,2983
12639,"Rohit Sinha",100854.91,2984
11997,"Aditi Chauhan",100795.75,2985
13141,"Mohit Srivastava",100617.56,2986
12872,"Nikhil Bansal",100468.16,2987
12051,"Nikhil Shah",100408.6,2988
10353,"Varun Agarwal",100354.98,2989
13956,"Neeraj Patel",100334.39,2990
12615,"Sahil Jain",100275.03,2991
13259,"Sahil Yadav",100263.54,2992
14874,"Rohan Srivastava",100259.87,2993
11785,"Karan Chauhan",100249.14,2994
12777,"Rahul Malhotra",99978.82,2995
10236,"Ananya Shah",99973.97,2996
13049,"Nikhil Singh",99965.76,2997
12654,"Vivaan Bansal",99906.63,2998
10177,"Ankit Mehta",99867.2,2999
14604,"Aditi Kumar",99718.66,3000
14886,"Priya Gupta",99690.53,3001
12683,"Aarav Jain",99685.45,3002
14940,"Himanshu Verma",99635.18,3003
14588,"Riya Srivastava",99620.32,3004
10673,"Ananya Mehta",99593.68,3005
11534,"Sahil Shah",99495.4,3006
14521,"Himanshu Kumar",99491.19,3007
11309,"Rohit Chauhan",99461.09,3008
12094,"Ananya Gupta",99438.22,3009
11037,"Rohan Malhotra",99373.19,3010
11957,"Mohit Kapoor",99293.04,3011
11797,"Isha Bansal",99252.69,3012
11243,"Rohit Verma",99242.42,3013
12914,"Pooja Gupta",99208.73,3014
14190,"Abhishek Mishra",99174.83,3015
14748,"Kavya Gupta",99133.35,3016
10588,"Nikhil Bansal",99116.88,3017
12685,"Karan Sinha",99110.86,3018
14577,"Rohan Sharma",99020.7,3019
14178,"Himanshu Srivastava",98837.11,3020
10585,"Nikhil Kumar",98771.6,3021
14756,"Aditi Jain",98713.11,3022
12386,"Isha Agarwal",98689.66,3023
12382,"Sahil Verma",98622.12,3024
13869,"Arjun Agarwal",98591.1,3025
13898,"Sneha Yadav",98496.74,3026
13917,"Mohit Mehta",98461.35,3027
14147,"Varun Bansal",98453.29,3028
12621,"Sneha Singh",98385.93,3029
11607,"Vikas Singh",98346.74,3030
14821,"Mohit Malhotra",98343.25,3031
10421,"Simran Shah",97864.99,3032
10690,"Ankit Chauhan",97793.29,3033
13089,"Rahul Malhotra",97670.92,3034
13371,"Karan Chauhan",97536.02,3035
13950,"Rahul Malhotra",97393.7,3036
11691,"Neha Shah",97330.11,3037
14679,"Abhishek Kapoor",96985.28,3038
11716,"Vikas Patel",96982.73,3039
13418,"Rohan Yadav",96963.79,3040
12268,"Aditi Jain",96908.64,3041
11567,"Arjun Mishra",96829.7,3042
11649,"Rohan Srivastava",96791.36,3043
11334,"Akash Kapoor",96774.45,3044
13167,"Neha Kumar",96662.07,3045
10052,"Aarav Singh",96526.26,3046
11144,"Kavya Verma",96335.77,3047
14661,"Vikas Yadav",96215.48,3048
10185,"Neha Verma",96165.51,3049
13941,"Rahul Sinha",96140.33,3050
12478,"Himanshu Patel",96075.48,3051
11610,"Kavya Singh",95943.35,3052
14768,"Priya Sinha",95885.95,3053
10438,"Aditi Srivastava",95800.31,3054
12326,"Rohit Agarwal",95796.2,3055
14181,"Sneha Kumar",95745.98,3056
14772,"Ankit Joshi",95669.16,3057
13690,"Abhishek Sharma",95574.26,3058
11794,"Aditya Tiwari",95501.19,3059
13094,"Rohan Sharma",95366.21,3060
10146,"Aditya Bansal",95243.21,3061
14384,"Kavya Mishra",95178.42,3062
11869,"Rohan Tiwari",95038.51,3063
10557,"Aditya Kumar",94785.76,3064
10731,"Aditya Bansal",94698.6,3065
13123,"Yash Sinha",94668.95,3066
12142,"Pooja Malhotra",94662.05,3067
10088,"Arjun Chauhan",94539.25,3068
14540,"Aditya Sharma",94454.8,3069
12669,"Sneha Srivastava",94433.83,3070
12180,"Kavya Yadav",94390.9,3071
14732,"Aarav Bansal",94257.86,3072
14671,"Aarav Srivastava",94240.99,3073
13988,"Abhishek Sharma",94234.27,3074
11192,"Simran Mishra",94212.59,3075
13683,"Aditi Tiwari",93997.31,3076
10648,"Varun Srivastava",93992.11,3077
14968,"Vikas Bansal",93923.17,3078
12863,"Himanshu Patel",93912.24,3079
14951,"Simran Shah",93482.57,3080
10459,"Aman Shah",93427.19,3081
11724,"Riya Singh",93404.99,3082
12235,"Abhishek Joshi",93305.89,3083
14578,"Aarav Kumar",93251.25,3084
14691,"Akash Malhotra",93094.76,3085
12168,"Himanshu Patel",93019.07,3086
11199,"Rahul Bansal",92950.54,3087
11167,"Varun Kumar",92931.66,3088
12073,"Isha Sinha",92926.37,3089
11149,"Karan Jain",92646.58,3090
10180,"Ananya Agarwal",92542.54,3091
11989,"Priya Yadav",92532.62,3092
11931,"Aditi Patel",92453.89,3093
12659,"Neha Srivastava",92447.13,3094
10131,"Varun Verma",92251.91,3095
13073,"Abhishek Tiwari",92243.93,3096
14696,"Isha Shah",92230.33,3097
13318,"Aditya Kumar",92212.3,3098
11848,"Arjun Chauhan",92199.6,3099
14954,"Vivaan Gupta",92155.58,3100
12548,"Himanshu Agarwal",92090.72,3101
11022,"Nikhil Agarwal",92083.96,3102
12634,"Pooja Sinha",92034.87,3103
12774,"Vikas Jain",91860.83,3104
10670,"Rahul Chauhan",91659.82,3105
10158,"Aditya Jain",91635.11,3106
13386,"Aarav Singh",91560.77,3107
11881,"Mohit Tiwari",91422.92,3108
10549,"Kavya Mehta",91341.5,3109
14029,"Karan Mishra",91338.38,3110
12906,"Kavya Malhotra",91146.83,3111
13027,"Yash Tiwari",91125.9,3112
13357,"Varun Verma",91089.59,3113
12761,"Mohit Jain",91060.82,3114
11653,"Nikhil Srivastava",91007.76,3115
11133,"Sneha Tiwari",90930.4,3116
11636,"Akash Kapoor",90914.77,3117
12510,"Vikas Verma",90712.22,3118
11337,"Varun Agarwal",90684.32,3119
10477,"Aditi Gupta",90673.1,3120
12290,"Rohan Gupta",90598.43,3121
11710,"Riya Tiwari",90563.6,3122
10555,"Kavya Joshi",90514.29,3123
10329,"Riya Verma",90460.85,3124
14634,"Aditi Verma",90455.66,3125
13204,"Aditi Singh",90444.86,3126
10746,"Sahil Kumar",90439,3127
13327,"Neha Tiwari",90312.58,3128
10570,"Neeraj Sinha",90312.23,3129
12502,"Rohan Patel",90181.24,3130
11580,"Isha Tiwari",90159.87,3131
10404,"Simran Patel",90146.25,3132
14361,"Rohan Tiwari",90091.64,3133
12177,"Neha Joshi",90067.4,3134
13289,"Vikas Kapoor",90035.36,3135
12880,"Priya Tiwari",89970.17,3136
10827,"Ankit Mehta",89764.5,3137
13407,"Ankit Agarwal",89730.97,3138
10463,"Ananya Malhotra",89724.5,3139
13432,"Sneha Yadav",89688.37,3140
11211,"Priya Srivastava",89654.44,3141
14396,"Yash Malhotra",89628.88,3142
10871,"Vivaan Gupta",89556.87,3143
13548,"Rohit Yadav",89486.56,3144
10251,"Vikas Yadav",89449.56,3145
12150,"Simran Kumar",89391.33,3146
13368,"Neeraj Singh",89336.97,3147
14010,"Riya Srivastava",89336.41,3148
12147,"Rahul Srivastava",89227.71,3149
10258,"Mohit Chauhan",89103.66,3150
11196,"Priya Yadav",89072.24,3151
13883,"Mohit Sharma",88990.2,3152
12080,"Nikhil Patel",88986.8,3153
11361,"Isha Bansal",88958.81,3154
13699,"Akash Chauhan",88920.24,3155
10171,"Karan Kapoor",88903.45,3156
13240,"Nikhil Verma",88791.13,3157
10691,"Neeraj Agarwal",88740.84,3158
14721,"Rohit Gupta",88655.22,3159
13680,"Rohan Srivastava",88606.5,3160
11942,"Rahul Tiwari",88578.49,3161
12438,"Vikas Shah",88455.01,3162
13673,"Nikhil Tiwari",88370.48,3163
14253,"Aditya Patel",88353.02,3164
13940,"Sahil Patel",88334.63,3165
10411,"Abhishek Joshi",88300.24,3166
11581,"Simran Yadav",88297.58,3167
12456,"Akash Yadav",88288.77,3168
12690,"Aditya Singh",88124.34,3169
14564,"Akash Patel",88071.66,3170
14189,"Yash Yadav",88065.74,3171
12973,"Ankit Yadav",87994.39,3172
14735,"Ananya Patel",87978.39,3173
10633,"Pooja Malhotra",87921.6,3174
13490,"Aditya Singh",87824.24,3175
10771,"Isha Shah",87721.45,3176
13585,"Ananya Chauhan",87582.25,3177
11633,"Mohit Mehta",87539.21,3178
10630,"Varun Sinha",87396.47,3179
12926,"Priya Agarwal",87348.97,3180
11054,"Sneha Sinha",87323.97,3181
10282,"Kavya Malhotra",87321.92,3182
14403,"Karan Verma",87321.61,3183
11757,"Nikhil Gupta",87284.05,3184
12066,"Sahil Singh",87233.94,3185
11122,"Yash Patel",87197.75,3186
12238,"Isha Sharma",87124.05,3187
14412,"Riya Mishra",87015.13,3188
14572,"Rohan Verma",86751.14,3189
10167,"Rahul Chauhan",86705.7,3190
11841,"Vikas Mishra",86694.95,3191
13482,"Himanshu Mehta",86675.06,3192
11593,"Akash Singh",86633.76,3193
13934,"Priya Chauhan",86519.42,3194
12020,"Rohan Chauhan",86518.43,3195
13914,"Aditya Malhotra",86395.33,3196
11090,"Aditya Kapoor",86170.31,3197
13530,"Himanshu Agarwal",86144.01,3198
12348,"Isha Kapoor",86130.12,3199
14570,"Isha Patel",86113.1,3200
13996,"Varun Malhotra",85863.43,3201
11995,"Rahul Patel",85725.78,3202
10519,"Ananya Bansal",85719.99,3203
12571,"Vivaan Yadav",85672.66,3204
14325,"Riya Mehta",85603.84,3205
10194,"Varun Yadav",85575.53,3206
11303,"Karan Shah",85570.38,3207
12641,"Kavya Mishra",85559,3208
11141,"Varun Malhotra",85535.28,3209
11409,"Kavya Mishra",85526.88,3210
12479,"Varun Kapoor",85424.84,3211
12846,"Aman Joshi",85366.06,3212
13079,"Isha Malhotra",85269.38,3213
10869,"Neeraj Yadav",85254.8,3214
11863,"Priya Joshi",85249.08,3215
12277,"Pooja Mehta",85194.66,3216
10860,"Isha Kapoor",85172.07,3217
14627,"Rohan Mishra",85144.17,3218
11537,"Isha Malhotra",85125.95,3219
11840,"Mohit Joshi",85119.63,3220
10107,"Kavya Malhotra",85105.09,3221
11501,"Himanshu Joshi",84938.57,3222
13129,"Arjun Srivastava",84897.46,3223
11867,"Abhishek Singh",84866.06,3224
11004,"Vikas Verma",84752.56,3225
13337,"Neha Shah",84746.16,3226
14803,"Karan Shah",84720.45,3227
11609,"Varun Malhotra",84705.43,3228
14267,"Neha Chauhan",84688.05,3229
10611,"Karan Mishra",84552.4,3230
14177,"Pooja Srivastava",84457.36,3231
11159,"Simran Singh",84406.76,3232
13185,"Mohit Chauhan",84395.78,3233
10013,"Himanshu Singh",84382.93,3234
14494,"Ananya Kapoor",84375.1,3235
12581,"Varun Chauhan",84306.91,3236
11714,"Vivaan Joshi",84024.93,3237
13313,"Aman Shah",84003.19,3238
10288,"Ankit Srivastava",83956.26,3239
10092,"Simran Malhotra",83929.82,3240
14644,"Aman Mishra",83907.84,3241
13283,"Sahil Kapoor",83905.43,3242
12353,"Pooja Malhotra",83821.87,3243
13865,"Ankit Srivastava",83754.01,3244
10327,"Isha Joshi",83642.03,3245
14433,"Aman Sharma",83321.49,3246
10792,"Kavya Patel",83300.07,3247
12259,"Akash Sinha",83212.16,3248
10525,"Isha Agarwal",82863.52,3249
10640,"Abhishek Mehta",82841.32,3250
11851,"Yash Patel",82687.39,3251
13608,"Pooja Kumar",82635.33,3252
12850,"Vivaan Agarwal",82632.99,3253
14428,"Mohit Gupta",82596.52,3254
13153,"Vikas Mishra",82484.39,3255
14395,"Abhishek Gupta",82454.12,3256
11275,"Sahil Bansal",82356.98,3257
12691,"Sneha Joshi",82239.94,3258
10955,"Ananya Gupta",82232.22,3259
10939,"Rahul Joshi",82222.65,3260
11728,"Kavya Chauhan",82143.82,3261
14214,"Riya Verma",82112.97,3262
11387,"Rahul Sharma",82094.27,3263
12958,"Nikhil Chauhan",82058.31,3264
13710,"Arjun Yadav",82018.46,3265
13447,"Ananya Kumar",81983.73,3266
10006,"Yash Srivastava",81931.03,3267
14099,"Sahil Mishra",81902.97,3268
14173,"Rahul Sharma",81733.77,3269
11395,"Mohit Tiwari",81713.6,3270
12935,"Nikhil Malhotra",81439.52,3271
11566,"Vikas Mehta",81425.7,3272
10204,"Neeraj Agarwal",81423.31,3273
11682,"Aarav Verma",81385.02,3274
11670,"Aman Singh",81217.52,3275
14477,"Ananya Yadav",81092.6,3276
13198,"Akash Gupta",81040.45,3277
10504,"Rahul Patel",81027.5,3278
10102,"Aditya Shah",81022.73,3279
14856,"Aman Chauhan",81013.38,3280
14618,"Nikhil Gupta",80898.64,3281
10798,"Pooja Yadav",80898.07,3282
12879,"Simran Sinha",80851.48,3283
14487,"Akash Mishra",80704.13,3284
12314,"Pooja Gupta",80643.18,3285
13723,"Varun Agarwal",80591.87,3286
14187,"Priya Shah",80427.83,3287
11439,"Varun Yadav",80362.62,3288
10628,"Ankit Srivastava",80342.75,3289
10481,"Ananya Mishra",80154.68,3290
12979,"Rahul Kumar",80137.13,3291
12871,"Aman Mehta",80070.17,3292
10761,"Isha Sinha",79997.97,3293
12136,"Ananya Jain",79957.94,3294
11390,"Aarav Shah",79822.52,3295
11503,"Neha Sharma",79773.96,3296
14984,"Rohan Verma",79754.36,3297
10612,"Sneha Kapoor",79672.38,3298
13856,"Ananya Kapoor",79670.22,3299
14005,"Mohit Verma",79571,3300
11944,"Yash Verma",79452.6,3301
14789,"Pooja Singh",79212.57,3302
10983,"Himanshu Bansal",79078.21,3303
11250,"Sneha Yadav",79029.51,3304
10810,"Priya Agarwal",79000.31,3305
13463,"Priya Joshi",78891.67,3306
11424,"Rohan Agarwal",78802.08,3307
12401,"Sneha Bansal",78790.78,3308
12569,"Rohan Bansal",78719,3309
13095,"Arjun Malhotra",78718.05,3310
11489,"Aditya Mehta",78673.49,3311
14646,"Simran Agarwal",78648.08,3312
11449,"Isha Joshi",78568.3,3313
11690,"Simran Agarwal",78537.11,3314
13868,"Rohan Gupta",78472.71,3315
14765,"Akash Mishra",78447.23,3316
14334,"Mohit Joshi",78352.92,3317
14075,"Neha Gupta",78349.31,3318
10857,"Vivaan Malhotra",78338.18,3319
10545,"Himanshu Verma",78241.04,3320
10902,"Karan Singh",78036.58,3321
14135,"Mohit Kapoor",77934.2,3322
12252,"Varun Patel",77868.01,3323
11282,"Ankit Sharma",77860.76,3324
11222,"Nikhil Sharma",77856.16,3325
11410,"Isha Srivastava",77830.19,3326
10629,"Aman Srivastava",77829.96,3327
10218,"Arjun Mehta",77798.9,3328
12419,"Abhishek Mehta",77759.13,3329
14983,"Ankit Agarwal",77756.5,3330
10604,"Rahul Agarwal",77715.94,3331
13935,"Riya Malhotra",77669.94,3332
12628,"Karan Gupta",77649.8,3333
13970,"Vivaan Shah",77587.86,3334
14103,"Rohit Chauhan",77541.88,3335
11740,"Mohit Chauhan",77496.29,3336
13293,"Vikas Mishra",77428.67,3337
14085,"Isha Singh",77426.38,3338
14307,"Neha Mishra",77382.76,3339
14222,"Rohit Verma",77380.16,3340
11999,"Sahil Chauhan",77371.43,3341
13890,"Abhishek Patel",77316.72,3342
10533,"Riya Tiwari",77242.12,3343
11356,"Vivaan Patel",77064.72,3344
10880,"Sahil Agarwal",76964.23,3345
14568,"Yash Bansal",76815.8,3346
12568,"Isha Mishra",76797.04,3347
12883,"Aman Chauhan",76659.64,3348
13577,"Yash Sharma",76573.44,3349
14052,"Riya Shah",76500.44,3350
11937,"Priya Bansal",76470.04,3351
12784,"Sneha Agarwal",76465.02,3352
12495,"Simran Malhotra",76431.26,3353
10577,"Varun Patel",76396.28,3354
11403,"Aarav Mishra",76343.27,3355
11126,"Yash Bansal",76335.71,3356
14277,"Aditi Kapoor",76335.24,3357
12682,"Himanshu Jain",76328.56,3358
13502,"Rahul Bansal",76181.62,3359
10426,"Kavya Tiwari",76161.93,3360
12765,"Nikhil Chauhan",76137.2,3361
12428,"Sahil Mishra",76132.24,3362
14115,"Neeraj Joshi",75947.63,3363
14987,"Neeraj Sharma",75888.08,3364
14306,"Nikhil Shah",75822.66,3365
12983,"Arjun Gupta",75810.63,3366
13339,"Priya Chauhan",75801.66,3367
14163,"Karan Kumar",75716.97,3368
12957,"Riya Agarwal",75689.25,3369
11010,"Aditya Sharma",75653.79,3370
12213,"Vivaan Kapoor",75621.33,3371
14209,"Aman Srivastava",75590.02,3372
12842,"Rohan Mishra",75552.42,3373
11955,"Simran Patel",75499.43,3374
12816,"Aditya Gupta",75464.23,3375
13246,"Isha Tiwari",75410.92,3376
13005,"Aman Kumar",75384.83,3377
11246,"Rohan Kapoor",75382.06,3378
11416,"Varun Agarwal",75362.24,3379
13707,"Akash Jain",75358.36,3380
14657,"Simran Gupta",75278.71,3381
14623,"Priya Sinha",75094.36,3382
11230,"Pooja Joshi",75076.05,3383
14241,"Pooja Jain",75050.04,3384
10985,"Aman Agarwal",74973.38,3385
11092,"Aditya Bansal",74933.86,3386
14614,"Ankit Mehta",74912.11,3387
13737,"Aditi Patel",74829.98,3388
12331,"Ankit Verma",74793.83,3389
13744,"Isha Gupta",74743.06,3390
14576,"Aditi Yadav",74719.34,3391
13007,"Vivaan Sinha",74703.88,3392
10888,"Rohan Tiwari",74680.98,3393
12273,"Neeraj Agarwal",74656.98,3394
14474,"Abhishek Yadav",74594.31,3395
13529,"Riya Chauhan",74505,3396
14473,"Rahul Shah",74426.99,3397
11462,"Kavya Gupta",74314.39,3398
12802,"Priya Joshi",74208.43,3399
12507,"Kavya Tiwari",74197.28,3400
13298,"Abhishek Chauhan",74037.31,3401
12287,"Himanshu Mehta",74023.25,3402
13051,"Nikhil Joshi",73997.76,3403
10474,"Rahul Shah",73974.79,3404
10887,"Ankit Sharma",73974.11,3405
11473,"Isha Jain",73938.31,3406
11220,"Rahul Joshi",73844.42,3407
11782,"Akash Kumar",73723.78,3408
13161,"Rohit Shah",73709.91,3409
13936,"Yash Joshi",73655.37,3410
12069,"Kavya Chauhan",73612.44,3411
10976,"Sahil Mishra",73592.7,3412
11876,"Neha Gupta",73584.04,3413
13478,"Vivaan Mehta",73580.08,3414
12433,"Aditi Yadav",73568.59,3415
12963,"Pooja Gupta",73513.27,3416
12971,"Neeraj Chauhan",73508.12,3417
11594,"Vikas Bansal",73417.11,3418
13328,"Akash Verma",73398.33,3419
12378,"Isha Patel",73327.97,3420
14897,"Aarav Agarwal",73316.6,3421
13995,"Karan Chauhan",73291.52,3422
10152,"Aditi Joshi",73195.91,3423
11563,"Riya Gupta",73189.69,3424
13916,"Mohit Yadav",73167,3425
11764,"Rahul Kapoor",73153.6,3426
14434,"Sneha Chauhan",73115.54,3427
14798,"Sneha Patel",73102.12,3428
14263,"Ananya Kumar",73099.8,3429
14138,"Ankit Joshi",73066.25,3430
10637,"Ankit Shah",73005.58,3431
12674,"Sahil Patel",72993.61,3432
11452,"Rohan Mehta",72965.08,3433
11278,"Ananya Joshi",72897.19,3434
11990,"Pooja Mehta",72842.5,3435
13229,"Neeraj Kumar",72770.6,3436
14927,"Rahul Malhotra",72742.46,3437
14122,"Aarav Tiwari",72692.51,3438
14864,"Abhishek Srivastava",72633.5,3439
10926,"Sahil Patel",72624.76,3440
11535,"Varun Shah",72599.59,3441
14402,"Sneha Agarwal",72595.87,3442
14827,"Arjun Malhotra",72543.08,3443
10095,"Pooja Shah",72477.9,3444
11839,"Pooja Agarwal",72415.98,3445
10636,"Sahil Singh",72364.64,3446
12262,"Sahil Chauhan",72331.35,3447
10968,"Rahul Verma",72217.95,3448
11813,"Neeraj Shah",72148.55,3449
13646,"Pooja Agarwal",72125.51,3450
14339,"Nikhil Joshi",72123.81,3451
14022,"Riya Shah",72107.83,3452
10295,"Aman Verma",71709.34,3453
12037,"Yash Tiwari",71594.92,3454
12322,"Arjun Yadav",71316.88,3455
14128,"Aditya Tiwari",71231.18,3456
13570,"Arjun Kapoor",71225.86,3457
14217,"Varun Shah",71127.57,3458
11621,"Neha Joshi",71030.74,3459
14560,"Rohan Mehta",71029.49,3460
13561,"Pooja Singh",70896.74,3461
12318,"Karan Sharma",70851.24,3462
13915,"Ankit Malhotra",70647.95,3463
14970,"Priya Sinha",70644.1,3464
14156,"Rahul Joshi",70642.11,3465
12119,"Vikas Agarwal",70543.55,3466
11555,"Sneha Mishra",70540.58,3467
10048,"Yash Singh",70501.24,3468
14830,"Sahil Jain",70293.1,3469
12247,"Neha Chauhan",70269.74,3470
10620,"Neha Kumar",70200.25,3471
14625,"Riya Verma",70158.44,3472
14454,"Aman Kumar",70153.13,3473
10007,"Aman Joshi",70151.48,3474
13092,"Vivaan Tiwari",70111.46,3475
13404,"Sahil Malhotra",70083.39,3476
10064,"Varun Agarwal",70081.21,3477
12707,"Rohan Shah",70081.21,3477
14441,"Karan Gupta",70074.53,3479
14353,"Sahil Malhotra",70035.67,3480
13002,"Aman Gupta",70026.47,3481
12689,"Aditya Malhotra",69966.34,3482
12671,"Yash Patel",69876.23,3483
13285,"Mohit Bansal",69870.36,3484
10572,"Karan Patel",69797.32,3485
14438,"Rahul Malhotra",69711.84,3486
11363,"Akash Gupta",69617.49,3487
10621,"Rohit Jain",69617.34,3488
14936,"Aditya Malhotra",69407.4,3489
10811,"Riya Malhotra",69297.34,3490
10127,"Mohit Agarwal",69257.52,3491
11635,"Mohit Bansal",69129.24,3492
13452,"Aditya Malhotra",68930.2,3493
10371,"Ananya Jain",68880.9,3494
12911,"Kavya Malhotra",68846.79,3495
13922,"Sneha Malhotra",68846.3,3496
13982,"Rohit Sharma",68799.81,3497
11008,"Mohit Srivastava",68791.13,3498
11102,"Rohan Mishra",68775.04,3499
12531,"Nikhil Mishra",68731.58,3500
14357,"Neeraj Sharma",68707.7,3501
12854,"Simran Shah",68591.03,3502
14009,"Karan Kapoor",68584.85,3503
12006,"Neha Patel",68540.02,3504
11667,"Simran Mishra",68526.91,3505
14144,"Aditi Kapoor",68439.8,3506
10831,"Aditya Mehta",68434.79,3507
13475,"Vivaan Joshi",68423.89,3508
14137,"Aman Gupta",68401.45,3509
13206,"Simran Kumar",68394.55,3510
10865,"Neeraj Tiwari",68325.27,3511
14076,"Yash Chauhan",68322.53,3512
11730,"Aditya Agarwal",68284.9,3513
14852,"Sahil Singh",68244.6,3514
10625,"Arjun Shah",68206.05,3515
13954,"Aarav Sinha",68194.73,3516
11355,"Himanshu Bansal",68161.55,3517
14206,"Aditya Yadav",68117.06,3518
13763,"Yash Tiwari",68039.15,3519
13055,"Ananya Joshi",67933.05,3520
10837,"Neeraj Sinha",67690.32,3521
12154,"Aditya Chauhan",67652.04,3522
11781,"Aman Singh",67590.66,3523
10078,"Sneha Chauhan",67588.7,3524
10516,"Vivaan Shah",67575.79,3525
13083,"Aditya Chauhan",67526.13,3526
10316,"Ankit Malhotra",67242.85,3527
11511,"Aarav Sharma",67221.35,3528
14255,"Mohit Joshi",67181.85,3529
13748,"Rohan Kumar",67176.14,3530
13556,"Abhishek Agarwal",67117.93,3531
13641,"Sahil Singh",67112.06,3532
10325,"Isha Patel",67103.4,3533
14953,"Himanshu Chauhan",66975.19,3534
12732,"Ananya Yadav",66943.04,3535
12090,"Riya Mehta",66882.1,3536
12279,"Priya Chauhan",66848.75,3537
13923,"Riya Mehta",66798.48,3538
14912,"Sahil Jain",66784.2,3539
14757,"Aditya Sharma",66745.5,3540
10947,"Rahul Verma",66695.43,3541
11150,"Varun Joshi",66589.48,3542
12139,"Nikhil Sharma",66578.85,3543
11984,"Nikhil Sinha",66572.34,3544
13260,"Vikas Shah",66495.23,3545
10392,"Arjun Patel",66493.02,3546
12524,"Riya Sharma",66428.25,3547
13579,"Mohit Shah",66389.88,3548
13879,"Simran Sinha",66358.9,3549
13136,"Abhishek Kumar",66336.38,3550
13947,"Pooja Malhotra",66297.85,3551
10335,"Ananya Verma",66275.91,3552
11241,"Aman Gupta",66264.5,3553
11648,"Ananya Bansal",66204.59,3554
13291,"Simran Mishra",66058.47,3555
11456,"Neha Tiwari",65970.58,3556
11830,"Mohit Gupta",65953.41,3557
12036,"Himanshu Bansal",65909.38,3558
13084,"Mohit Kumar",65887.76,3559
12655,"Yash Gupta",65851.28,3560
14769,"Pooja Verma",65773.72,3561
14462,"Simran Jain",65759.15,3562
14741,"Akash Joshi",65724.22,3563
13248,"Aarav Mehta",65691.38,3564
10596,"Varun Kapoor",65573.72,3565
12547,"Abhishek Yadav",65561.27,3566
13545,"Simran Malhotra",65512.31,3567
14476,"Ankit Verma",65265.21,3568
14563,"Aarav Chauhan",65241.09,3569
11373,"Sneha Mishra",65228.08,3570
13299,"Sahil Tiwari",65207.76,3571
14399,"Nikhil Bansal",65146.47,3572
11043,"Aman Gupta",65078.87,3573
12271,"Yash Mehta",64892.96,3574
11584,"Sahil Mehta",64846.68,3575
11597,"Simran Agarwal",64846.4,3576
11399,"Karan Malhotra",64828.89,3577
10227,"Sahil Yadav",64807.8,3578
12110,"Rohit Sinha",64800.27,3579
14359,"Varun Srivastava",64766.89,3580
14208,"Rohit Joshi",64760.84,3581
11056,"Neha Agarwal",64722.44,3582
13891,"Aman Mishra",64711.2,3583
13861,"Priya Chauhan",64633.68,3584
10559,"Himanshu Kapoor",64590.3,3585
11641,"Isha Srivastava",64568.27,3586
13018,"Sneha Malhotra",64418.15,3587
12543,"Mohit Joshi",64369.57,3588
12233,"Akash Sinha",64360.99,3589
13582,"Vivaan Mishra",64283.6,3590
14139,"Kavya Singh",64272.65,3591
13753,"Simran Agarwal",64200.06,3592
10201,"Karan Jain",64182.2,3593
10835,"Aarav Sinha",63872.57,3594
14606,"Vivaan Mishra",63849.27,3595
11816,"Rohan Shah",63823.46,3596
10245,"Neeraj Joshi",63767.86,3597
10580,"Priya Agarwal",63644.21,3598
14478,"Karan Patel",63534.51,3599
10566,"Varun Kapoor",63514,3600
10220,"Ananya Tiwari",63475.94,3601
12258,"Varun Srivastava",63466.02,3602
12190,"Aditi Patel",63448.16,3603
10908,"Akash Mehta",63415.65,3604
13233,"Aman Srivastava",63402.85,3605
11365,"Rohit Sharma",63369.98,3606
10283,"Yash Jain",63366.12,3607
12637,"Arjun Gupta",63300.39,3608
10841,"Simran Shah",63289.55,3609
13910,"Ananya Sinha",63236.97,3610
10531,"Rohit Malhotra",63192.52,3611
13695,"Kavya Joshi",62996.75,3612
13303,"Himanshu Mishra",62848.34,3613
14745,"Rahul Jain",62753.58,3614
13963,"Rohit Chauhan",62742.24,3615
10042,"Neha Kapoor",62363.4,3616
11748,"Mohit Kapoor",62341.01,3617
14062,"Himanshu Shah",62272.95,3618
12990,"Vikas Verma",62269.06,3619
14157,"Ananya Verma",62223.39,3620
12721,"Akash Mehta",62188.14,3621
14234,"Neha Malhotra",62085.97,3622
14415,"Akash Malhotra",62074.76,3623
11565,"Sneha Tiwari",61971.38,3624
10032,"Vikas Jain",61901.17,3625
12790,"Kavya Bansal",61850.55,3626
10499,"Rohan Bansal",61845.1,3627
11919,"Pooja Sharma",61837.41,3628
13589,"Vikas Tiwari",61802.07,3629
10339,"Arjun Chauhan",61779.83,3630
10173,"Aarav Kumar",61771.92,3631
13509,"Sahil Agarwal",61766.55,3632
13314,"Ananya Agarwal",61649.04,3633
10475,"Mohit Patel",61638.34,3634
12062,"Isha Singh",61463.37,3635
11722,"Aditi Agarwal",61395.35,3636
11051,"Isha Kapoor",61367.63,3637
14006,"Pooja Bansal",61359.96,3638
14064,"Mohit Srivastava",61343.79,3639
12301,"Aarav Jain",61307.64,3640
12038,"Sahil Bansal",61265.67,3641
14545,"Varun Tiwari",61253.47,3642
14516,"Aditi Joshi",61145.47,3643
10375,"Vikas Chauhan",60998.87,3644
13946,"Vikas Chauhan",60894.96,3645
14795,"Abhishek Kumar",60854.13,3646
14979,"Ananya Sharma",60834.14,3647
13826,"Rohan Sinha",60665.97,3648
13444,"Aman Sinha",60648.29,3649
13104,"Sneha Jain",60647.53,3650
11766,"Rohan Kumar",60601.14,3651
14416,"Varun Sharma",60580.43,3652
10349,"Aditi Srivastava",60567.12,3653
14688,"Rahul Agarwal",60503.07,3654
12248,"Isha Joshi",60463.53,3655
11573,"Aditi Srivastava",60415.18,3656
13320,"Pooja Joshi",60408.55,3657
12459,"Riya Patel",60406.2,3658
14812,"Himanshu Srivastava",60297.18,3659
12485,"Ananya Agarwal",60241.07,3660
13242,"Pooja Sinha",60140.97,3661
11405,"Himanshu Singh",60027.07,3662
11669,"Riya Joshi",60026.12,3663
12343,"Priya Bansal",59936.56,3664
12950,"Rohan Shah",59916.17,3665
10310,"Ananya Sharma",59847.11,3666
12320,"Ankit Srivastava",59781.45,3667
13581,"Mohit Kumar",59772.28,3668
14312,"Sahil Kapoor",59762.54,3669
12501,"Vivaan Kapoor",59753.94,3670
13729,"Isha Gupta",59744.87,3671
11936,"Aarav Joshi",59742.52,3672
10261,"Rohit Joshi",59685.52,3673
10419,"Riya Sinha",59536.16,3674
14491,"Rohit Bansal",59515.09,3675
13187,"Rahul Gupta",59498.52,3676
14939,"Kavya Verma",59498.52,3676
14445,"Yash Mehta",59466.55,3678
14510,"Yash Yadav",59378.2,3679
12095,"Yash Joshi",59278.14,3680
11889,"Akash Yadav",59236.77,3681
13962,"Ananya Shah",59208.11,3682
12452,"Sneha Gupta",59162.64,3683
10179,"Varun Kapoor",59056.53,3684
13325,"Ankit Chauhan",59027.04,3685
10314,"Ananya Sinha",59000.56,3686
14652,"Neha Malhotra",58991.16,3687
11864,"Ananya Srivastava",58942.98,3688
10175,"Mohit Chauhan",58868.42,3689
13605,"Riya Tiwari",58818.41,3690
14531,"Rahul Sharma",58727.41,3691
12870,"Varun Chauhan",58703.05,3692
11679,"Neha Joshi",58669.51,3693
11835,"Karan Shah",58593.11,3694
11307,"Aarav Srivastava",58550.87,3695
14653,"Aman Jain",58549.44,3696
10647,"Kavya Sinha",58510.76,3697
12915,"Ankit Kapoor",58440.3,3698
13202,"Abhishek Mishra",58422.53,3699
14150,"Aarav Srivastava",58399.12,3700
13170,"Yash Chauhan",58293.08,3701
11780,"Simran Verma",58160.31,3702
13638,"Aarav Kumar",58095.58,3703
10108,"Rahul Bansal",58081.53,3704
12708,"Sahil Patel",58016.26,3705
13926,"Pooja Shah",57914.39,3706
11151,"Aditya Verma",57874.66,3707
14152,"Vivaan Malhotra",57790.25,3708
10253,"Sneha Patel",57743.89,3709
10214,"Sahil Shah",57665.18,3710
12737,"Akash Patel",57629.23,3711
10553,"Rohan Jain",57574.99,3712
14171,"Aditi Tiwari",57511.14,3713
10575,"Neha Shah",57486.18,3714
11676,"Rohit Shah",57407.47,3715
14734,"Varun Tiwari",57217.1,3716
13537,"Vivaan Kumar",57216.96,3717
12591,"Himanshu Singh",57184.13,3718
14909,"Sahil Jain",57183.3,3719
10362,"Priya Kapoor",57171.07,3720
11465,"Simran Shah",57107.84,3721
12810,"Simran Kumar",57101.27,3722
11067,"Neha Jain",57069.54,3723
10105,"Kavya Agarwal",57064.11,3724
14903,"Arjun Chauhan",57001.46,3725
10197,"Vivaan Verma",56985.66,3726
12778,"Isha Mishra",56962.2,3727
10266,"Ankit Singh",56887.14,3728
10306,"Pooja Shah",56829.15,3729
13148,"Priya Gupta",56623.41,3730
14377,"Rohit Tiwari",56613.11,3731
10524,"Pooja Mishra",56606.97,3732
14413,"Mohit Chauhan",56577.38,3733
14723,"Sneha Patel",56533.74,3734
14003,"Abhishek Srivastava",56530.75,3735
10780,"Mohit Gupta",56495.04,3736
14956,"Aditi Mishra",56456.07,3737
14460,"Neha Verma",56283.56,3738
13388,"Nikhil Malhotra",56204.88,3739
14250,"Vikas Malhotra",56198.21,3740
10958,"Isha Malhotra",56126.75,3741
10606,"Aarav Sinha",56113.73,3742
11923,"Neha Mishra",56064.39,3743
12454,"Aditya Srivastava",56040.65,3744
13619,"Rahul Patel",55994.85,3745
13048,"Arjun Srivastava",55967.79,3746
11853,"Karan Verma",55870.55,3747
11260,"Himanshu Yadav",55840.56,3748
13815,"Aman Malhotra",55590.58,3749
11304,"Aman Bansal",55585.78,3750
13273,"Aditi Yadav",55538.24,3751
13322,"Sneha Shah",55469.01,3752
14125,"Neeraj Mehta",55463.15,3753
13773,"Neha Chauhan",55411.17,3754
11632,"Akash Kumar",55402.83,3755
11047,"Aman Mehta",55402.07,3756
14948,"Neeraj Bansal",55335.08,3757
12614,"Kavya Shah",55329.79,3758
11792,"Sneha Mishra",55209.81,3759
14063,"Abhishek Agarwal",55202.69,3760
10671,"Pooja Malhotra",55180.96,3761
10847,"Arjun Shah",55120.3,3762
11901,"Priya Joshi",55104.4,3763
11550,"Vikas Kumar",55092.37,3764
11295,"Neha Joshi",54968.48,3765
11014,"Neeraj Agarwal",54897.16,3766
13493,"Vikas Bansal",54834.37,3767
10508,"Kavya Mishra",54820.28,3768
10809,"Ananya Mehta",54776.71,3769
11028,"Abhishek Singh",54708.79,3770
14733,"Vivaan Tiwari",54653,3771
14424,"Abhishek Patel",54615.49,3772
12899,"Sneha Verma",54605.54,3773
12786,"Kavya Patel",54503.16,3774
10929,"Vikas Mishra",54501.16,3775
10379,"Rohan Joshi",54433.59,3776
11234,"Arjun Kapoor",54419.43,3777
11353,"Neeraj Gupta",54410.85,3778
14599,"Mohit Singh",54390.05,3779
13120,"Sneha Malhotra",54223.63,3780
10565,"Mohit Patel",54205.93,3781
11991,"Karan Shah",54202.91,3782
14955,"Akash Kapoor",54127.22,3783
11668,"Rohan Singh",54123.08,3784
13839,"Sneha Mehta",54051.59,3785
11582,"Sneha Jain",54030.56,3786
13755,"Akash Malhotra",53979.15,3787
11814,"Aarav Agarwal",53718.24,3788
10834,"Aditya Chauhan",53709.65,3789
13696,"Abhishek Joshi",53605.81,3790
11870,"Yash Shah",53592.13,3791
12127,"Aman Sinha",53556.74,3792
12889,"Varun Malhotra",53457.37,3793
13599,"Rohan Verma",53371.09,3794
12882,"Neha Srivastava",53326.73,3795
14747,"Sahil Bansal",53308.24,3796
14893,"Mohit Srivastava",53258.51,3797
11706,"Vivaan Chauhan",53254.99,3798
11934,"Rohan Patel",53246.38,3799
10039,"Karan Jain",53215.73,3800
14019,"Yash Kapoor",53211.84,3801
12103,"Vivaan Malhotra",53194.89,3802
14388,"Riya Mehta",53162.93,3803
11873,"Rohan Verma",53130.34,3804
14911,"Sneha Chauhan",53097.88,3805
11783,"Neha Mehta",53035.62,3806
14774,"Pooja Tiwari",52935.57,3807
13428,"Rohit Kumar",52728.5,3808
12913,"Rohit Malhotra",52692.08,3809
10067,"Riya Bansal",52687.32,3810
11023,"Varun Jain",52632.26,3811
12849,"Neeraj Joshi",52535.45,3812
13356,"Pooja Kumar",52506.13,3813
10140,"Kavya Srivastava",52455.1,3814
13430,"Aman Mehta",52440.44,3815
14382,"Rohit Bansal",52377.6,3816
14621,"Rahul Malhotra",52346.24,3817
13180,"Mohit Malhotra",52237.46,3818
12527,"Ankit Sinha",52181.52,3819
11884,"Himanshu Bansal",52081.26,3820
13811,"Aarav Sharma",52072.02,3821
10593,"Priya Singh",52006.39,3822
11325,"Neeraj Patel",51940.82,3823
14858,"Pooja Srivastava",51891.81,3824
11376,"Pooja Patel",51886.75,3825
13756,"Neeraj Jain",51827.95,3826
13189,"Neha Kumar",51809.22,3827
14065,"Nikhil Kumar",51798.14,3828
11163,"Sahil Gupta",51599.99,3829
11484,"Aarav Sharma",51570.35,3830
11301,"Himanshu Mehta",51541.11,3831
13008,"Neha Kapoor",51480.63,3832
11314,"Simran Gupta",51351.3,3833
14992,"Nikhil Gupta",51278.59,3834
11055,"Ankit Sharma",51264.17,3835
10685,"Sahil Gupta",51172.26,3836
13772,"Nikhil Shah",51168.33,3837
14201,"Ankit Singh",51142.7,3838
13358,"Vikas Sinha",51051.24,3839
13903,"Ankit Sharma",50960.16,3840
13684,"Sneha Kapoor",50920.54,3841
14839,"Vikas Sinha",50816.81,3842
10935,"Aditi Chauhan",50738.11,3843
12404,"Himanshu Agarwal",50697.16,3844
11749,"Yash Verma",50689.2,3845
14309,"Vikas Mishra",50677.84,3846
14738,"Abhishek Yadav",50653.65,3847
14467,"Karan Patel",50583.98,3848
14047,"Pooja Kapoor",50540.16,3849
10410,"Arjun Gupta",50328.35,3850
13894,"Neha Srivastava",50325.48,3851
10272,"Rohit Agarwal",50298.59,3852
12194,"Arjun Agarwal",50246.78,3853
12124,"Ankit Sinha",50204.33,3854
10517,"Simran Bansal",50123.92,3855
11688,"Yash Agarwal",50097.72,3856
13653,"Ananya Malhotra",50065.41,3857
14231,"Simran Mishra",50056.67,3858
10854,"Vivaan Shah",50034.18,3859
13676,"Mohit Tiwari",50029.56,3860
14418,"Rohan Kumar",49961.24,3861
13021,"Aarav Sinha",49940.69,3862
14898,"Aditi Sinha",49937.67,3863
10050,"Riya Srivastava",49917.16,3864
14794,"Aman Chauhan",49900,3865
13338,"Abhishek Malhotra",49850.14,3866
10518,"Sneha Mehta",49787.74,3867
12590,"Ananya Srivastava",49773.65,3868
10395,"Ankit Sharma",49754.39,3869
12742,"Yash Yadav",49707.81,3870
14455,"Kavya Mishra",49571.08,3871
13621,"Sahil Verma",49445.46,3872
10252,"Yash Singh",49410.82,3873
10471,"Himanshu Jain",49399.14,3874
12770,"Riya Srivastava",49254.47,3875
10768,"Sahil Chauhan",49248.8,3876
10980,"Neha Joshi",49247.8,3877
11381,"Simran Chauhan",49155.56,3878
12894,"Rahul Shah",49110.84,3879
11644,"Karan Patel",49104.03,3880
13030,"Vikas Kapoor",49099.91,3881
10608,"Ankit Jain",49093.34,3882
14127,"Ananya Yadav",49002.38,3883
11388,"Aarav Tiwari",48845.9,3884
13454,"Ananya Bansal",48821.76,3885
14993,"Rahul Verma",48768.67,3886
10856,"Nikhil Singh",48634.54,3887
14526,"Vikas Mishra",48625.75,3888
10355,"Sneha Mishra",48618.49,3889
10432,"Rohit Verma",48603.79,3890
13020,"Yash Mishra",48535.51,3891
14160,"Varun Kapoor",48475.26,3892
11685,"Sahil Jain",48446.94,3893
10059,"Vivaan Yadav",48409.22,3894
14200,"Ananya Shah",48402.25,3895
10697,"Rohit Srivastava",48402.25,3895
10945,"Sahil Bansal",48360.87,3897
14169,"Yash Verma",48280.55,3898
14305,"Aditi Patel",48232.21,3899
13195,"Sahil Singh",48128.44,3900
14164,"Sahil Sinha",48039.83,3901
11908,"Abhishek Mehta",47984.93,3902
12695,"Aditi Sinha",47936.55,3903
13168,"Varun Gupta",47920.5,3904
14351,"Ananya Mishra",47837.94,3905
12133,"Neeraj Shah",47696.97,3906
14580,"Neha Kapoor",47685.77,3907
11746,"Ananya Malhotra",47623.89,3908
10206,"Aditya Tiwari",47468.52,3909
11972,"Pooja Jain",47287.04,3910
12440,"Neeraj Mishra",47268.32,3911
13618,"Neha Verma",47253.17,3912
10684,"Varun Srivastava",47244.41,3913
14451,"Mohit Tiwari",47239.24,3914
10015,"Aarav Malhotra",47229.15,3915
14884,"Neeraj Kapoor",47212.12,3916
13863,"Aditya Chauhan",47178.15,3917
10448,"Neha Agarwal",47170.41,3918
14373,"Akash Joshi",47120.79,3919
12821,"Aarav Kapoor",47098.77,3920
12709,"Vivaan Shah",47064.95,3921
10082,"Mohit Agarwal",47011.66,3922
13850,"Neha Agarwal",47002.9,3923
11689,"Arjun Srivastava",46960.86,3924
11370,"Sneha Shah",46826.33,3925
12463,"Sneha Agarwal",46536.5,3926
12114,"Arjun Joshi",46531.73,3927
14369,"Abhishek Malhotra",46501.38,3928
12515,"Abhishek Agarwal",46467.42,3929
14202,"Nikhil Shah",46353.28,3930
10554,"Simran Gupta",46345.51,3931
12573,"Abhishek Sinha",46259.06,3932
10098,"Arjun Sinha",46210.9,3933
10859,"Neeraj Sharma",46176.38,3934
10391,"Vivaan Mehta",46147.72,3935
10726,"Akash Singh",46114.75,3936
14640,"Rohan Bansal",46016.01,3937
12123,"Himanshu Sinha",46005.6,3938
13873,"Mohit Sharma",45920.07,3939
10255,"Nikhil Kumar",45901.24,3940
11460,"Sahil Bansal",45886.88,3941
14158,"Riya Tiwari",45854.71,3942
13290,"Vivaan Jain",45827.98,3943
12265,"Sahil Singh",45785.88,3944
11343,"Riya Kumar",45777.69,3945
12470,"Sahil Chauhan",45738.4,3946
12713,"Pooja Chauhan",45512.84,3947
12605,"Rohan Sharma",45414.6,3948
11826,"Abhishek Kumar",45395.94,3949
13176,"Rahul Patel",45376.53,3950
10678,"Himanshu Malhotra",45353.82,3951
12667,"Neha Sharma",45316.14,3952
11106,"Kavya Kumar",45270.18,3953
11543,"Himanshu Singh",45190.38,3954
12325,"Sahil Jain",45160.41,3955
13960,"Vivaan Chauhan",45079.61,3956
12616,"Neeraj Joshi",45059.8,3957
13900,"Kavya Kumar",45038.04,3958
10297,"Mohit Mehta",44908.51,3959
12874,"Aditya Yadav",44893.14,3960
11762,"Priya Agarwal",44891.03,3961
10552,"Varun Joshi",44846.86,3962
11273,"Sneha Gupta",44747.21,3963
13888,"Arjun Mishra",44656.62,3964
14346,"Sahil Joshi",44617.85,3965
10244,"Nikhil Mehta",44585.69,3966
14964,"Vivaan Srivastava",44461.33,3967
11695,"Mohit Jain",44415.93,3968
13555,"Neha Sinha",44391.42,3969
12833,"Arjun Kapoor",44349.2,3970
14273,"Sneha Joshi",44343.54,3971
11665,"Neha Singh",44328.94,3972
10302,"Rohit Joshi",44300.73,3973
11824,"Pooja Chauhan",44254.94,3974
13315,"Isha Shah",44127.43,3975
10913,"Yash Joshi",44112.43,3976
10493,"Rohan Agarwal",43963.68,3977
13132,"Abhishek Joshi",43948.39,3978
13503,"Aarav Bansal",43936.33,3979
12807,"Vikas Shah",43861.79,3980
14296,"Simran Mehta",43859.2,3981
11132,"Riya Sinha",43809.99,3982
11112,"Arjun Gupta",43741.39,3983
11011,"Isha Mishra",43728.89,3984
12011,"Mohit Jain",43606.98,3985
12122,"Neeraj Sharma",43604.33,3986
10249,"Sahil Mehta",43535.54,3987
10148,"Riya Srivastava",43477.29,3988
11215,"Aman Kapoor",43465.93,3989
13399,"Akash Mishra",43375.69,3990
12460,"Vikas Verma",43367.08,3991
14802,"Neha Verma",43329.16,3992
10574,"Isha Agarwal",43283.64,3993
14431,"Aditya Shah",43246.01,3994
11119,"Rahul Tiwari",43195.04,3995
12160,"Rohit Mishra",43069.77,3996
11340,"Ananya Jain",43055.6,3997
13488,"Akash Tiwari",42990.42,3998
12281,"Kavya Singh",42912.82,3999
13687,"Mohit Singh",42889.19,4000
10632,"Ankit Mehta",42807.74,4001
14873,"Neha Singh",42760.99,4002
11872,"Isha Bansal",42630.3,4003
10422,"Nikhil Yadav",42595.5,4004
13654,"Rohan Kapoor",42584.87,4005
11806,"Vikas Srivastava",42467.05,4006
13727,"Priya Yadav",42347.34,4007
13467,"Isha Srivastava",42280.19,4008
10016,"Sahil Bansal",42224.3,4009
10797,"Sahil Shah",42209.21,4010
13375,"Neeraj Bansal",41970.44,4011
13130,"Yash Srivastava",41853.49,4012
14914,"Ananya Joshi",41823.2,4013
13178,"Nikhil Singh",41735.26,4014
13655,"Sahil Malhotra",41723.44,4015
13671,"Yash Sinha",41628.7,4016
11186,"Akash Gupta",41605.96,4017
10424,"Varun Gupta",41594.14,4018
11173,"Abhishek Gupta",41496.59,4019
10129,"Vikas Bansal",41488.18,4020
10662,"Aman Mehta",41472.65,4021
12577,"Neeraj Verma",41449.68,4022
14233,"Priya Srivastava",41245.18,4023
12117,"Rohan Malhotra",41161.28,4024
11508,"Aditi Shah",41141.91,4025
10378,"Pooja Kapoor",41120.43,4026
14559,"Himanshu Jain",40997.79,4027
10112,"Neeraj Mehta",40992.45,4028
12813,"Rohan Shah",40928.14,4029
10966,"Neha Joshi",40919.8,4030
10624,"Vikas Gupta",40822.96,4031
10248,"Ankit Sinha",40789.25,4032
11464,"Rahul Chauhan",40777.35,4033
11064,"Simran Kapoor",40724.16,4034
14285,"Isha Verma",40638.41,4035
12251,"Yash Patel",40636.96,4036
12579,"Vivaan Malhotra",40575.88,4037
14820,"Ankit Kumar",40569.42,4038
11458,"Varun Srivastava",40423.56,4039
11347,"Simran Gupta",40366.44,4040
13217,"Simran Chauhan",40333.29,4041
11802,"Mohit Yadav",40319.41,4042
12787,"Aditi Sinha",40297.02,4043
14692,"Ananya Bansal",40175.71,4044
10957,"Riya Mishra",40128.06,4045
14287,"Yash Jain",40098.05,4046
14809,"Aman Shah",40078.95,4047
11431,"Rahul Singh",39990.75,4048
11865,"Priya Mishra",39965.22,4049
12927,"Sneha Kumar",39933.16,4050
12307,"Aditi Kapoor",39729.57,4051
10661,"Karan Sharma",39638.11,4052
10547,"Kavya Sinha",39633.81,4053
11962,"Akash Agarwal",39570.84,4054
12079,"Karan Bansal",39541.32,4055
11798,"Rohit Yadav",39525.75,4056
12072,"Sahil Malhotra",39517.2,4057
13372,"Neha Agarwal",39423.07,4058
14136,"Ananya Gupta",39420.56,4059
13405,"Riya Srivastava",39359.02,4060
14760,"Mohit Kapoor",39336.95,4061
13989,"Sneha Mishra",39291.08,4062
11879,"Ananya Gupta",39250.74,4063
14959,"Rohan Tiwari",39212.34,4064
12029,"Riya Shah",39063.82,4065
13366,"Varun Sinha",39024.44,4066
12351,"Aman Sharma",38970.39,4067
12164,"Sahil Jain",38912.3,4068
14038,"Rahul Srivastava",38877.64,4069
13013,"Mohit Agarwal",38848.52,4070
13065,"Neeraj Chauhan",38821.24,4071
12214,"Isha Patel",38794.64,4072
11121,"Aditya Bansal",38774.56,4073
12522,"Yash Joshi",38730.69,4074
12283,"Vivaan Sinha",38707.2,4075
13790,"Abhishek Shah",38407.64,4076
14584,"Mohit Bansal",38374.76,4077
10476,"Ananya Agarwal",38362.31,4078
14906,"Sneha Mishra",38224.83,4079
14546,"Aman Mehta",38201.74,4080
10219,"Neeraj Jain",38158.15,4081
12100,"Rahul Yadav",38026.84,4082
14391,"Akash Kumar",38004.39,4083
13672,"Riya Srivastava",37960.15,4084
11789,"Aman Jain",37880.77,4085
11214,"Aditi Mehta",37879.44,4086
11352,"Simran Patel",37778.79,4087
10982,"Riya Malhotra",37751.53,4088
11177,"Isha Malhotra",37749.84,4089
12752,"Priya Kumar",37640.66,4090
13192,"Ankit Patel",37561.73,4091
10238,"Neeraj Shah",37546.32,4092
13370,"Kavya Yadav",37522.67,4093
10203,"Nikhil Jain",37521.03,4094
10855,"Pooja Mishra",37371.17,4095
14500,"Yash Kumar",37306.43,4096
11951,"Rohit Srivastava",37305.88,4097
13524,"Simran Sharma",37298.65,4098
14804,"Neeraj Joshi",37233.11,4099
14703,"Priya Malhotra",37204.8,4100
13231,"Aditi Srivastava",36914.77,4101
14225,"Nikhil Bansal",36805.51,4102
14997,"Rahul Malhotra",36765.42,4103
14871,"Vivaan Jain",36716.99,4104
10065,"Mohit Agarwal",36569.17,4105
13776,"Aditi Jain",36568.13,4106
11868,"Aditi Bansal",36369.98,4107
13023,"Akash Mehta",36352.46,4108
11414,"Rohan Gupta",36322.94,4109
11981,"Isha Srivastava",36313.62,4110
13983,"Aman Jain",36218.06,4111
12649,"Vikas Bansal",36186.76,4112
14950,"Sneha Sharma",36090.84,4113
14254,"Ankit Malhotra",36016.47,4114
13999,"Ananya Patel",35949.68,4115
10802,"Nikhil Mehta",35880.24,4116
13953,"Abhishek Srivastava",35851.6,4117
14712,"Yash Sinha",35821.38,4118
10791,"Yash Sharma",35680.9,4119
12953,"Karan Sharma",35479.51,4120
11184,"Ananya Agarwal",35468.5,4121
13701,"Ananya Patel",35468.43,4122
13213,"Sneha Yadav",35457.48,4123
10755,"Karan Agarwal",35388.58,4124
10586,"Sahil Yadav",35314.89,4125
11831,"Akash Malhotra",35215.91,4126
13767,"Himanshu Kumar",35114.06,4127
13704,"Himanshu Agarwal",35062.35,4128
14446,"Ananya Kumar",35043.94,4129
10838,"Abhishek Mehta",34977.44,4130
12642,"Aman Yadav",34923.62,4131
11601,"Yash Chauhan",34923.28,4132
12215,"Sneha Gupta",34897.54,4133
13615,"Rohan Shah",34881.96,4134
12949,"Ananya Verma",34855.84,4135
11442,"Aman Verma",34849.2,4136
11048,"Simran Yadav",34726.62,4137
13448,"Aman Tiwari",34722.56,4138
10619,"Riya Kumar",34628.02,4139
12869,"Akash Agarwal",34560.04,4140
10090,"Rohit Shah",34557.17,4141
11412,"Mohit Kapoor",34493.43,4142
13930,"Varun Gupta",34439.7,4143
10357,"Neeraj Sharma",34414.35,4144
11296,"Arjun Chauhan",34340.34,4145
13514,"Nikhil Yadav",34338.02,4146
14907,"Riya Chauhan",34303.12,4147
14565,"Arjun Gupta",34303.12,4147
14547,"Nikhil Srivastava",34299.91,4149
14333,"Himanshu Yadav",34270.16,4150
10133,"Vivaan Chauhan",34177.13,4151
14982,"Himanshu Agarwal",34094.49,4152
11432,"Mohit Jain",34044.57,4153
12598,"Akash Yadav",33881.26,4154
12633,"Mohit Patel",33858.35,4155
14291,"Simran Srivastava",33787.43,4156
13801,"Vivaan Gupta",33745.61,4157
10119,"Akash Singh",33684.61,4158
10954,"Vivaan Sharma",33648.4,4159
12565,"Neeraj Yadav",33647.48,4160
12593,"Aditya Chauhan",33555.03,4161
11913,"Mohit Chauhan",33482.74,4162
14751,"Sneha Mehta",33404.03,4163
13450,"Rohan Patel",33324.1,4164
12200,"Isha Mehta",33178.41,4165
14014,"Vivaan Mehta",33167.6,4166
13651,"Rahul Kapoor",33008.78,4167
11834,"Aman Sinha",32879.01,4168
12657,"Ankit Mehta",32760.65,4169
13745,"Aditi Jain",32620.74,4170
14889,"Isha Agarwal",32583.15,4171
10128,"Akash Kumar",32531.32,4172
11335,"Akash Sharma",32512.71,4173
10814,"Vikas Tiwari",32511.88,4174
12680,"Sahil Mishra",32402.72,4175
12276,"Rohan Gupta",32306.41,4176
11528,"Abhishek Chauhan",32202.46,4177
11229,"Himanshu Mishra",32016.4,4178
12677,"Priya Singh",31989.95,4179
10334,"Pooja Jain",31946.53,4180
10990,"Ankit Tiwari",31913.19,4181
10704,"Neeraj Shah",31807.69,4182
13849,"Rahul Singh",31801.68,4183
14372,"Karan Joshi",31782.21,4184
10388,"Mohit Yadav",31692.06,4185
14272,"Aarav Tiwari",31627.42,4186
14569,"Sneha Yadav",31565.7,4187
12209,"Karan Joshi",31511.18,4188
13072,"Ankit Kapoor",31458.2,4189
11392,"Priya Jain",31432.2,4190
10562,"Varun Sinha",31306.53,4191
12800,"Riya Yadav",31285.42,4192
10597,"Rohan Srivastava",31192.74,4193
14838,"Simran Srivastava",31155.42,4194
11914,"Nikhil Agarwal",31071.61,4195
12754,"Aditi Singh",30989.33,4196
12650,"Vivaan Tiwari",30984.68,4197
10428,"Rahul Jain",30900.45,4198
14778,"Ankit Jain",30689.4,4199
11328,"Sneha Mishra",30610.92,4200
12987,"Rohit Shah",30560.35,4201
13369,"Isha Yadav",30456.04,4202
10760,"Aman Tiwari",30454.39,4203
13090,"Nikhil Patel",30419.3,4204
10232,"Yash Yadav",30363.69,4205
14109,"Varun Malhotra",30346.48,4206
11059,"Vivaan Mehta",30320.86,4207
12918,"Aarav Yadav",30289.44,4208
12089,"Aarav Yadav",30249,4209
14797,"Vikas Sharma",30204,4210
11433,"Aman Mishra",30177.46,4211
10589,"Vikas Sharma",30054.66,4212
12704,"Karan Kumar",30011.15,4213
14676,"Aarav Kapoor",29990.33,4214
10189,"Rohit Malhotra",29932.58,4215
10235,"Sahil Patel",29721.15,4216
12379,"Yash Patel",29682.15,4217
10186,"Nikhil Verma",29679.72,4218
12336,"Himanshu Patel",29679.72,4218
10454,"Neha Agarwal",29654.52,4220
11240,"Simran Chauhan",29594.61,4221
11420,"Arjun Jain",29485.9,4222
10359,"Himanshu Shah",29390.13,4223
10318,"Rohan Mishra",29199.64,4224
10183,"Simran Srivastava",29167.04,4225
13553,"Aditya Kumar",29056.03,4226
10907,"Arjun Kumar",29043.01,4227
11978,"Aditi Singh",29017.23,4228
10488,"Aditi Agarwal",28936.24,4229
14236,"Rahul Sinha",28893.65,4230
12967,"Sneha Sinha",28808.54,4231
13278,"Aditya Patel",28649.26,4232
14590,"Sahil Srivastava",28590.79,4233
13830,"Kavya Sinha",28479.48,4234
12106,"Himanshu Malhotra",28384.68,4235
12040,"Priya Agarwal",28338.85,4236
11836,"Simran Sharma",28305.35,4237
11694,"Rohit Singh",28299.09,4238
13536,"Neeraj Chauhan",28241.73,4239
10520,"Vivaan Mishra",28128.4,4240
10389,"Priya Malhotra",28084.24,4241
12372,"Karan Mishra",28063.45,4242
12236,"Pooja Verma",28003.26,4243
12972,"Akash Bansal",27837.04,4244
12896,"Yash Mehta",27830.38,4245
10774,"Priya Tiwari",27742.38,4246
13272,"Simran Mishra",27730.33,4247
11548,"Priya Kumar",27658.54,4248
13725,"Aarav Chauhan",27624.21,4249
14849,"Sneha Joshi",27616.71,4250
14655,"Pooja Gupta",27602.67,4251
12352,"Ananya Kumar",27477.75,4252
10455,"Isha Sharma",27477.75,4252
13824,"Neha Singh",27448.58,4254
12988,"Vivaan Agarwal",27442.5,4255
13199,"Aarav Verma",27248.94,4256
13594,"Kavya Singh",27220.62,4257
14805,"Sneha Malhotra",27182.88,4258
13504,"Kavya Verma",27032.55,4259
11767,"Kavya Shah",26996.67,4260
10986,"Aditya Patel",26933.63,4261
14420,"Nikhil Tiwari",26916.7,4262
11602,"Sneha Joshi",26912.8,4263
10045,"Pooja Verma",26908.94,4264
14952,"Neha Mishra",26878.77,4265
13918,"Aditya Bansal",26854.18,4266
12748,"Rohan Sharma",26853.86,4267
12294,"Himanshu Kapoor",26822.96,4268
14963,"Ananya Bansal",26713.07,4269
12465,"Simran Yadav",26683.36,4270
14929,"Neha Yadav",26640.79,4271
11660,"Pooja Malhotra",26607.59,4272
11860,"Nikhil Agarwal",26606.12,4273
10363,"Ananya Srivastava",26529.86,4274
12528,"Rohit Jain",26491.34,4275
12303,"Akash Gupta",26405.52,4276
10915,"Isha Sinha",26349.99,4277
10104,"Sahil Jain",26337.96,4278
13809,"Aman Singh",26335.62,4279
13016,"Yash Yadav",26308.15,4280
11358,"Aditi Mishra",26151.82,4281
10937,"Ankit Sharma",26142.13,4282
12599,"Rohan Kumar",26028.95,4283
12193,"Ananya Chauhan",25984.55,4284
10338,"Aarav Chauhan",25832.43,4285
11123,"Varun Jain",25823.18,4286
10075,"Rohit Jain",25606.84,4287
13466,"Priya Patel",25551.98,4288
12176,"Rohan Singh",25518.14,4289
11110,"Aarav Patel",25433.39,4290
13715,"Nikhil Kapoor",25403.22,4291
10705,"Ankit Chauhan",25284.42,4292
14039,"Aarav Mishra",25247.4,4293
11179,"Pooja Sinha",25234.41,4294
13702,"Nikhil Shah",25136.26,4295
12826,"Aarav Kumar",25064.92,4296
14910,"Nikhil Mishra",25046.88,4297
10753,"Priya Srivastava",25027.44,4298
14461,"Kavya Sinha",25025.12,4299
12551,"Mohit Gupta",25018.66,4300
13390,"Rohan Gupta",24984.26,4301
10730,"Vivaan Joshi",24980.62,4302
12631,"Aditya Shah",24978.85,4303
12521,"Rohan Srivastava",24948.3,4304
13901,"Karan Gupta",24925.53,4305
11477,"Neha Tiwari",24907.45,4306
13787,"Aditya Tiwari",24861.73,4307
14366,"Rohan Jain",24851.02,4308
12602,"Vivaan Mehta",24720.06,4309
10821,"Ankit Malhotra",24674.52,4310
12321,"Neeraj Agarwal",24641.86,4311
10757,"Pooja Sinha",24613.48,4312
13731,"Ankit Kumar",24564.3,4313
12866,"Arjun Singh",24462.72,4314
10806,"Isha Agarwal",24435.6,4315
12198,"Arjun Kapoor",24415.81,4316
13877,"Rahul Kapoor",24374.96,4317
10900,"Varun Tiwari",24361.66,4318
10417,"Pooja Joshi",24339.31,4319
11759,"Aman Jain",24319.89,4320
14168,"Ankit Singh",24264.06,4321
13419,"Aarav Singh",24147.83,4322
10603,"Akash Mishra",24125.71,4323
14453,"Riya Shah",24123.66,4324
12836,"Abhishek Joshi",24035.11,4325
11157,"Sneha Shah",23922.66,4326
13041,"Sahil Jain",23917.38,4327
14330,"Varun Kapoor",23915.63,4328
12965,"Pooja Joshi",23882.07,4329
10361,"Varun Mishra",23853.18,4330
14877,"Himanshu Bansal",23819.97,4331
14061,"Arjun Tiwari",23589.84,4332
10116,"Aman Verma",23515.41,4333
10333,"Neha Sinha",23500.53,4334
13098,"Priya Kapoor",23325.77,4335
10502,"Mohit Joshi",23311.06,4336
11859,"Rohit Tiwari",23162.99,4337
13457,"Nikhil Mehta",23141.74,4338
14185,"Rohan Joshi",23027.71,4339
11765,"Nikhil Agarwal",22948.65,4340
13026,"Priya Joshi",22928.59,4341
11651,"Rohit Sharma",22928.59,4341
10840,"Yash Kapoor",22803.98,4343
13394,"Rahul Kumar",22749,4344
12246,"Mohit Kumar",22658.57,4345
14549,"Nikhil Sinha",22652.88,4346
12345,"Nikhil Verma",22640.7,4347
12255,"Nikhil Malhotra",22495.2,4348
13742,"Sahil Chauhan",22495.2,4348
10894,"Abhishek Singh",22469.13,4350
10591,"Rohit Mishra",22425.15,4351
13276,"Vivaan Yadav",22308.73,4352
13592,"Rahul Chauhan",22247.55,4353
10125,"Rohit Verma",22205.49,4354
10884,"Aman Sharma",22193.07,4355
10192,"Neha Malhotra",22191.2,4356
11544,"Pooja Kapoor",22070.05,4357
13487,"Nikhil Chauhan",22046.97,4358
10356,"Pooja Srivastava",22017.35,4359
12291,"Rahul Jain",21982.2,4360
12646,"Akash Sinha",21932.11,4361
14719,"Rohit Sharma",21819.28,4362
13834,"Rohit Mishra",21784.55,4363
11968,"Aarav Patel",21765.95,4364
12843,"Aarav Chauhan",21705.31,4365
13805,"Simran Malhotra",21597.52,4366
10882,"Priya Agarwal",21533.62,4367
13885,"Yash Jain",21532.53,4368
11346,"Aditi Chauhan",21487.52,4369
13760,"Sneha Bansal",21485.71,4370
14423,"Rohan Jain",21469.65,4371
11971,"Karan Yadav",21469.65,4371
12175,"Aarav Patel",21469.19,4373
13506,"Simran Sharma",21369.18,4374
13384,"Rahul Kapoor",21366.49,4375
11518,"Sneha Singh",21351.04,4376
11509,"Riya Singh",21350.14,4377
11323,"Neeraj Yadav",21312.63,4378
10991,"Ananya Kapoor",21265.17,4379
11540,"Neha Agarwal",21254.14,4380
10950,"Sneha Malhotra",21227.22,4381
11187,"Rahul Malhotra",20916.38,4382
11938,"Vivaan Singh",20907.88,4383
12398,"Vivaan Tiwari",20754.9,4384
11154,"Sahil Malhotra",20546.05,4385
12008,"Mohit Chauhan",20504.67,4386
12509,"Kavya Kapoor",20459.9,4387
14472,"Rohan Chauhan",20451.91,4388
11377,"Mohit Tiwari",20399.05,4389
10051,"Vivaan Yadav",20334.06,4390
12520,"Arjun Mishra",20275.35,4391
13854,"Karan Chauhan",20173.34,4392
14668,"Himanshu Verma",20129.72,4393
14855,"Himanshu Yadav",20099.06,4394
13000,"Simran Gupta",20083.77,4395
14782,"Sneha Malhotra",20027.6,4396
13254,"Vivaan Mehta",19922.32,4397
12663,"Isha Sinha",19900.56,4398
14670,"Ankit Bansal",19862.49,4399
12530,"Isha Srivastava",19774.64,4400
13082,"Rohan Mehta",19594.37,4401
14506,"Akash Shah",19579.17,4402
14409,"Arjun Shah",19471.18,4403
10346,"Aditya Sinha",19399.38,4404
10756,"Priya Patel",19184.87,4405
14825,"Rohan Singh",19151.53,4406
13708,"Abhishek Shah",19114.62,4407
11091,"Kavya Bansal",19069.12,4408
11804,"Rohit Kapoor",19038.22,4409
12184,"Rohit Singh",19022.5,4410
14293,"Sneha Srivastava",18958.53,4411
11750,"Kavya Jain",18943.4,4412
13436,"Karan Sinha",18906.08,4413
13836,"Arjun Malhotra",18892.22,4414
11492,"Ankit Tiwari",18659.31,4415
10041,"Mohit Sharma",18640.61,4416
10921,"Vivaan Chauhan",18614.57,4417
10839,"Akash Chauhan",18568.93,4418
13571,"Riya Joshi",18471.48,4419
12179,"Nikhil Shah",18446.64,4420
12789,"Sahil Patel",18402.24,4421
14282,"Yash Sharma",18390.02,4422
10885,"Vikas Tiwari",18381.92,4423
12741,"Akash Sinha",18276.53,4424
11476,"Simran Joshi",18171.64,4425
12167,"Riya Malhotra",18149.4,4426
12999,"Ananya Srivastava",18116.84,4427
14199,"Rohit Shah",18108.18,4428
13219,"Abhishek Gupta",18060.06,4429
14276,"Simran Patel",17950.57,4430
13793,"Nikhil Kapoor",17934.79,4431
11400,"Neha Kapoor",17934.44,4432
11041,"Arjun Sinha",17918.98,4433
11232,"Vikas Srivastava",17786.95,4434
11042,"Pooja Tiwari",17763.47,4435
11315,"Priya Mishra",17732.56,4436
13813,"Aarav Jain",17701.96,4437
12293,"Himanshu Bansal",17648.93,4438
10057,"Ananya Chauhan",17648.93,4438
13495,"Mohit Agarwal",17631.39,4440
13124,"Rahul Bansal",17618.69,4441
10788,"Rohan Kapoor",17587.42,4442
11907,"Kavya Sinha",17556.36,4443
11421,"Rohit Mehta",17551.67,4444
11478,"Aditya Agarwal",17532.16,4445
14281,"Sahil Srivastava",17520.85,4446
11717,"Isha Sinha",17440.98,4447
10188,"Yash Jain",17362.22,4448
12687,"Nikhil Patel",17265.71,4449
14725,"Simran Malhotra",17254.57,4450
14989,"Aditi Mishra",17147.38,4451
12299,"Priya Shah",17021.79,4452
14220,"Aarav Srivastava",17018.32,4453
11732,"Mohit Sinha",17012.16,4454
12315,"Aditi Sharma",16993.66,4455
13081,"Kavya Kapoor",16943.11,4456
13029,"Aditi Srivastava",16903.07,4457
12613,"Vikas Yadav",16852.49,4458
11015,"Aman Gupta",16824.2,4459
11763,"Ankit Agarwal",16762.2,4460
12766,"Ananya Kumar",16722.08,4461
13751,"Vikas Patel",16695.67,4462
12389,"Aman Tiwari",16688.58,4463
13499,"Pooja Srivastava",16685.66,4464
12400,"Neeraj Srivastava",16618.36,4465
13924,"Ankit Sharma",16615.64,4466
13374,"Aditi Sharma",16491.78,4467
13497,"Aditya Yadav",16448.31,4468
12135,"Mohit Malhotra",16371.13,4469
11459,"Arjun Mehta",16368.6,4470
10563,"Aditya Malhotra",16353.57,4471
13657,"Varun Verma",16244.13,4472
13251,"Rahul Chauhan",16237.93,4473
10401,"Aditi Joshi",16182.93,4474
14001,"Sneha Malhotra",16161.41,4475
13992,"Sneha Malhotra",15933,4476
14261,"Ankit Mishra",15925.94,4477
11739,"Vivaan Chauhan",15825.02,4478
12622,"Kavya Bansal",15786.74,4479
14383,"Aditi Sharma",15716.1,4480
13876,"Rahul Chauhan",15684.91,4481
10442,"Vivaan Srivastava",15677.49,4482
13491,"Abhishek Mishra",15637.42,4483
13810,"Rohan Yadav",15609.63,4484
13781,"Aditya Mehta",15582.61,4485
14059,"Abhishek Sinha",15514.32,4486
12751,"Ananya Mishra",15492.34,4487
12968,"Sahil Sharma",15474.14,4488
10202,"Simran Sharma",15408.97,4489
13952,"Neha Jain",15258.34,4490
13235,"Himanshu Sharma",15228.02,4491
14902,"Rohit Verma",15228.02,4491
12205,"Isha Patel",15228.02,4491
10351,"Simran Bansal",15082.41,4494
14750,"Rohit Patel",14900.66,4495
10150,"Rohit Mehta",14900.47,4496
14702,"Yash Verma",14857.07,4497
13526,"Nikhil Verma",14839.86,4498
12242,"Isha Mehta",14825.55,4499
10727,"Rahul Shah",14818.95,4500
11967,"Arjun Tiwari",14796.42,4501
10846,"Aarav Bansal",14792.27,4502
13040,"Neha Verma",14780.43,4503
11156,"Vivaan Sharma",14623.84,4504
12877,"Rohit Bansal",14584.95,4505
12626,"Pooja Bansal",14578.83,4506
11364,"Aman Verma",14367.15,4507
13319,"Neha Patel",14363.04,4508
12186,"Ananya Mishra",14351.87,4509
11264,"Riya Jain",14344.95,4510
10578,"Arjun Malhotra",14288.6,4511
11108,"Himanshu Joshi",14280.46,4512
13109,"Arjun Chauhan",14246.74,4513
12469,"Neeraj Gupta",14222.79,4514
11866,"Mohit Gupta",14159.79,4515
13554,"Ananya Malhotra",14116.42,4516
14489,"Aditi Srivastava",14064.2,4517
11683,"Neha Sharma",14027.59,4518
13682,"Rohit Sinha",13957.57,4519
10381,"Simran Kumar",13771.42,4520
14641,"Pooja Patel",13695,4521
14344,"Isha Mishra",13672.7,4522
12729,"Aman Bansal",13614.66,4523
11646,"Arjun Shah",13564.45,4524
14084,"Rohan Patel",13508.74,4525
10014,"Karan Malhotra",13473.25,4526
13887,"Yash Bansal",13465.45,4527
11947,"Abhishek Malhotra",13397.9,4528
13635,"Pooja Mishra",13389.37,4529
12624,"Aditya Kapoor",13367.3,4530
12439,"Arjun Tiwari",13326.34,4531
12317,"Simran Shah",13144.17,4532
13788,"Akash Yadav",13127.56,4533
14647,"Ankit Verma",13127.56,4533
10097,"Sahil Malhotra",13104.26,4535
11111,"Abhishek Shah",13036.69,4536
14550,"Abhishek Verma",13030.86,4537
10807,"Yash Patel",12985.51,4538
11175,"Rohan Malhotra",12982.11,4539
12330,"Simran Sharma",12773.76,4540
12074,"Kavya Mishra",12770.56,4541
12156,"Pooja Joshi",12747.73,4542
10687,"Varun Verma",12740.91,4543
10850,"Akash Mehta",12561.24,4544
12607,"Akash Patel",12553.99,4545
12174,"Himanshu Sinha",12521.75,4546
12686,"Ananya Sharma",12474.15,4547
11429,"Simran Bansal",12320.93,4548
13714,"Isha Kumar",12318.79,4549
11272,"Sneha Patel",12248.58,4550
12805,"Nikhil Srivastava",12246.48,4551
13037,"Ananya Jain",12233.47,4552
11371,"Ananya Verma",12076.79,4553
10224,"Sahil Sinha",11963.12,4554
13961,"Aman Joshi",11939.68,4555
13933,"Ananya Kapoor",11924.03,4556
14834,"Sneha Srivastava",11740.61,4557
11194,"Priya Tiwari",11616.03,4558
10663,"Nikhil Bansal",11593.33,4559
10622,"Nikhil Singh",11571.56,4560
14362,"Aman Gupta",11558.42,4561
14667,"Abhishek Kapoor",11524.39,4562
12644,"Arjun Sinha",11420.02,4563
10031,"Kavya Gupta",11419.06,4564
10472,"Aarav Joshi",11380.2,4565
12365,"Aarav Singh",11365.65,4566
11850,"Priya Srivastava",11201.52,4567
14904,"Rahul Malhotra",11036.96,4568
11467,"Isha Tiwari",11036.67,4569
12107,"Sahil Mehta",10998.4,4570
12533,"Simran Kumar",10970.14,4571
12068,"Akash Yadav",10916.35,4572
12461,"Varun Chauhan",10849.02,4573
12725,"Simran Mishra",10756.99,4574
14648,"Rohan Sinha",10745.88,4575
14470,"Neeraj Jain",10677.75,4576
11168,"Mohit Kapoor",10602.42,4577
11634,"Aarav Patel",10527.2,4578
14290,"Ananya Kumar",10507.44,4579
11658,"Aarav Kapoor",10299.73,4580
14186,"Varun Kapoor",10154.86,4581
14658,"Riya Jain",10126.32,4582
12980,"Himanshu Tiwari",10118.76,4583
14013,"Priya Joshi",10107.75,4584
12875,"Himanshu Srivastava",10044.52,4585
13085,"Rohan Tiwari",10018.13,4586
10406,"Karan Patel",9950.28,4587
10505,"Neha Singh",9858.24,4588
12746,"Varun Malhotra",9837.71,4589
10242,"Himanshu Patel",9834.76,4590
14788,"Neha Yadav",9816.8,4591
13804,"Priya Joshi",9629.36,4592
10321,"Ankit Agarwal",9595.91,4593
12827,"Priya Kumar",9574.66,4594
14318,"Sneha Chauhan",9560.47,4595
11263,"Arjun Yadav",9511.88,4596
13709,"Rohan Kumar",9506.71,4597
12189,"Akash Tiwari",9505.12,4598
14891,"Sneha Mishra",9504.47,4599
12427,"Karan Gupta",9483.78,4600
10043,"Vikas Kumar",9371.07,4601
11342,"Isha Kumar",9340.99,4602
11572,"Nikhil Malhotra",9282.66,4603
12540,"Aarav Patel",9243.82,4604
13239,"Neha Kumar",9183.92,4605
12192,"Isha Srivastava",9064.1,4606
13679,"Himanshu Malhotra",8942.02,4607
11606,"Mohit Sinha",8930.83,4608
14866,"Vikas Gupta",8866.28,4609
13628,"Abhishek Patel",8731.08,4610
14937,"Yash Bansal",8695.46,4611
13984,"Neeraj Chauhan",8631.03,4612
13485,"Aman Jain",8620.29,4613
10862,"Pooja Bansal",8581.66,4614
12582,"Rohit Mishra",8524.57,4615
14268,"Rohit Chauhan",8506.08,4616
12769,"Vivaan Singh",8492.07,4617
14543,"Neeraj Srivastava",8370.51,4618
14551,"Yash Singh",8367.67,4619
13262,"Aarav Mishra",8346.33,4620
13275,"Neha Srivastava",8337.5,4621
14246,"Varun Singh",8225.94,4622
11771,"Aditya Kapoor",8225.94,4622
11777,"Vikas Joshi",8173.95,4624
10093,"Arjun Mehta",8156.52,4625
13114,"Neha Kumar",8120.44,4626
14012,"Isha Agarwal",8103.77,4627
13692,"Abhishek Srivastava",7969.77,4628
11080,"Kavya Chauhan",7951.98,4629
13558,"Aman Malhotra",7948.46,4630
13720,"Isha Patel",7926.56,4631
10312,"Pooja Srivastava",7902.08,4632
14949,"Aarav Tiwari",7823.19,4633
13077,"Himanshu Jain",7813.17,4634
14731,"Neeraj Mehta",7704.48,4635
12448,"Mohit Agarwal",7672.46,4636
13032,"Aditya Yadav",7584.4,4637
12806,"Neeraj Patel",7509.89,4638
10117,"Mohit Gupta",7440.61,4639
10506,"Aarav Srivastava",7363.67,4640
12758,"Himanshu Bansal",7274,4641
14901,"Sneha Sinha",7274,4641
12589,"Ananya Joshi",7251.28,4643
13469,"Vikas Malhotra",7245.41,4644
10462,"Sneha Srivastava",7179.07,4645
14674,"Rahul Kapoor",7169.08,4646
13630,"Vivaan Chauhan",7152.34,4647
11201,"Abhishek Mehta",7151.38,4648
14882,"Sneha Jain",7111.87,4649
10842,"Sneha Kumar",7063.44,4650
10332,"Pooja Yadav",7024.11,4651
13775,"Simran Jain",6965.1,4652
11279,"Sahil Patel",6929.32,4653
10350,"Yash Jain",6900.84,4654
11036,"Sahil Gupta",6893.97,4655
13841,"Ananya Sinha",6828.12,4656
12161,"Arjun Srivastava",6748.92,4657
10800,"Neha Jain",6737.72,4658
12278,"Mohit Jain",6728.2,4659
14538,"Karan Kumar",6721.96,4660
14016,"Ananya Gupta",6661.83,4661
13135,"Vikas Yadav",6559.34,4662
11515,"Himanshu Sharma",6557.96,4663
12481,"Kavya Joshi",6406.03,4664
10254,"Neeraj Yadav",6406.03,4664
14026,"Abhishek Kumar",6403.28,4666
12606,"Sneha Kapoor",6361.72,4667
10541,"Ananya Sharma",6303.3,4668
11595,"Rohit Joshi",6291.92,4669
11752,"Aditi Verma",6220.9,4670
14286,"Arjun Kapoor",6173.15,4671
11770,"Varun Srivastava",6096.29,4672
11900,"Aman Patel",6093.72,4673
14086,"Simran Chauhan",6058.2,4674
13562,"Aarav Mishra",6003.79,4675
11000,"Varun Sharma",5980.82,4676
13713,"Riya Gupta",5911.65,4677
11425,"Neeraj Patel",5866.94,4678
13981,"Akash Srivastava",5821.74,4679
10688,"Pooja Mishra",5762.95,4680
14695,"Vivaan Joshi",5756.93,4681
12722,"Sahil Patel",5755.29,4682
13015,"Rahul Mehta",5743.26,4683
12998,"Pooja Agarwal",5710.51,4684
10486,"Aarav Sinha",5710.01,4685
10740,"Ananya Agarwal",5673.87,4686
12394,"Isha Kapoor",5579.21,4687
13301,"Rahul Agarwal",5538.03,4688
11269,"Isha Yadav",5507.1,4689
11033,"Himanshu Singh",5420.94,4690
12206,"Aditi Chauhan",5390.17,4691
10256,"Rohan Srivastava",5325.68,4692
11674,"Rohan Verma",5270.48,4693
12986,"Neha Mishra",5198.44,4694
11920,"Yash Verma",5081.28,4695
14469,"Yash Bansal",5057.39,4696
13309,"Vivaan Kapoor",5022.31,4697
13431,"Himanshu Mishra",5018.25,4698
14541,"Abhishek Kumar",4975.14,4699
14387,"Isha Patel",4967.86,4700
14917,"Nikhil Yadav",4954.69,4701
13258,"Rahul Patel",4923.36,4702
10693,"Rohan Shah",4883.2,4703
13183,"Rohit Bansal",4850.38,4704
14771,"Yash Bansal",4840.34,4705
10103,"Isha Srivastava",4828.27,4706
11448,"Isha Singh",4802.46,4707
11629,"Aarav Joshi",4668.24,4708
14015,"Ankit Agarwal",4602.5,4709
14833,"Neha Bansal",4602.5,4709
12856,"Rahul Patel",4600.58,4711
12060,"Simran Kapoor",4565,4712
12104,"Sahil Chauhan",4495.46,4713
13601,"Rohit Verma",4460.83,4714
10836,"Sneha Srivastava",4369.14,4715
11586,"Abhishek Bansal",4357.79,4716
12684,"Pooja Yadav",4344.28,4717
14957,"Sneha Sinha",4338.88,4718
13689,"Karan Mehta",4237.79,4719
13064,"Neha Sinha",4204.14,4720
12815,"Aditi Jain",4180.97,4721
12505,"Riya Tiwari",4167.89,4722
12959,"Aman Joshi",3935.03,4723
10699,"Sahil Kumar",3871.1,4724
14364,"Aditi Yadav",3546.17,4725
14689,"Neha Patel",3459.97,4726
13103,"Riya Patel",3445.61,4727
13678,"Sahil Tiwari",3306.94,4728
14832,"Vikas Malhotra",3293.16,4729
13800,"Pooja Shah",3238.51,4730
13480,"Aman Sharma",3116.53,4731
10748,"Karan Verma",3076.8,4732
11333,"Ananya Sharma",3037.78,4733
11939,"Abhishek Gupta",3001.67,4734
13311,"Aditi Tiwari",2987.54,4735
14715,"Sneha Malhotra",2873.43,4736
12115,"Priya Srivastava",2870.08,4737
14656,"Rahul Sinha",2844.15,4738
14582,"Ankit Verma",2838.16,4739
12319,"Aman Tiwari",2741.98,4740
12688,"Sahil Verma",2734,4741
14860,"Abhishek Shah",2692.73,4742
13145,"Simran Mehta",2554.34,4743
13088,"Aarav Yadav",2286.51,4744
10822,"Pooja Yadav",2229.18,4745
10823,"Simran Bansal",2227,4746
14900,"Aarav Shah",2192.54,4747
14414,"Isha Sharma",2178.15,4748
11948,"Simran Mishra",2169.44,4749
14089,"Vivaan Shah",2139.43,4750
11143,"Aman Jain",2056.48,4751
11741,"Simran Bansal",1999.68,4752
10178,"Rohan Mishra",1877.2,4753
10190,"Aditya Tiwari",1805.14,4754
10722,"Kavya Verma",1798.18,4755
12397,"Simran Agarwal",1788.72,4756
12144,"Mohit Shah",1712.72,4757
14288,"Nikhil Jain",1641.51,4758
11105,"Vikas Chauhan",1538.4,4759
11666,"Karan Gupta",1478.76,4760
12005,"Kavya Verma",1395.13,4761
11723,"Nikhil Kapoor",1337.35,4762
11200,"Nikhil Mehta",881.9,4763
11276,"Sneha Jain",823.29,4764
12339,"Aarav Sharma",782.13,4765
12652,"Sahil Patel",617.47,4766
