user_id,name,email,phone,age,gender,city,state,customer_type,signup_date
10001,Nikhil Gupta,user10001@example.com,9938268580,35,Male,Pune,Maharashtra,New,2025-12-08
10002,Vivaan Shah,user10002@example.com,9718235916,30,Male,Surat,Gujarat,Regular,2026-02-11
10003,Riya Yadav,user10003@example.com,9810391485,22,Male,Patna,Bihar,Regular,2025-04-22
10004,Ananya Sharma,user10004@example.com,9578104538,40,Male,Kolkata,West Bengal,New,2026-05-17
10005,Aditi Verma,user10005@example.com,9216656467,41,Male,Bengaluru,Karnataka,Premium,2026-07-19
10006,Yash Srivastava,user10006@example.com,9291028064,46,Male,Pune,Maharashtra,Regular,2025-01-21
10007,Aman Joshi,user10007@example.com,9109117535,25,Male,Kanpur,Uttar Pradesh,Premium,2026-04-26
10008,Riya Bansal,user10008@example.com,9214427655,43,Female,Kolkata,West Bengal,New,2026-01-23
10009,Pooja Mehta,user10009@example.com,9439857719,32,Male,Kolkata,West Bengal,Premium,2026-01-18
10010,Simran Agarwal,user10010@example.com,9965635036,18,Male,Lucknow,Uttar Pradesh,Regular,2025-04-19
10011,Himanshu Singh,user10011@example.com,9772040039,45,Male,Bengaluru,Karnataka,Regular,2025-05-31
10012,Riya Gupta,user10012@example.com,9441926226,31,Female,Gurugram,Haryana,Regular,2025-08-20
10013,Himanshu Singh,user10013@example.com,9179273157,59,Female,Noida,Uttar Pradesh,New,2025-09-14
10014,Karan Malhotra,user10014@example.com,9646126123,51,Male,Ahmedabad,Gujarat,Premium,2025-09-19
10015,Aarav Malhotra,user10015@example.com,9451706555,48,Male,Mumbai,Maharashtra,Regular,2026-02-21
10016,Sahil Bansal,user10016@example.com,9605721190,23,Female,Noida,Uttar Pradesh,New,2026-07-09
10017,Sneha Verma,user10017@example.com,9850329199,22,Male,Delhi,Delhi,New,2025-04-29
10018,Vikas Chauhan,user10018@example.com,9963615144,48,Male,Ahmedabad,Gujarat,New,2025-07-12
10019,Ananya Sharma,user10019@example.com,9166561172,54,Male,Ahmedabad,Gujarat,Regular,2026-05-27
10020,Himanshu Kapoor,user10020@example.com,9165997560,32,Male,Dehradun,Uttarakhand,Regular,2026-05-16
10021,Varun Jain,user10021@example.com,9149361663,32,Female,Chennai,Tamil Nadu,Regular,2026-02-26
10022,Rahul Tiwari,user10022@example.com,9857820373,60,Male,Ranchi,Jharkhand,Regular,2025-11-10
10023,Ananya Mishra,user10023@example.com,9556097791,22,Female,Patna,Bihar,Regular,2026-08-13
10024,Nikhil Agarwal,user10024@example.com,9406450633,45,Female,Patna,Bihar,Regular,2025-01-18
10025,Sahil Sharma,user10025@example.com,9348097737,50,Female,Kanpur,Uttar Pradesh,New,2025-09-26
10026,Ananya Agarwal,user10026@example.com,9749983644,28,Male,Ahmedabad,Gujarat,New,2025-12-03
10027,Pooja Jain,user10027@example.com,9249770703,60,Male,Surat,Gujarat,New,2026-07-17
10028,Yash Srivastava,user10028@example.com,9761750208,23,Male,Gurugram,Haryana,Premium,2025-09-20
10029,Abhishek Srivastava,user10029@example.com,9110621840,40,Male,Jaipur,Rajasthan,Regular,2025-08-31
10030,Ankit Tiwari,user10030@example.com,9729363485,57,Female,Kanpur,Uttar Pradesh,Premium,2026-01-25
10031,Kavya Gupta,user10031@example.com,9231449625,19,Male,Pune,Maharashtra,Regular,2026-04-17
10032,Vikas Jain,user10032@example.com,9884482740,32,Female,Hyderabad,Telangana,Premium,2025-07-11
10033,Nikhil Jain,user10033@example.com,9243071100,40,Male,Pune,Maharashtra,Regular,2026-07-30
10034,Vivaan Mishra,user10034@example.com,9102250477,39,Female,Indore,Madhya Pradesh,Regular,2025-01-20
10035,Neha Patel,user10035@example.com,9482628404,26,Female,Lucknow,Uttar Pradesh,New,2026-04-17
10036,Pooja Jain,user10036@example.com,9293529428,57,Male,Bhopal,Madhya Pradesh,Regular,2025-06-28
10037,Vivaan Kumar,user10037@example.com,9899010221,47,Male,Indore,Madhya Pradesh,Premium,2026-08-07
10038,Mohit Verma,user10038@example.com,9305581159,33,Male,Hyderabad,Telangana,New,2025-09-10
10039,Karan Jain,user10039@example.com,9892580308,47,Male,Noida,Uttar Pradesh,New,2025-10-12
10040,Vikas Shah,user10040@example.com,9778003636,26,Male,Surat,Gujarat,Regular,2025-09-13
10041,Mohit Sharma,user10041@example.com,9980616551,18,Male,Patna,Bihar,Premium,2025-04-10
10042,Neha Kapoor,user10042@example.com,9109449136,55,Male,Pune,Maharashtra,Regular,2025-12-05
10043,Vikas Kumar,user10043@example.com,9294506386,25,Female,Ahmedabad,Gujarat,New,2026-07-14
10044,Himanshu Gupta,user10044@example.com,9145172091,35,Male,Bengaluru,Karnataka,Regular,2025-05-28
10045,Pooja Verma,user10045@example.com,9661694662,44,Male,Patna,Bihar,Regular,2025-05-01
10046,Vivaan Jain,user10046@example.com,9726164816,35,Male,Gurugram,Haryana,Premium,2026-03-07
10047,Nikhil Sinha,user10047@example.com,9476074944,49,Male,Bhopal,Madhya Pradesh,Regular,2026-02-16
10048,Yash Singh,user10048@example.com,9605086500,49,Male,Dehradun,Uttarakhand,Regular,2025-07-25
10049,Rohan Singh,user10049@example.com,9544738936,53,Female,Lucknow,Uttar Pradesh,New,2025-08-15
10050,Riya Srivastava,user10050@example.com,9951732293,53,Male,Indore,Madhya Pradesh,Premium,2026-07-05
10051,Vivaan Yadav,user10051@example.com,9518112058,38,Male,Bengaluru,Karnataka,Regular,2025-11-02
10052,Aarav Singh,user10052@example.com,9951749237,49,Male,Lucknow,Uttar Pradesh,Premium,2026-02-21
10053,Neeraj Chauhan,user10053@example.com,9192041092,48,Male,Noida,Uttar Pradesh,Regular,2025-07-06
10054,Riya Singh,user10054@example.com,9888972324,54,Male,Mumbai,Maharashtra,Regular,2026-01-04
10055,Arjun Chauhan,user10055@example.com,9109380638,33,Female,Chennai,Tamil Nadu,Regular,2026-06-30
10056,Sneha Patel,user10056@example.com,9968756683,31,Male,Lucknow,Uttar Pradesh,Regular,2026-01-01
10057,Ananya Chauhan,user10057@example.com,9695911266,41,Male,Indore,Madhya Pradesh,Premium,2025-07-09
10058,Kavya Kapoor,user10058@example.com,9185908143,42,Female,Ahmedabad,Gujarat,New,2026-01-14
10059,Vivaan Yadav,user10059@example.com,9124926981,52,Male,Noida,Uttar Pradesh,Regular,2026-04-11
10060,Pooja Kumar,user10060@example.com,9821282830,34,Male,Chennai,Tamil Nadu,Premium,2025-05-11
10061,Rohit Agarwal,user10061@example.com,9318861710,59,Female,Lucknow,Uttar Pradesh,Regular,2025-05-25
10062,Vivaan Gupta,user10062@example.com,9342044092,21,Male,Bhopal,Madhya Pradesh,Regular,2026-08-09
10063,Simran Bansal,user10063@example.com,9805009171,28,Female,Ranchi,Jharkhand,Regular,2026-01-29
10064,Varun Agarwal,user10064@example.com,9289677388,32,Male,Patna,Bihar,Regular,2026-04-04
10065,Mohit Agarwal,user10065@example.com,9926821931,47,Male,Bengaluru,Karnataka,Premium,2025-07-03
10066,Rahul Mishra,user10066@example.com,9969591465,41,Male,Bhopal,Madhya Pradesh,Regular,2026-04-05
10067,Riya Bansal,user10067@example.com,9997837150,19,Male,Bengaluru,Karnataka,Regular,2025-08-14
10068,Yash Sharma,user10068@example.com,9366801057,60,Male,Ranchi,Jharkhand,Regular,2025-01-08
10069,Simran Mishra,user10069@example.com,9110319935,51,Male,Chandigarh,Chandigarh,New,2025-12-27
10070,Rohan Sharma,user10070@example.com,9817168258,40,Female,Indore,Madhya Pradesh,Regular,2025-11-19
10071,Sneha Srivastava,user10071@example.com,9390106376,48,Female,Patna,Bihar,Regular,2025-11-09
10072,Priya Singh,user10072@example.com,9988050122,54,Male,Chandigarh,Chandigarh,New,2025-08-18
10073,Himanshu Joshi,user10073@example.com,9575657930,30,Female,Hyderabad,Telangana,Regular,2026-06-27
10074,Rohit Agarwal,user10074@example.com,9827271893,50,Female,Patna,Bihar,Regular,2025-01-25
10075,Rohit Jain,user10075@example.com,9465259561,24,Female,Chandigarh,Chandigarh,Regular,2026-01-12
10076,Rahul Verma,user10076@example.com,9669483769,49,Male,Delhi,Delhi,New,2025-07-29
10077,Abhishek Sinha,user10077@example.com,9137859411,24,Female,Pune,Maharashtra,Regular,2026-02-22
10078,Sneha Chauhan,user10078@example.com,9733434170,59,Male,Hyderabad,Telangana,Regular,2025-05-17
10079,Rohit Sharma,user10079@example.com,9584423113,55,Male,Delhi,Delhi,Premium,2026-04-05
10080,Vivaan Verma,user10080@example.com,9505609365,30,Male,Ahmedabad,Gujarat,Regular,2025-09-18
10081,Neha Mishra,user10081@example.com,9139012508,41,Female,Bengaluru,Karnataka,Regular,2025-10-17
10082,Mohit Agarwal,user10082@example.com,9257421374,45,Female,Kolkata,West Bengal,Premium,2025-01-20
10083,Ananya Joshi,user10083@example.com,9887055944,49,Female,Kanpur,Uttar Pradesh,Regular,2026-05-27
10084,Sneha Sharma,user10084@example.com,9481978172,60,Male,Dehradun,Uttarakhand,New,2025-10-19
10085,Aman Malhotra,user10085@example.com,9644842303,35,Female,Bengaluru,Karnataka,Premium,2025-09-07
10086,Arjun Sharma,user10086@example.com,9397786180,51,Male,Gurugram,Haryana,Regular,2026-04-09
10087,Sahil Gupta,user10087@example.com,9990208935,51,Male,Gurugram,Haryana,Regular,2025-03-08
10088,Arjun Chauhan,user10088@example.com,9661344714,55,Male,Delhi,Delhi,Regular,2026-02-12
10089,Ananya Srivastava,user10089@example.com,9837300096,18,Male,Jaipur,Rajasthan,Premium,2025-01-26
10090,Rohit Shah,user10090@example.com,9844632052,60,Female,Chennai,Tamil Nadu,Premium,2025-06-04
10091,Nikhil Chauhan,user10091@example.com,9942589289,59,Male,Pune,Maharashtra,Premium,2025-04-30
10092,Simran Malhotra,user10092@example.com,9490311744,48,Female,Hyderabad,Telangana,Regular,2026-07-17
10093,Arjun Mehta,user10093@example.com,9836406649,18,Male,Pune,Maharashtra,Regular,2025-08-18
10094,Sneha Shah,user10094@example.com,9780698173,33,Male,Hyderabad,Telangana,New,2026-08-17
10095,Pooja Shah,user10095@example.com,9110441909,56,Female,Bengaluru,Karnataka,New,2025-08-12
10096,Aarav Verma,user10096@example.com,9523925350,32,Male,Ahmedabad,Gujarat,Premium,2025-12-03
10097,Sahil Malhotra,user10097@example.com,9179707451,50,Female,Noida,Uttar Pradesh,Regular,2026-02-11
10098,Arjun Sinha,user10098@example.com,9158613549,40,Female,Delhi,Delhi,Regular,2026-03-13
10099,Yash Mehta,user10099@example.com,9955594756,58,Male,Ranchi,Jharkhand,Regular,2026-04-16
10100,Abhishek Agarwal,user10100@example.com,9516403056,51,Female,Jaipur,Rajasthan,Regular,2025-06-01
10101,Aman Tiwari,user10101@example.com,9721883797,34,Male,Gurugram,Haryana,New,2025-05-06
10102,Aditya Shah,user10102@example.com,9534723801,42,Female,Ahmedabad,Gujarat,Regular,2026-04-02
10103,Isha Srivastava,user10103@example.com,9790670516,59,Male,Bengaluru,Karnataka,Regular,2025-01-04
10104,Sahil Jain,user10104@example.com,9474692933,23,Male,Gurugram,Haryana,Regular,2025-09-23
10105,Kavya Agarwal,user10105@example.com,9210320799,48,Male,Delhi,Delhi,Premium,2025-12-17
10106,Nikhil Yadav,user10106@example.com,9386891247,22,Male,Gurugram,Haryana,Regular,2026-05-09
10107,Kavya Malhotra,user10107@example.com,9946835210,57,Female,Jaipur,Rajasthan,Regular,2025-11-10
10108,Rahul Bansal,user10108@example.com,9926109065,57,Female,Patna,Bihar,Premium,2026-02-04
10109,Arjun Gupta,user10109@example.com,9508881646,47,Female,Bhopal,Madhya Pradesh,Regular,2025-04-23
10110,Priya Kumar,user10110@example.com,9778106358,22,Male,Gurugram,Haryana,Regular,2025-10-14
10111,Karan Shah,user10111@example.com,9480397409,29,Female,Delhi,Delhi,New,2026-08-02
10112,Neeraj Mehta,user10112@example.com,9374497054,24,Male,Jaipur,Rajasthan,Regular,2025-04-21
10113,Rohit Joshi,user10113@example.com,9277264139,30,Male,Bhopal,Madhya Pradesh,Regular,2026-05-01
10114,Rohan Chauhan,user10114@example.com,9812940786,21,Female,Pune,Maharashtra,New,2025-03-12
10115,Rohit Jain,user10115@example.com,9625706859,59,Male,Hyderabad,Telangana,New,2025-03-31
10116,Aman Verma,user10116@example.com,9318838351,20,Female,Patna,Bihar,Regular,2026-04-30
10117,Mohit Gupta,user10117@example.com,9213350053,29,Male,Patna,Bihar,Regular,2026-07-28
10118,Nikhil Sharma,user10118@example.com,9269132866,18,Male,Chennai,Tamil Nadu,New,2025-10-23
10119,Akash Singh,user10119@example.com,9512002497,44,Female,Chandigarh,Chandigarh,Regular,2026-02-20
10120,Sahil Singh,user10120@example.com,9214207027,60,Female,Kanpur,Uttar Pradesh,Regular,2025-02-19
10121,Isha Tiwari,user10121@example.com,9720045956,30,Female,Pune,Maharashtra,Regular,2025-03-21
10122,Rohit Jain,user10122@example.com,9405977226,34,Male,Dehradun,Uttarakhand,Regular,2026-03-16
10123,Simran Patel,user10123@example.com,9132254457,25,Female,Surat,Gujarat,New,2025-06-05
10124,Rohan Agarwal,user10124@example.com,9556909080,49,Male,Lucknow,Uttar Pradesh,Regular,2025-05-11
10125,Rohit Verma,user10125@example.com,9606715938,37,Male,Jaipur,Rajasthan,Premium,2025-05-29
10126,Varun Mehta,user10126@example.com,9126417826,34,Female,Pune,Maharashtra,Regular,2026-07-22
10127,Mohit Agarwal,user10127@example.com,9457381909,51,Female,Chandigarh,Chandigarh,Regular,2025-03-30
10128,Akash Kumar,user10128@example.com,9119796900,52,Female,Patna,Bihar,Regular,2026-05-21
10129,Vikas Bansal,user10129@example.com,9983130325,52,Male,Kolkata,West Bengal,Regular,2025-01-30
10130,Ananya Verma,user10130@example.com,9954113718,55,Female,Lucknow,Uttar Pradesh,Regular,2026-05-24
10131,Varun Verma,user10131@example.com,9432180170,59,Female,Chandigarh,Chandigarh,Premium,2025-09-29
10132,Mohit Agarwal,user10132@example.com,9681784159,41,Male,Pune,Maharashtra,New,2026-04-24
10133,Vivaan Chauhan,user10133@example.com,9700158690,35,Male,Kanpur,Uttar Pradesh,Premium,2025-02-26
10134,Rahul Patel,user10134@example.com,9769590750,56,Female,Noida,Uttar Pradesh,New,2025-05-28
10135,Sahil Sharma,user10135@example.com,9960309228,50,Male,Chennai,Tamil Nadu,Regular,2025-12-21
10136,Kavya Yadav,user10136@example.com,9966294727,40,Female,Chandigarh,Chandigarh,Premium,2025-12-13
10137,Yash Chauhan,user10137@example.com,9872000531,42,Male,Mumbai,Maharashtra,Regular,2026-05-25
10138,Isha Bansal,user10138@example.com,9814984041,54,Female,Ahmedabad,Gujarat,Premium,2025-10-02
10139,Karan Malhotra,user10139@example.com,9678619907,44,Female,Ahmedabad,Gujarat,Premium,2025-11-08
10140,Kavya Srivastava,user10140@example.com,9337157905,18,Male,Surat,Gujarat,Regular,2025-07-25
10141,Rohit Patel,user10141@example.com,9778568242,38,Female,Kolkata,West Bengal,Regular,2025-04-06
10142,Varun Yadav,user10142@example.com,9978911427,27,Male,Pune,Maharashtra,Regular,2026-07-15
10143,Ankit Agarwal,user10143@example.com,9558514963,48,Male,Delhi,Delhi,Regular,2025-09-02
10144,Aarav Sinha,user10144@example.com,9652235129,42,Male,Delhi,Delhi,Regular,2025-10-10
10145,Priya Gupta,user10145@example.com,9386132872,37,Male,Surat,Gujarat,Regular,2025-06-10
10146,Aditya Bansal,user10146@example.com,9948089679,19,Female,Chandigarh,Chandigarh,Regular,2026-06-14
10147,Akash Kapoor,user10147@example.com,9766459289,32,Female,Hyderabad,Telangana,Regular,2025-03-25
10148,Riya Srivastava,user10148@example.com,9126762085,45,Male,Gurugram,Haryana,Regular,2026-06-01
10149,Neeraj Kumar,user10149@example.com,9130940696,30,Male,Pune,Maharashtra,New,2025-02-01
10150,Rohit Mehta,user10150@example.com,9210089667,31,Male,Mumbai,Maharashtra,Regular,2025-01-30
10151,Ananya Mehta,user10151@example.com,9499498408,19,Female,Bengaluru,Karnataka,Regular,2026-01-24
10152,Aditi Joshi,user10152@example.com,9850534714,51,Female,Hyderabad,Telangana,Regular,2025-07-26
10153,Isha Joshi,user10153@example.com,9891345452,52,Female,Jaipur,Rajasthan,Regular,2025-02-03
10154,Karan Bansal,user10154@example.com,9537385768,54,Female,Delhi,Delhi,Regular,2025-02-11
10155,Sahil Bansal,user10155@example.com,9557188901,42,Male,Kanpur,Uttar Pradesh,Premium,2026-04-03
10156,Kavya Agarwal,user10156@example.com,9204186996,32,Male,Chennai,Tamil Nadu,Regular,2025-11-16
10157,Yash Verma,user10157@example.com,9957484414,29,Female,Ahmedabad,Gujarat,Regular,2026-02-18
10158,Aditya Jain,user10158@example.com,9622366356,26,Female,Patna,Bihar,Regular,2025-12-13
10159,Rahul Sinha,user10159@example.com,9357159566,48,Female,Hyderabad,Telangana,New,2026-04-15
10160,Vikas Kapoor,user10160@example.com,9587016962,31,Female,Surat,Gujarat,New,2025-05-12
10161,Simran Agarwal,user10161@example.com,9123314292,46,Female,Dehradun,Uttarakhand,New,2025-09-02
10162,Aman Singh,user10162@example.com,9310246129,60,Female,Dehradun,Uttarakhand,Regular,2026-03-19
10163,Pooja Kumar,user10163@example.com,9128738477,55,Female,Surat,Gujarat,New,2025-09-20
10164,Ananya Sinha,user10164@example.com,9300389135,59,Female,Ahmedabad,Gujarat,Premium,2026-06-16
10165,Vivaan Singh,user10165@example.com,9287972872,25,Female,Pune,Maharashtra,Regular,2025-03-02
10166,Sahil Srivastava,user10166@example.com,9421922798,20,Male,Noida,Uttar Pradesh,Regular,2025-10-22
10167,Rahul Chauhan,user10167@example.com,9387530246,19,Male,Gurugram,Haryana,New,2025-04-04
10168,Riya Mishra,user10168@example.com,9700999309,33,Female,Dehradun,Uttarakhand,Regular,2025-12-07
10169,Kavya Shah,user10169@example.com,9736556933,36,Male,Jaipur,Rajasthan,Regular,2026-01-12
10170,Pooja Kapoor,user10170@example.com,9748019668,47,Male,Dehradun,Uttarakhand,Regular,2025-05-20
10171,Karan Kapoor,user10171@example.com,9194336526,58,Male,Dehradun,Uttarakhand,Regular,2025-06-24
10172,Isha Shah,user10172@example.com,9265036871,33,Female,Dehradun,Uttarakhand,Regular,2025-06-08
10173,Aarav Kumar,user10173@example.com,9549286049,48,Male,Noida,Uttar Pradesh,Regular,2025-04-25
10174,Yash Mehta,user10174@example.com,9751506023,45,Male,Noida,Uttar Pradesh,Regular,2026-04-10
10175,Mohit Chauhan,user10175@example.com,9310768735,21,Male,Jaipur,Rajasthan,New,2025-09-16
10176,Isha Yadav,user10176@example.com,9609504121,27,Female,Delhi,Delhi,Regular,2025-04-16
10177,Ankit Mehta,user10177@example.com,9197484016,35,Male,Delhi,Delhi,Regular,2025-01-29
10178,Rohan Mishra,user10178@example.com,9278570866,49,Male,Kanpur,Uttar Pradesh,Regular,2026-05-02
10179,Varun Kapoor,user10179@example.com,9314914756,47,Female,Noida,Uttar Pradesh,Regular,2025-08-01
10180,Ananya Agarwal,user10180@example.com,9653247965,53,Male,Ahmedabad,Gujarat,Regular,2025-05-14
10181,Sneha Jain,user10181@example.com,9517319125,26,Male,Mumbai,Maharashtra,New,2026-04-13
10182,Ankit Singh,user10182@example.com,9552322195,53,Female,Lucknow,Uttar Pradesh,Premium,2026-07-22
10183,Simran Srivastava,user10183@example.com,9668355407,46,Male,Kolkata,West Bengal,Regular,2025-02-12
10184,Ananya Malhotra,user10184@example.com,9475445254,33,Female,Dehradun,Uttarakhand,Premium,2025-08-28
10185,Neha Verma,user10185@example.com,9860207494,45,Male,Mumbai,Maharashtra,Regular,2025-06-25
10186,Nikhil Verma,user10186@example.com,9697397297,38,Male,Jaipur,Rajasthan,New,2025-03-04
10187,Aditya Chauhan,user10187@example.com,9851819505,19,Female,Surat,Gujarat,Regular,2025-07-17
10188,Yash Jain,user10188@example.com,9906711681,52,Female,Noida,Uttar Pradesh,New,2026-08-15
10189,Rohit Malhotra,user10189@example.com,9330332173,45,Male,Mumbai,Maharashtra,Premium,2025-01-10
10190,Aditya Tiwari,user10190@example.com,9104163121,53,Male,Kolkata,West Bengal,Regular,2026-08-26
10191,Aarav Jain,user10191@example.com,9636718632,48,Female,Ranchi,Jharkhand,Regular,2026-04-20
10192,Neha Malhotra,user10192@example.com,9560969485,50,Female,Ranchi,Jharkhand,Regular,2026-04-28
10193,Priya Verma,user10193@example.com,9640557700,40,Male,Delhi,Delhi,Regular,2026-05-24
10194,Varun Yadav,user10194@example.com,9548708042,58,Female,Hyderabad,Telangana,Premium,2025-03-13
10195,Aarav Jain,user10195@example.com,9287222759,34,Male,Mumbai,Maharashtra,New,2026-03-17
10196,Akash Chauhan,user10196@example.com,9955969028,18,Male,Ranchi,Jharkhand,Regular,2025-01-21
10197,Vivaan Verma,user10197@example.com,9231383999,59,Male,Gurugram,Haryana,Regular,2025-12-14
10198,Simran Kumar,user10198@example.com,9259382428,40,Male,Surat,Gujarat,Premium,2026-02-10
10199,Yash Yadav,user10199@example.com,9343947210,44,Male,Lucknow,Uttar Pradesh,Regular,2025-03-05
10200,Aman Gupta,user10200@example.com,9549415940,42,Male,Kanpur,Uttar Pradesh,Premium,2026-02-10
10201,Karan Jain,user10201@example.com,9996482416,49,Male,Gurugram,Haryana,Regular,2025-06-02
10202,Simran Sharma,user10202@example.com,9157991029,36,Male,Kanpur,Uttar Pradesh,New,2025-07-09
10203,Nikhil Jain,user10203@example.com,9677377119,41,Male,Surat,Gujarat,Regular,2025-12-01
10204,Neeraj Agarwal,user10204@example.com,9146351395,20,Male,Pune,Maharashtra,Regular,2025-03-02
10205,Aarav Singh,user10205@example.com,9375165262,29,Female,Surat,Gujarat,Regular,2025-08-23
10206,Aditya Tiwari,user10206@example.com,9343819794,52,Male,Hyderabad,Telangana,New,2025-10-30
10207,Riya Agarwal,user10207@example.com,9555737279,32,Female,Delhi,Delhi,Regular,2026-04-29
10208,Aditya Srivastava,user10208@example.com,9792585749,34,Male,Bengaluru,Karnataka,New,2025-09-20
10209,Rahul Mehta,user10209@example.com,9957006753,49,Male,Pune,Maharashtra,Premium,2025-02-14
10210,Kavya Sinha,user10210@example.com,9484523792,24,Male,Indore,Madhya Pradesh,New,2025-08-19
10211,Mohit Kumar,user10211@example.com,9598290891,36,Female,Bengaluru,Karnataka,Regular,2026-06-23
10212,Mohit Patel,user10212@example.com,9564483288,24,Male,Delhi,Delhi,New,2026-01-10
10213,Yash Malhotra,user10213@example.com,9842676407,22,Male,Kolkata,West Bengal,Regular,2026-07-15
10214,Sahil Shah,user10214@example.com,9127922448,57,Female,Indore,Madhya Pradesh,Premium,2025-02-11
10215,Yash Chauhan,user10215@example.com,9883605449,38,Female,Chennai,Tamil Nadu,New,2026-01-04
10216,Vikas Tiwari,user10216@example.com,9468554459,24,Female,Gurugram,Haryana,New,2025-04-23
10217,Rohan Verma,user10217@example.com,9386764542,54,Male,Pune,Maharashtra,New,2025-10-04
10218,Arjun Mehta,user10218@example.com,9943047121,40,Male,Ranchi,Jharkhand,Regular,2026-08-13
10219,Neeraj Jain,user10219@example.com,9266150642,28,Female,Ranchi,Jharkhand,Regular,2025-04-05
10220,Ananya Tiwari,user10220@example.com,9980704913,27,Male,Surat,Gujarat,Regular,2026-07-22
10221,Neeraj Bansal,user10221@example.com,9115049132,38,Female,Dehradun,Uttarakhand,Regular,2025-12-15
10222,Aman Joshi,user10222@example.com,9726032607,58,Female,Noida,Uttar Pradesh,New,2025-12-03
10223,Kavya Srivastava,user10223@example.com,9207813965,50,Female,Delhi,Delhi,Premium,2025-10-04
10224,Sahil Sinha,user10224@example.com,9512331575,37,Male,Ranchi,Jharkhand,Regular,2025-05-30
10225,Ankit Verma,user10225@example.com,9609471823,50,Male,Ahmedabad,Gujarat,Premium,2025-02-11
10226,Sahil Shah,user10226@example.com,9382789945,57,Female,Jaipur,Rajasthan,Premium,2025-09-05
10227,Sahil Yadav,user10227@example.com,9624702927,52,Male,Jaipur,Rajasthan,Regular,2025-08-15
10228,Riya Agarwal,user10228@example.com,9466018512,51,Male,Hyderabad,Telangana,Regular,2026-04-03
10229,Pooja Bansal,user10229@example.com,9232642635,53,Male,Hyderabad,Telangana,Regular,2025-07-17
10230,Ananya Kapoor,user10230@example.com,9788146953,44,Male,Gurugram,Haryana,New,2025-08-12
10231,Riya Yadav,user10231@example.com,9332400724,36,Male,Kanpur,Uttar Pradesh,Regular,2025-02-12
10232,Yash Yadav,user10232@example.com,9957814098,60,Female,Ranchi,Jharkhand,New,2026-02-18
10233,Varun Tiwari,user10233@example.com,9458799980,22,Male,Ranchi,Jharkhand,Regular,2026-04-26
10234,Priya Tiwari,user10234@example.com,9287958315,46,Male,Gurugram,Haryana,Regular,2026-06-26
10235,Sahil Patel,user10235@example.com,9766158562,27,Male,Surat,Gujarat,New,2026-01-30
10236,Ananya Shah,user10236@example.com,9530492613,57,Male,Delhi,Delhi,New,2026-07-26
10237,Ankit Singh,user10237@example.com,9882378627,30,Female,Surat,Gujarat,Regular,2025-07-08
10238,Neeraj Shah,user10238@example.com,9449729260,46,Female,Kolkata,West Bengal,New,2025-06-07
10239,Karan Sinha,user10239@example.com,9634878706,22,Male,Dehradun,Uttarakhand,Premium,2025-09-12
10240,Yash Kapoor,user10240@example.com,9898178321,29,Female,Bengaluru,Karnataka,New,2025-08-23
10241,Karan Jain,user10241@example.com,9446944092,30,Male,Lucknow,Uttar Pradesh,Regular,2025-12-18
10242,Himanshu Patel,user10242@example.com,9339833058,39,Female,Mumbai,Maharashtra,Regular,2026-06-13
10243,Neha Gupta,user10243@example.com,9689661107,57,Male,Bengaluru,Karnataka,New,2025-06-22
10244,Nikhil Mehta,user10244@example.com,9766390821,32,Male,Surat,Gujarat,Regular,2025-08-16
10245,Neeraj Joshi,user10245@example.com,9530366671,30,Male,Gurugram,Haryana,Regular,2025-10-31
10246,Neha Tiwari,user10246@example.com,9158637783,18,Female,Ranchi,Jharkhand,Premium,2026-03-12
10247,Isha Srivastava,user10247@example.com,9499382498,55,Male,Gurugram,Haryana,Regular,2025-06-04
10248,Ankit Sinha,user10248@example.com,9935551403,60,Female,Indore,Madhya Pradesh,New,2026-04-17
10249,Sahil Mehta,user10249@example.com,9125417266,18,Male,Bhopal,Madhya Pradesh,New,2026-06-10
10250,Riya Joshi,user10250@example.com,9338301714,28,Female,Indore,Madhya Pradesh,Regular,2025-03-27
10251,Vikas Yadav,user10251@example.com,9722077047,60,Male,Noida,Uttar Pradesh,New,2025-05-01
10252,Yash Singh,user10252@example.com,9248350787,57,Female,Gurugram,Haryana,Regular,2026-01-24
10253,Sneha Patel,user10253@example.com,9397343041,39,Male,Ranchi,Jharkhand,Premium,2025-01-23
10254,Neeraj Yadav,user10254@example.com,9443140797,52,Male,Hyderabad,Telangana,Regular,2025-08-16
10255,Nikhil Kumar,user10255@example.com,9129625849,23,Female,Lucknow,Uttar Pradesh,Regular,2025-03-05
10256,Rohan Srivastava,user10256@example.com,9553058748,45,Female,Delhi,Delhi,Regular,2025-08-02
10257,Neeraj Patel,user10257@example.com,9852488428,48,Female,Lucknow,Uttar Pradesh,Regular,2025-11-17
10258,Mohit Chauhan,user10258@example.com,9494690717,25,Male,Delhi,Delhi,New,2026-05-30
10259,Varun Chauhan,user10259@example.com,9918912865,22,Male,Bhopal,Madhya Pradesh,Regular,2026-05-24
10260,Isha Joshi,user10260@example.com,9462728093,59,Male,Ranchi,Jharkhand,Premium,2026-02-12
10261,Rohit Joshi,user10261@example.com,9498518194,34,Male,Surat,Gujarat,New,2025-02-19
10262,Ankit Singh,user10262@example.com,9575832565,55,Male,Bengaluru,Karnataka,Regular,2026-04-30
10263,Neha Mehta,user10263@example.com,9581934255,26,Male,Pune,Maharashtra,Premium,2026-01-09
10264,Himanshu Malhotra,user10264@example.com,9234826731,27,Female,Gurugram,Haryana,Regular,2025-04-08
10265,Kavya Jain,user10265@example.com,9756645152,37,Female,Dehradun,Uttarakhand,New,2025-10-29
10266,Ankit Singh,user10266@example.com,9326549096,31,Male,Delhi,Delhi,Regular,2026-03-25
10267,Aman Patel,user10267@example.com,9384192496,31,Male,Ranchi,Jharkhand,Regular,2025-03-03
10268,Vivaan Jain,user10268@example.com,9666862673,43,Male,Ahmedabad,Gujarat,Regular,2025-12-29
10269,Ankit Malhotra,user10269@example.com,9649127954,46,Female,Kanpur,Uttar Pradesh,Regular,2025-06-16
10270,Neeraj Chauhan,user10270@example.com,9984036678,44,Male,Bhopal,Madhya Pradesh,New,2025-08-11
10271,Aman Kumar,user10271@example.com,9368031288,42,Female,Mumbai,Maharashtra,Regular,2026-05-07
10272,Rohit Agarwal,user10272@example.com,9316297362,33,Male,Mumbai,Maharashtra,Regular,2025-05-03
10273,Yash Malhotra,user10273@example.com,9161775575,53,Male,Chandigarh,Chandigarh,Premium,2026-01-13
10274,Aman Mishra,user10274@example.com,9821438798,51,Female,Kanpur,Uttar Pradesh,New,2026-06-16
10275,Akash Kapoor,user10275@example.com,9481218984,33,Female,Bengaluru,Karnataka,Regular,2026-01-31
10276,Himanshu Kapoor,user10276@example.com,9264043561,50,Male,Noida,Uttar Pradesh,New,2025-10-24
10277,Riya Shah,user10277@example.com,9271232214,20,Female,Delhi,Delhi,Regular,2026-07-19
10278,Aarav Malhotra,user10278@example.com,9281115059,40,Female,Patna,Bihar,Premium,2026-04-15
10279,Aditya Malhotra,user10279@example.com,9771045235,28,Male,Delhi,Delhi,Regular,2025-06-16
10280,Karan Verma,user10280@example.com,9567113445,35,Female,Jaipur,Rajasthan,New,2026-03-21
10281,Karan Agarwal,user10281@example.com,9314636291,58,Female,Ranchi,Jharkhand,New,2025-08-21
10282,Kavya Malhotra,user10282@example.com,9794848516,46,Female,Kanpur,Uttar Pradesh,Regular,2026-06-01
10283,Yash Jain,user10283@example.com,9788802088,22,Male,Lucknow,Uttar Pradesh,Regular,2025-11-18
10284,Ananya Sharma,user10284@example.com,9733875286,41,Male,Gurugram,Haryana,Premium,2025-05-04
10285,Varun Sinha,user10285@example.com,9806611559,46,Female,Dehradun,Uttarakhand,Regular,2025-11-22
10286,Sneha Chauhan,user10286@example.com,9870627700,46,Male,Dehradun,Uttarakhand,Premium,2025-08-17
10287,Rohan Joshi,user10287@example.com,9495850084,43,Male,Ahmedabad,Gujarat,Regular,2026-07-18
10288,Ankit Srivastava,user10288@example.com,9759786684,57,Female,Bhopal,Madhya Pradesh,Premium,2026-03-13
10289,Rohan Sharma,user10289@example.com,9873171638,20,Male,Mumbai,Maharashtra,New,2025-09-01
10290,Simran Shah,user10290@example.com,9124571210,19,Female,Gurugram,Haryana,Premium,2026-05-24
10291,Arjun Malhotra,user10291@example.com,9888581900,42,Female,Hyderabad,Telangana,Regular,2026-01-22
10292,Pooja Srivastava,user10292@example.com,9749913997,36,Female,Jaipur,Rajasthan,Premium,2026-06-18
10293,Mohit Chauhan,user10293@example.com,9344380859,57,Female,Dehradun,Uttarakhand,New,2026-01-28
10294,Neha Chauhan,user10294@example.com,9969568455,19,Male,Bhopal,Madhya Pradesh,Regular,2026-06-11
10295,Aman Verma,user10295@example.com,9288646680,36,Male,Gurugram,Haryana,Regular,2026-07-13
10296,Rohit Shah,user10296@example.com,9701789950,18,Female,Delhi,Delhi,Premium,2026-05-27
10297,Mohit Mehta,user10297@example.com,9116805885,44,Male,Surat,Gujarat,Regular,2025-06-16
10298,Ankit Yadav,user10298@example.com,9568350417,52,Female,Delhi,Delhi,Regular,2025-05-25
10299,Neeraj Joshi,user10299@example.com,9615251314,58,Female,Gurugram,Haryana,Regular,2026-07-23
10300,Priya Tiwari,user10300@example.com,9429541547,22,Male,Indore,Madhya Pradesh,Regular,2025-05-01
10301,Rahul Patel,user10301@example.com,9252964331,55,Female,Chennai,Tamil Nadu,New,2026-01-21
10302,Rohit Joshi,user10302@example.com,9556934737,21,Male,Gurugram,Haryana,New,2025-10-02
10303,Priya Chauhan,user10303@example.com,9358644489,34,Male,Bengaluru,Karnataka,New,2025-11-25
10304,Sneha Sinha,user10304@example.com,9449996795,38,Female,Bhopal,Madhya Pradesh,Regular,2025-10-29
10305,Nikhil Chauhan,user10305@example.com,9569107761,48,Female,Indore,Madhya Pradesh,Premium,2025-07-20
10306,Pooja Shah,user10306@example.com,9714236075,39,Male,Patna,Bihar,Premium,2025-07-03
10307,Sahil Mehta,user10307@example.com,9206980493,28,Male,Noida,Uttar Pradesh,New,2025-05-26
10308,Pooja Shah,user10308@example.com,9507661213,51,Male,Chennai,Tamil Nadu,New,2026-03-23
10309,Simran Kapoor,user10309@example.com,9866786589,32,Male,Noida,Uttar Pradesh,New,2025-09-23
10310,Ananya Sharma,user10310@example.com,9421367121,27,Male,Dehradun,Uttarakhand,New,2025-04-24
10311,Ananya Patel,user10311@example.com,9143266078,55,Male,Bengaluru,Karnataka,New,2025-11-14
10312,Pooja Srivastava,user10312@example.com,9208969707,49,Female,Delhi,Delhi,Regular,2025-04-22
10313,Yash Bansal,user10313@example.com,9100645452,48,Female,Hyderabad,Telangana,Regular,2026-02-04
10314,Ananya Sinha,user10314@example.com,9806298515,54,Male,Kolkata,West Bengal,Regular,2025-11-14
10315,Arjun Sharma,user10315@example.com,9558332529,45,Male,Ranchi,Jharkhand,Regular,2026-06-19
10316,Ankit Malhotra,user10316@example.com,9462811938,48,Female,Pune,Maharashtra,Regular,2026-01-03
10317,Akash Srivastava,user10317@example.com,9843926294,23,Female,Chennai,Tamil Nadu,Regular,2026-05-18
10318,Rohan Mishra,user10318@example.com,9831391081,31,Female,Gurugram,Haryana,Regular,2026-08-26
10319,Rohit Srivastava,user10319@example.com,9336271712,40,Male,Indore,Madhya Pradesh,Regular,2025-11-23
10320,Neha Joshi,user10320@example.com,9431045093,33,Male,Chandigarh,Chandigarh,New,2026-04-22
10321,Ankit Agarwal,user10321@example.com,9628060786,42,Male,Pune,Maharashtra,New,2025-12-03
10322,Riya Sinha,user10322@example.com,9125687139,56,Female,Lucknow,Uttar Pradesh,New,2026-06-04
10323,Ananya Kumar,user10323@example.com,9588007100,19,Male,Chandigarh,Chandigarh,Regular,2025-09-01
10324,Vikas Sinha,user10324@example.com,9237516499,55,Female,Surat,Gujarat,New,2025-06-24
10325,Isha Patel,user10325@example.com,9621922614,58,Male,Delhi,Delhi,Regular,2026-05-09
10326,Sahil Mehta,user10326@example.com,9300649922,56,Male,Bengaluru,Karnataka,New,2025-03-20
10327,Isha Joshi,user10327@example.com,9997170951,51,Female,Bhopal,Madhya Pradesh,Regular,2025-07-02
10328,Abhishek Kapoor,user10328@example.com,9463448743,57,Male,Ranchi,Jharkhand,New,2025-08-19
10329,Riya Verma,user10329@example.com,9208001594,60,Female,Bhopal,Madhya Pradesh,Regular,2026-08-04
10330,Ankit Joshi,user10330@example.com,9833766783,42,Male,Ahmedabad,Gujarat,New,2025-03-28
10331,Varun Sharma,user10331@example.com,9886323487,53,Male,Kanpur,Uttar Pradesh,New,2026-04-23
10332,Pooja Yadav,user10332@example.com,9924814086,33,Male,Patna,Bihar,Premium,2026-07-31
10333,Neha Sinha,user10333@example.com,9340862465,35,Male,Noida,Uttar Pradesh,Regular,2025-10-20
10334,Pooja Jain,user10334@example.com,9763251796,30,Male,Noida,Uttar Pradesh,New,2025-12-29
10335,Ananya Verma,user10335@example.com,9492689541,54,Female,Kanpur,Uttar Pradesh,Regular,2025-01-13
10336,Simran Gupta,user10336@example.com,9950851035,44,Female,Dehradun,Uttarakhand,Regular,2026-07-04
10337,Neeraj Yadav,user10337@example.com,9565185519,51,Male,Surat,Gujarat,Regular,2026-08-10
10338,Aarav Chauhan,user10338@example.com,9210840937,28,Male,Chennai,Tamil Nadu,Regular,2025-11-03
10339,Arjun Chauhan,user10339@example.com,9187101855,18,Female,Mumbai,Maharashtra,Premium,2025-12-10
10340,Rohit Malhotra,user10340@example.com,9112724780,30,Male,Patna,Bihar,New,2025-12-17
10341,Rohit Joshi,user10341@example.com,9625340457,47,Male,Kolkata,West Bengal,Regular,2025-10-28
10342,Aditya Srivastava,user10342@example.com,9794389101,22,Male,Jaipur,Rajasthan,Regular,2025-08-16
10343,Aditi Sharma,user10343@example.com,9416835336,35,Female,Delhi,Delhi,Regular,2026-08-07
10344,Riya Tiwari,user10344@example.com,9362172106,31,Male,Bengaluru,Karnataka,Premium,2025-01-17
10345,Akash Kumar,user10345@example.com,9400694897,30,Male,Ahmedabad,Gujarat,Regular,2026-04-27
10346,Aditya Sinha,user10346@example.com,9794810954,49,Male,Ahmedabad,Gujarat,Regular,2025-03-18
10347,Nikhil Singh,user10347@example.com,9484373424,24,Male,Jaipur,Rajasthan,Premium,2026-04-06
10348,Rohit Bansal,user10348@example.com,9955430785,25,Male,Pune,Maharashtra,Regular,2026-06-20
10349,Aditi Srivastava,user10349@example.com,9873775042,24,Female,Lucknow,Uttar Pradesh,Regular,2025-10-15
10350,Yash Jain,user10350@example.com,9425380106,33,Female,Mumbai,Maharashtra,Premium,2025-03-28
10351,Simran Bansal,user10351@example.com,9349682737,60,Male,Chandigarh,Chandigarh,New,2025-05-10
10352,Sahil Tiwari,user10352@example.com,9536573690,48,Male,Surat,Gujarat,Regular,2025-08-10
10353,Varun Agarwal,user10353@example.com,9869298850,44,Female,Patna,Bihar,Regular,2025-10-22
10354,Rohit Shah,user10354@example.com,9769484153,50,Female,Gurugram,Haryana,Premium,2025-10-22
10355,Sneha Mishra,user10355@example.com,9529803038,46,Male,Bengaluru,Karnataka,Premium,2025-03-19
10356,Pooja Srivastava,user10356@example.com,9836684379,25,Female,Surat,Gujarat,Regular,2025-02-18
10357,Neeraj Sharma,user10357@example.com,9145337533,50,Male,Ranchi,Jharkhand,Premium,2026-07-24
10358,Aman Mehta,user10358@example.com,9192541339,58,Male,Chandigarh,Chandigarh,Regular,2026-03-14
10359,Himanshu Shah,user10359@example.com,9301503967,36,Male,Indore,Madhya Pradesh,New,2025-03-24
10360,Kavya Gupta,user10360@example.com,9903812563,38,Female,Chennai,Tamil Nadu,New,2025-01-29
10361,Varun Mishra,user10361@example.com,9447234395,58,Male,Kanpur,Uttar Pradesh,Regular,2026-04-14
10362,Priya Kapoor,user10362@example.com,9240119960,38,Female,Dehradun,Uttarakhand,Regular,2025-11-27
10363,Ananya Srivastava,user10363@example.com,9636584522,42,Female,Kanpur,Uttar Pradesh,Regular,2025-11-09
10364,Yash Tiwari,user10364@example.com,9941088466,59,Female,Jaipur,Rajasthan,Regular,2025-07-19
10365,Neha Srivastava,user10365@example.com,9567083099,40,Male,Hyderabad,Telangana,Premium,2025-05-05
10366,Aman Gupta,user10366@example.com,9854800256,28,Male,Ahmedabad,Gujarat,Regular,2025-05-11
10367,Isha Patel,user10367@example.com,9759579834,50,Female,Delhi,Delhi,Premium,2025-04-01
10368,Pooja Joshi,user10368@example.com,9798592964,37,Female,Delhi,Delhi,Premium,2025-09-14
10369,Himanshu Gupta,user10369@example.com,9969284809,42,Female,Patna,Bihar,Regular,2025-02-17
10370,Rohan Tiwari,user10370@example.com,9777489193,43,Male,Noida,Uttar Pradesh,Regular,2025-12-09
10371,Ananya Jain,user10371@example.com,9345096301,57,Male,Ranchi,Jharkhand,Regular,2025-07-17
10372,Akash Jain,user10372@example.com,9448048289,29,Female,Bengaluru,Karnataka,Regular,2026-01-19
10373,Abhishek Mishra,user10373@example.com,9542193123,49,Male,Chandigarh,Chandigarh,Regular,2025-03-21
10374,Akash Verma,user10374@example.com,9791491009,50,Male,Delhi,Delhi,New,2026-01-10
10375,Vikas Chauhan,user10375@example.com,9379413265,27,Male,Ranchi,Jharkhand,New,2026-06-19
10376,Himanshu Jain,user10376@example.com,9721857612,21,Male,Pune,Maharashtra,New,2025-08-27
10377,Himanshu Malhotra,user10377@example.com,9201672178,32,Male,Jaipur,Rajasthan,New,2025-09-22
10378,Pooja Kapoor,user10378@example.com,9731563713,23,Male,Gurugram,Haryana,New,2026-05-09
10379,Rohan Joshi,user10379@example.com,9546272126,44,Male,Ahmedabad,Gujarat,Regular,2025-02-17
10380,Nikhil Shah,user10380@example.com,9856594250,22,Female,Ranchi,Jharkhand,Premium,2025-10-07
10381,Simran Kumar,user10381@example.com,9707544893,22,Male,Kanpur,Uttar Pradesh,Regular,2025-08-27
10382,Abhishek Singh,user10382@example.com,9653404893,35,Male,Jaipur,Rajasthan,Premium,2025-02-04
10383,Aman Sharma,user10383@example.com,9812440287,45,Female,Bhopal,Madhya Pradesh,Regular,2026-04-13
10384,Kavya Bansal,user10384@example.com,9845437471,52,Male,Jaipur,Rajasthan,Regular,2026-01-15
10385,Yash Kapoor,user10385@example.com,9742134713,39,Male,Patna,Bihar,Regular,2025-05-12
10386,Aarav Jain,user10386@example.com,9799387569,51,Female,Dehradun,Uttarakhand,Regular,2025-10-15
10387,Aarav Malhotra,user10387@example.com,9430323965,21,Female,Bhopal,Madhya Pradesh,Regular,2025-02-12
10388,Mohit Yadav,user10388@example.com,9497522597,35,Male,Surat,Gujarat,Premium,2026-07-12
10389,Priya Malhotra,user10389@example.com,9776432566,58,Male,Jaipur,Rajasthan,Regular,2025-07-28
10390,Riya Srivastava,user10390@example.com,9935883337,43,Female,Ahmedabad,Gujarat,New,2026-07-13
10391,Vivaan Mehta,user10391@example.com,9703431381,59,Male,Ranchi,Jharkhand,Regular,2025-01-22
10392,Arjun Patel,user10392@example.com,9704376822,39,Female,Ranchi,Jharkhand,New,2026-01-07
10393,Akash Sinha,user10393@example.com,9698661968,50,Female,Pune,Maharashtra,New,2026-04-27
10394,Arjun Singh,user10394@example.com,9944235285,60,Female,Lucknow,Uttar Pradesh,Regular,2025-06-03
10395,Ankit Sharma,user10395@example.com,9793876650,31,Male,Delhi,Delhi,Regular,2025-06-09
10396,Ananya Singh,user10396@example.com,9781860048,48,Male,Jaipur,Rajasthan,Regular,2026-04-13
10397,Neha Kapoor,user10397@example.com,9823103703,27,Female,Chennai,Tamil Nadu,Premium,2025-10-30
10398,Arjun Jain,user10398@example.com,9841661091,41,Male,Jaipur,Rajasthan,Regular,2026-02-06
10399,Aarav Agarwal,user10399@example.com,9111459705,38,Male,Lucknow,Uttar Pradesh,Regular,2025-03-24
10400,Rohan Singh,user10400@example.com,9950956279,25,Female,Noida,Uttar Pradesh,New,2025-02-17
10401,Aditi Joshi,user10401@example.com,9717652985,49,Male,Surat,Gujarat,Regular,2025-12-20
10402,Abhishek Jain,user10402@example.com,9905417965,48,Male,Chennai,Tamil Nadu,Regular,2025-05-23
10403,Vikas Malhotra,user10403@example.com,9674792570,51,Female,Kanpur,Uttar Pradesh,Regular,2026-01-01
10404,Simran Patel,user10404@example.com,9387606691,40,Male,Delhi,Delhi,New,2025-04-16
10405,Aditya Mehta,user10405@example.com,9993029275,42,Male,Jaipur,Rajasthan,New,2026-06-22
10406,Karan Patel,user10406@example.com,9977394253,24,Male,Chandigarh,Chandigarh,Regular,2025-09-06
10407,Simran Bansal,user10407@example.com,9397792441,36,Female,Lucknow,Uttar Pradesh,Regular,2025-11-09
10408,Sneha Patel,user10408@example.com,9112064163,24,Male,Ranchi,Jharkhand,Regular,2025-12-18
10409,Neeraj Chauhan,user10409@example.com,9927268421,25,Male,Ranchi,Jharkhand,Regular,2025-09-15
10410,Arjun Gupta,user10410@example.com,9137682173,31,Female,Noida,Uttar Pradesh,New,2026-07-05
10411,Abhishek Joshi,user10411@example.com,9495953800,18,Female,Dehradun,Uttarakhand,Regular,2026-06-26
10412,Yash Patel,user10412@example.com,9362507284,30,Male,Surat,Gujarat,Premium,2026-08-06
10413,Kavya Mehta,user10413@example.com,9652751935,20,Female,Ahmedabad,Gujarat,New,2025-09-11
10414,Ankit Jain,user10414@example.com,9315716683,45,Male,Indore,Madhya Pradesh,Regular,2026-05-23
10415,Kavya Bansal,user10415@example.com,9559083324,55,Female,Gurugram,Haryana,Regular,2026-05-11
10416,Rohit Tiwari,user10416@example.com,9745253369,32,Male,Delhi,Delhi,Regular,2026-07-27
10417,Pooja Joshi,user10417@example.com,9314257629,53,Male,Delhi,Delhi,New,2026-02-05
10418,Abhishek Shah,user10418@example.com,9915565918,20,Female,Kanpur,Uttar Pradesh,Premium,2026-07-13
10419,Riya Sinha,user10419@example.com,9770433463,21,Male,Kolkata,West Bengal,Regular,2026-02-10
10420,Riya Sharma,user10420@example.com,9262276611,22,Male,Jaipur,Rajasthan,Regular,2026-06-18
10421,Simran Shah,user10421@example.com,9661466142,43,Male,Ahmedabad,Gujarat,New,2025-10-24
10422,Nikhil Yadav,user10422@example.com,9284743578,42,Female,Gurugram,Haryana,Regular,2026-08-10
10423,Aditya Gupta,user10423@example.com,9406505913,27,Male,Delhi,Delhi,Regular,2026-02-19
10424,Varun Gupta,user10424@example.com,9615633144,25,Male,Delhi,Delhi,Regular,2025-06-15
10425,Kavya Jain,user10425@example.com,9116016792,29,Male,Bengaluru,Karnataka,Regular,2026-02-04
10426,Kavya Tiwari,user10426@example.com,9866192708,20,Male,Chennai,Tamil Nadu,Regular,2026-03-18
10427,Arjun Kapoor,user10427@example.com,9320642117,44,Male,Kolkata,West Bengal,New,2025-04-05
10428,Rahul Jain,user10428@example.com,9789481476,40,Male,Ahmedabad,Gujarat,Regular,2026-04-02
10429,Akash Bansal,user10429@example.com,9401666930,57,Male,Chandigarh,Chandigarh,New,2025-10-01
10430,Rohan Chauhan,user10430@example.com,9592387162,50,Male,Ahmedabad,Gujarat,New,2025-11-04
10431,Nikhil Sharma,user10431@example.com,9911558919,31,Female,Bhopal,Madhya Pradesh,Regular,2026-06-22
10432,Rohit Verma,user10432@example.com,9526142984,40,Female,Noida,Uttar Pradesh,New,2025-03-08
10433,Neha Sinha,user10433@example.com,9851387406,48,Female,Kanpur,Uttar Pradesh,Premium,2026-05-18
10434,Nikhil Sinha,user10434@example.com,9513972216,30,Male,Indore,Madhya Pradesh,Premium,2026-08-25
10435,Rohan Sharma,user10435@example.com,9617160552,29,Female,Gurugram,Haryana,Regular,2026-05-12
10436,Vikas Chauhan,user10436@example.com,9468046854,52,Male,Dehradun,Uttarakhand,Regular,2025-06-01
10437,Arjun Srivastava,user10437@example.com,9570062815,35,Female,Bengaluru,Karnataka,Premium,2025-11-29
10438,Aditi Srivastava,user10438@example.com,9121821255,38,Male,Chennai,Tamil Nadu,New,2026-05-05
10439,Aditi Patel,user10439@example.com,9858952942,59,Male,Noida,Uttar Pradesh,Regular,2026-06-17
10440,Ananya Chauhan,user10440@example.com,9112639602,18,Male,Kanpur,Uttar Pradesh,New,2026-03-23
10441,Ankit Sinha,user10441@example.com,9953225230,55,Male,Hyderabad,Telangana,Regular,2026-08-08
10442,Vivaan Srivastava,user10442@example.com,9176645028,58,Female,Pune,Maharashtra,Regular,2025-09-09
10443,Mohit Srivastava,user10443@example.com,9130825554,59,Female,Lucknow,Uttar Pradesh,Regular,2025-02-03
10444,Mohit Kapoor,user10444@example.com,9704497702,26,Female,Indore,Madhya Pradesh,New,2025-11-11
10445,Aditi Yadav,user10445@example.com,9375242629,40,Female,Chandigarh,Chandigarh,New,2026-05-09
10446,Arjun Verma,user10446@example.com,9478408954,31,Male,Kolkata,West Bengal,Regular,2026-05-12
10447,Abhishek Verma,user10447@example.com,9241865170,28,Male,Lucknow,Uttar Pradesh,Regular,2026-08-14
10448,Neha Agarwal,user10448@example.com,9819484216,24,Female,Lucknow,Uttar Pradesh,Regular,2026-07-12
10449,Priya Tiwari,user10449@example.com,9692270939,48,Male,Chennai,Tamil Nadu,Regular,2026-07-22
10450,Rohan Shah,user10450@example.com,9299812432,41,Female,Jaipur,Rajasthan,New,2026-07-14
10451,Simran Yadav,user10451@example.com,9491885289,43,Male,Hyderabad,Telangana,New,2026-07-19
10452,Aarav Singh,user10452@example.com,9125621906,47,Male,Gurugram,Haryana,Regular,2025-06-09
10453,Neha Sinha,user10453@example.com,9378252158,51,Female,Dehradun,Uttarakhand,Regular,2025-11-01
10454,Neha Agarwal,user10454@example.com,9324836254,55,Male,Gurugram,Haryana,New,2026-03-01
10455,Isha Sharma,user10455@example.com,9292357194,22,Male,Ranchi,Jharkhand,Regular,2026-04-25
10456,Neha Singh,user10456@example.com,9953221710,22,Male,Lucknow,Uttar Pradesh,Regular,2025-11-16
10457,Sahil Sharma,user10457@example.com,9703807241,36,Female,Indore,Madhya Pradesh,New,2025-07-09
10458,Aman Shah,user10458@example.com,9707696490,55,Male,Dehradun,Uttarakhand,Regular,2026-01-25
10459,Aman Shah,user10459@example.com,9614065494,45,Male,Pune,Maharashtra,Regular,2025-11-23
10460,Mohit Mishra,user10460@example.com,9645112642,43,Male,Jaipur,Rajasthan,Regular,2025-12-03
10461,Karan Joshi,user10461@example.com,9855449917,59,Male,Ahmedabad,Gujarat,Regular,2025-01-03
10462,Sneha Srivastava,user10462@example.com,9856154754,40,Male,Dehradun,Uttarakhand,New,2025-03-09
10463,Ananya Malhotra,user10463@example.com,9559491480,47,Male,Chandigarh,Chandigarh,Regular,2025-03-25
10464,Neeraj Verma,user10464@example.com,9495555434,20,Female,Gurugram,Haryana,Regular,2025-03-01
10465,Rahul Kapoor,user10465@example.com,9154494867,45,Female,Hyderabad,Telangana,Regular,2025-02-03
10466,Abhishek Malhotra,user10466@example.com,9854826588,50,Male,Dehradun,Uttarakhand,Regular,2026-06-08
10467,Aditi Mehta,user10467@example.com,9646142037,59,Female,Dehradun,Uttarakhand,Regular,2026-07-13
10468,Rahul Srivastava,user10468@example.com,9723861624,20,Male,Surat,Gujarat,Regular,2025-01-26
10469,Aditi Agarwal,user10469@example.com,9115760206,22,Male,Ranchi,Jharkhand,New,2025-12-21
10470,Pooja Jain,user10470@example.com,9636772361,36,Male,Chandigarh,Chandigarh,Regular,2025-10-24
10471,Himanshu Jain,user10471@example.com,9575246228,59,Male,Kanpur,Uttar Pradesh,Regular,2025-01-14
10472,Aarav Joshi,user10472@example.com,9847658486,18,Male,Dehradun,Uttarakhand,Premium,2026-05-12
10473,Himanshu Sharma,user10473@example.com,9193730045,55,Male,Lucknow,Uttar Pradesh,Regular,2026-06-15
10474,Rahul Shah,user10474@example.com,9831929075,26,Female,Ahmedabad,Gujarat,Regular,2025-06-22
10475,Mohit Patel,user10475@example.com,9930972444,22,Male,Hyderabad,Telangana,Regular,2025-03-27
10476,Ananya Agarwal,user10476@example.com,9878534239,59,Female,Kanpur,Uttar Pradesh,Premium,2025-09-18
10477,Aditi Gupta,user10477@example.com,9710014719,51,Male,Ahmedabad,Gujarat,Premium,2025-08-31
10478,Kavya Bansal,user10478@example.com,9735133705,54,Male,Hyderabad,Telangana,Regular,2026-01-22
10479,Rohan Srivastava,user10479@example.com,9233408780,50,Male,Pune,Maharashtra,Regular,2025-07-30
10480,Vikas Kumar,user10480@example.com,9971947822,42,Male,Bhopal,Madhya Pradesh,New,2026-05-26
10481,Ananya Mishra,user10481@example.com,9724472214,59,Female,Surat,Gujarat,Regular,2026-03-23
10482,Priya Shah,user10482@example.com,9970945841,46,Female,Kanpur,Uttar Pradesh,Regular,2026-06-05
10483,Mohit Kumar,user10483@example.com,9316982742,42,Male,Patna,Bihar,Regular,2026-08-13
10484,Isha Yadav,user10484@example.com,9280413406,26,Female,Ranchi,Jharkhand,New,2026-03-28
10485,Simran Patel,user10485@example.com,9812317571,20,Female,Jaipur,Rajasthan,Regular,2025-06-03
10486,Aarav Sinha,user10486@example.com,9773763699,32,Female,Gurugram,Haryana,New,2025-12-01
10487,Ankit Patel,user10487@example.com,9407860592,21,Male,Ahmedabad,Gujarat,Regular,2025-06-30
10488,Aditi Agarwal,user10488@example.com,9985678018,55,Female,Surat,Gujarat,New,2026-06-24
10489,Priya Joshi,user10489@example.com,9245905716,37,Male,Lucknow,Uttar Pradesh,Regular,2026-06-18
10490,Varun Srivastava,user10490@example.com,9385471873,40,Female,Ranchi,Jharkhand,New,2025-03-28
10491,Vivaan Mishra,user10491@example.com,9497102915,54,Male,Pune,Maharashtra,New,2025-02-24
10492,Yash Jain,user10492@example.com,9741601728,25,Male,Chandigarh,Chandigarh,Regular,2026-01-04
10493,Rohan Agarwal,user10493@example.com,9501381472,54,Male,Chennai,Tamil Nadu,New,2026-03-03
10494,Priya Agarwal,user10494@example.com,9448438725,50,Male,Pune,Maharashtra,Regular,2025-10-15
10495,Mohit Chauhan,user10495@example.com,9988282758,50,Female,Bhopal,Madhya Pradesh,Premium,2026-08-14
10496,Ananya Mishra,user10496@example.com,9166496658,24,Male,Jaipur,Rajasthan,Premium,2026-01-27
10497,Abhishek Gupta,user10497@example.com,9198428478,39,Male,Gurugram,Haryana,New,2025-12-19
10498,Aditya Tiwari,user10498@example.com,9920119104,22,Female,Kolkata,West Bengal,Regular,2026-04-24
10499,Rohan Bansal,user10499@example.com,9110542374,32,Male,Kolkata,West Bengal,Regular,2025-12-31
10500,Ankit Mehta,user10500@example.com,9167312338,38,Male,Indore,Madhya Pradesh,Premium,2025-10-19
10501,Abhishek Srivastava,user10501@example.com,9811724652,42,Male,Patna,Bihar,Regular,2025-05-17
10502,Mohit Joshi,user10502@example.com,9821547033,34,Male,Ahmedabad,Gujarat,New,2026-02-24
10503,Aman Gupta,user10503@example.com,9467774731,24,Male,Hyderabad,Telangana,Regular,2025-01-21
10504,Rahul Patel,user10504@example.com,9309473429,36,Male,Chennai,Tamil Nadu,Regular,2025-12-01
10505,Neha Singh,user10505@example.com,9504455756,24,Female,Ahmedabad,Gujarat,Regular,2026-03-26
10506,Aarav Srivastava,user10506@example.com,9938333659,57,Female,Dehradun,Uttarakhand,Regular,2025-09-14
10507,Mohit Jain,user10507@example.com,9174429837,41,Male,Mumbai,Maharashtra,Regular,2025-06-07
10508,Kavya Mishra,user10508@example.com,9566023765,28,Male,Pune,Maharashtra,Regular,2025-04-01
10509,Neha Agarwal,user10509@example.com,9660314141,58,Male,Bhopal,Madhya Pradesh,Premium,2025-12-11
10510,Ankit Malhotra,user10510@example.com,9119872255,18,Female,Chandigarh,Chandigarh,Premium,2025-09-05
10511,Arjun Yadav,user10511@example.com,9228465067,49,Male,Bengaluru,Karnataka,Regular,2025-06-18
10512,Kavya Patel,user10512@example.com,9847959763,57,Female,Chennai,Tamil Nadu,Regular,2025-02-04
10513,Abhishek Kapoor,user10513@example.com,9396298219,19,Male,Hyderabad,Telangana,Regular,2025-02-16
10514,Arjun Sharma,user10514@example.com,9208730330,32,Female,Indore,Madhya Pradesh,Premium,2026-02-08
10515,Akash Chauhan,user10515@example.com,9419667898,38,Male,Noida,Uttar Pradesh,New,2025-12-20
10516,Vivaan Shah,user10516@example.com,9689135017,41,Female,Jaipur,Rajasthan,Regular,2025-09-18
10517,Simran Bansal,user10517@example.com,9940268339,34,Male,Jaipur,Rajasthan,Regular,2026-05-14
10518,Sneha Mehta,user10518@example.com,9139623167,26,Female,Mumbai,Maharashtra,Regular,2026-07-18
10519,Ananya Bansal,user10519@example.com,9848683070,52,Male,Kanpur,Uttar Pradesh,New,2026-05-06
10520,Vivaan Mishra,user10520@example.com,9625440188,37,Male,Bengaluru,Karnataka,Regular,2025-03-24
10521,Mohit Bansal,user10521@example.com,9926364008,36,Male,Ranchi,Jharkhand,Regular,2025-11-26
10522,Aman Yadav,user10522@example.com,9608414625,35,Female,Chandigarh,Chandigarh,Regular,2025-07-26
10523,Himanshu Kumar,user10523@example.com,9362710136,37,Female,Delhi,Delhi,Regular,2025-08-19
10524,Pooja Mishra,user10524@example.com,9272993387,47,Male,Surat,Gujarat,New,2025-07-07
10525,Isha Agarwal,user10525@example.com,9685900352,57,Male,Dehradun,Uttarakhand,Premium,2025-05-12
10526,Pooja Mehta,user10526@example.com,9197685365,18,Male,Pune,Maharashtra,Premium,2025-01-10
10527,Priya Malhotra,user10527@example.com,9771402318,41,Female,Chandigarh,Chandigarh,Regular,2025-06-02
10528,Isha Jain,user10528@example.com,9823209375,41,Female,Lucknow,Uttar Pradesh,Premium,2025-09-23
10529,Kavya Mishra,user10529@example.com,9816564743,36,Female,Lucknow,Uttar Pradesh,New,2026-06-23
10530,Nikhil Jain,user10530@example.com,9175144032,47,Male,Mumbai,Maharashtra,Regular,2026-06-03
10531,Rohit Malhotra,user10531@example.com,9199151377,43,Female,Kanpur,Uttar Pradesh,New,2026-08-17
10532,Rohan Tiwari,user10532@example.com,9672868060,59,Female,Ahmedabad,Gujarat,Regular,2026-06-12
10533,Riya Tiwari,user10533@example.com,9268999263,55,Female,Pune,Maharashtra,Regular,2025-02-22
10534,Riya Sharma,user10534@example.com,9764094240,46,Male,Chennai,Tamil Nadu,Regular,2025-07-09
10535,Neeraj Joshi,user10535@example.com,9597538820,30,Female,Kanpur,Uttar Pradesh,Regular,2025-12-30
10536,Isha Verma,user10536@example.com,9324578769,21,Male,Pune,Maharashtra,Regular,2025-09-05
10537,Akash Tiwari,user10537@example.com,9667551471,34,Male,Gurugram,Haryana,Regular,2026-08-19
10538,Vikas Srivastava,user10538@example.com,9510079225,50,Male,Chandigarh,Chandigarh,Premium,2026-07-08
10539,Neha Kumar,user10539@example.com,9513878089,22,Male,Chandigarh,Chandigarh,Regular,2025-11-14
10540,Sahil Malhotra,user10540@example.com,9956171901,45,Male,Indore,Madhya Pradesh,New,2025-05-21
10541,Ananya Sharma,user10541@example.com,9526830499,41,Male,Surat,Gujarat,Regular,2025-08-04
10542,Rahul Joshi,user10542@example.com,9839988960,34,Male,Bengaluru,Karnataka,Regular,2025-05-13
10543,Isha Kapoor,user10543@example.com,9903781526,56,Female,Hyderabad,Telangana,Regular,2025-12-21
10544,Rahul Sharma,user10544@example.com,9110999719,57,Male,Pune,Maharashtra,Regular,2026-07-29
10545,Himanshu Verma,user10545@example.com,9817438980,28,Male,Delhi,Delhi,Regular,2025-03-03
10546,Priya Srivastava,user10546@example.com,9625187105,29,Male,Gurugram,Haryana,Regular,2026-08-02
10547,Kavya Sinha,user10547@example.com,9564503952,30,Female,Chandigarh,Chandigarh,New,2025-09-18
10548,Himanshu Kapoor,user10548@example.com,9121383518,25,Female,Dehradun,Uttarakhand,Regular,2026-04-19
10549,Kavya Mehta,user10549@example.com,9106867526,18,Male,Delhi,Delhi,New,2025-03-29
10550,Rohan Srivastava,user10550@example.com,9482147024,26,Female,Mumbai,Maharashtra,New,2025-06-21
10551,Neha Kumar,user10551@example.com,9194339419,45,Male,Mumbai,Maharashtra,New,2026-05-12
10552,Varun Joshi,user10552@example.com,9577812453,19,Female,Ahmedabad,Gujarat,Regular,2025-09-01
10553,Rohan Jain,user10553@example.com,9371034133,31,Male,Chandigarh,Chandigarh,Regular,2025-02-20
10554,Simran Gupta,user10554@example.com,9308522510,30,Male,Chandigarh,Chandigarh,Premium,2026-02-05
10555,Kavya Joshi,user10555@example.com,9243464804,19,Male,Patna,Bihar,Regular,2026-08-08
10556,Varun Verma,user10556@example.com,9749366030,21,Male,Ranchi,Jharkhand,Regular,2025-03-09
10557,Aditya Kumar,user10557@example.com,9491204593,29,Male,Kolkata,West Bengal,New,2025-07-21
10558,Neeraj Bansal,user10558@example.com,9310998424,27,Female,Jaipur,Rajasthan,New,2026-03-05
10559,Himanshu Kapoor,user10559@example.com,9451592500,20,Female,Lucknow,Uttar Pradesh,Regular,2025-02-21
10560,Riya Jain,user10560@example.com,9463970708,21,Male,Gurugram,Haryana,Regular,2025-03-03
10561,Simran Kumar,user10561@example.com,9318210806,23,Male,Kanpur,Uttar Pradesh,New,2025-08-20
10562,Varun Sinha,user10562@example.com,9139895909,40,Male,Surat,Gujarat,Regular,2025-02-22
10563,Aditya Malhotra,user10563@example.com,9238932442,22,Male,Indore,Madhya Pradesh,Regular,2025-07-31
10564,Aman Mehta,user10564@example.com,9323477360,20,Female,Patna,Bihar,Regular,2026-01-14
10565,Mohit Patel,user10565@example.com,9175878175,27,Male,Hyderabad,Telangana,New,2025-06-20
10566,Varun Kapoor,user10566@example.com,9561178132,60,Female,Dehradun,Uttarakhand,Regular,2025-07-13
10567,Aman Kapoor,user10567@example.com,9794053315,36,Male,Bhopal,Madhya Pradesh,Regular,2026-04-17
10568,Sahil Kapoor,user10568@example.com,9607934802,31,Male,Patna,Bihar,Premium,2025-09-16
10569,Simran Malhotra,user10569@example.com,9295636441,38,Male,Delhi,Delhi,Regular,2025-09-06
10570,Neeraj Sinha,user10570@example.com,9932000737,60,Male,Gurugram,Haryana,New,2026-02-12
10571,Aditya Bansal,user10571@example.com,9315723789,45,Male,Ranchi,Jharkhand,Regular,2025-01-02
10572,Karan Patel,user10572@example.com,9293649166,38,Female,Kolkata,West Bengal,Regular,2025-08-18
10573,Karan Singh,user10573@example.com,9233613971,53,Male,Ahmedabad,Gujarat,Regular,2026-05-24
10574,Isha Agarwal,user10574@example.com,9156987937,41,Male,Chennai,Tamil Nadu,Regular,2026-02-16
10575,Neha Shah,user10575@example.com,9779557539,55,Female,Ranchi,Jharkhand,Premium,2026-05-19
10576,Yash Singh,user10576@example.com,9305349202,34,Male,Bengaluru,Karnataka,New,2025-06-08
10577,Varun Patel,user10577@example.com,9202402824,39,Female,Mumbai,Maharashtra,New,2026-07-12
10578,Arjun Malhotra,user10578@example.com,9664029085,36,Male,Ahmedabad,Gujarat,Regular,2026-01-01
10579,Neeraj Singh,user10579@example.com,9397059290,27,Male,Bengaluru,Karnataka,New,2025-11-30
10580,Priya Agarwal,user10580@example.com,9362730686,28,Female,Lucknow,Uttar Pradesh,New,2026-03-20
10581,Aditya Tiwari,user10581@example.com,9769666722,55,Female,Bengaluru,Karnataka,Regular,2026-04-28
10582,Sahil Srivastava,user10582@example.com,9441630860,19,Male,Indore,Madhya Pradesh,Regular,2025-11-14
10583,Karan Verma,user10583@example.com,9923981262,50,Male,Jaipur,Rajasthan,New,2025-07-30
10584,Isha Shah,user10584@example.com,9665308077,60,Female,Hyderabad,Telangana,Regular,2025-09-23
10585,Nikhil Kumar,user10585@example.com,9127365047,48,Male,Lucknow,Uttar Pradesh,New,2026-02-18
10586,Sahil Yadav,user10586@example.com,9606967304,52,Male,Dehradun,Uttarakhand,New,2026-07-28
10587,Aditya Tiwari,user10587@example.com,9662147308,54,Female,Hyderabad,Telangana,Regular,2026-06-11
10588,Nikhil Bansal,user10588@example.com,9915931125,53,Female,Delhi,Delhi,New,2025-12-17
10589,Vikas Sharma,user10589@example.com,9710012195,40,Female,Surat,Gujarat,Regular,2025-08-12
10590,Riya Chauhan,user10590@example.com,9765417191,53,Female,Chandigarh,Chandigarh,Premium,2026-08-16
10591,Rohit Mishra,user10591@example.com,9183479810,57,Female,Ranchi,Jharkhand,Regular,2025-06-06
10592,Sahil Tiwari,user10592@example.com,9357715169,56,Female,Chandigarh,Chandigarh,New,2025-07-14
10593,Priya Singh,user10593@example.com,9552010514,43,Female,Bhopal,Madhya Pradesh,Regular,2026-05-30
10594,Pooja Jain,user10594@example.com,9960668827,42,Male,Gurugram,Haryana,New,2026-02-21
10595,Rohan Gupta,user10595@example.com,9181391638,34,Male,Mumbai,Maharashtra,New,2025-12-02
10596,Varun Kapoor,user10596@example.com,9729954663,32,Female,Indore,Madhya Pradesh,Regular,2025-02-18
10597,Rohan Srivastava,user10597@example.com,9910148080,54,Female,Kanpur,Uttar Pradesh,Regular,2025-02-20
10598,Aman Yadav,user10598@example.com,9971035884,21,Male,Jaipur,Rajasthan,New,2025-09-14
10599,Vivaan Kumar,user10599@example.com,9291350632,39,Male,Patna,Bihar,New,2025-09-10
10600,Vikas Bansal,user10600@example.com,9271855100,34,Female,Noida,Uttar Pradesh,Premium,2025-07-25
10601,Ananya Kapoor,user10601@example.com,9453518381,39,Male,Chennai,Tamil Nadu,Regular,2025-04-03
10602,Sneha Srivastava,user10602@example.com,9257319950,34,Male,Indore,Madhya Pradesh,Premium,2026-04-05
10603,Akash Mishra,user10603@example.com,9377100850,31,Female,Chandigarh,Chandigarh,Premium,2026-01-16
10604,Rahul Agarwal,user10604@example.com,9993276119,31,Female,Jaipur,Rajasthan,Regular,2026-08-22
10605,Mohit Kumar,user10605@example.com,9959799027,34,Female,Delhi,Delhi,New,2026-01-08
10606,Aarav Sinha,user10606@example.com,9480214893,25,Female,Delhi,Delhi,Regular,2026-06-12
10607,Himanshu Shah,user10607@example.com,9427573511,51,Male,Indore,Madhya Pradesh,New,2025-04-22
10608,Ankit Jain,user10608@example.com,9147447108,43,Female,Patna,Bihar,New,2026-07-08
10609,Nikhil Kapoor,user10609@example.com,9356456370,47,Male,Dehradun,Uttarakhand,Regular,2025-07-20
10610,Rohit Gupta,user10610@example.com,9196841421,39,Female,Kolkata,West Bengal,Regular,2026-04-20
10611,Karan Mishra,user10611@example.com,9409007247,33,Male,Dehradun,Uttarakhand,New,2025-04-13
10612,Sneha Kapoor,user10612@example.com,9636825811,47,Male,Chandigarh,Chandigarh,Regular,2026-02-24
10613,Akash Joshi,user10613@example.com,9297762455,33,Male,Delhi,Delhi,Regular,2026-03-31
10614,Pooja Mishra,user10614@example.com,9171393797,55,Male,Noida,Uttar Pradesh,New,2025-11-27
10615,Abhishek Verma,user10615@example.com,9542485878,41,Female,Hyderabad,Telangana,New,2025-04-30
10616,Mohit Chauhan,user10616@example.com,9581804088,53,Female,Gurugram,Haryana,New,2025-07-20
10617,Pooja Malhotra,user10617@example.com,9394957538,52,Female,Delhi,Delhi,Regular,2025-07-26
10618,Akash Yadav,user10618@example.com,9547002830,23,Female,Ranchi,Jharkhand,Regular,2025-05-28
10619,Riya Kumar,user10619@example.com,9786697116,21,Male,Mumbai,Maharashtra,Regular,2025-05-23
10620,Neha Kumar,user10620@example.com,9268936002,35,Female,Dehradun,Uttarakhand,Regular,2026-08-18
10621,Rohit Jain,user10621@example.com,9675856586,23,Female,Jaipur,Rajasthan,New,2026-01-30
10622,Nikhil Singh,user10622@example.com,9238858882,43,Female,Jaipur,Rajasthan,New,2026-05-23
10623,Rohit Mehta,user10623@example.com,9203559579,54,Male,Mumbai,Maharashtra,New,2026-01-25
10624,Vikas Gupta,user10624@example.com,9281634889,44,Female,Gurugram,Haryana,New,2026-08-04
10625,Arjun Shah,user10625@example.com,9734639729,58,Female,Jaipur,Rajasthan,New,2025-12-26
10626,Pooja Joshi,user10626@example.com,9769058400,28,Male,Jaipur,Rajasthan,Regular,2025-11-27
10627,Isha Mishra,user10627@example.com,9183507119,55,Female,Chennai,Tamil Nadu,New,2025-04-02
10628,Ankit Srivastava,user10628@example.com,9708253263,33,Female,Chennai,Tamil Nadu,Regular,2026-03-08
10629,Aman Srivastava,user10629@example.com,9999736457,36,Male,Kanpur,Uttar Pradesh,Regular,2025-11-18
10630,Varun Sinha,user10630@example.com,9575567392,60,Female,Dehradun,Uttarakhand,Regular,2025-07-23
10631,Rahul Malhotra,user10631@example.com,9230555875,32,Female,Bhopal,Madhya Pradesh,New,2025-05-09
10632,Ankit Mehta,user10632@example.com,9972207298,43,Female,Hyderabad,Telangana,Premium,2026-02-11
10633,Pooja Malhotra,user10633@example.com,9888652996,58,Male,Bhopal,Madhya Pradesh,Premium,2026-05-02
10634,Abhishek Jain,user10634@example.com,9844855691,48,Female,Delhi,Delhi,New,2025-08-25
10635,Aditi Agarwal,user10635@example.com,9398551224,36,Male,Kanpur,Uttar Pradesh,Regular,2025-02-09
10636,Sahil Singh,user10636@example.com,9840628779,41,Male,Chandigarh,Chandigarh,Regular,2025-12-01
10637,Ankit Shah,user10637@example.com,9643765516,26,Female,Chandigarh,Chandigarh,Regular,2025-08-24
10638,Rohit Sinha,user10638@example.com,9382219159,40,Female,Lucknow,Uttar Pradesh,Regular,2025-02-01
10639,Riya Bansal,user10639@example.com,9865435307,21,Female,Delhi,Delhi,Regular,2026-03-10
10640,Abhishek Mehta,user10640@example.com,9758248504,27,Male,Dehradun,Uttarakhand,Regular,2026-04-13
10641,Kavya Chauhan,user10641@example.com,9223717471,26,Male,Bengaluru,Karnataka,Regular,2025-02-20
10642,Riya Sharma,user10642@example.com,9896912015,36,Female,Noida,Uttar Pradesh,Premium,2025-04-22
10643,Pooja Mishra,user10643@example.com,9116335839,32,Male,Bengaluru,Karnataka,Regular,2026-07-22
10644,Riya Agarwal,user10644@example.com,9958559596,51,Female,Pune,Maharashtra,New,2026-06-18
10645,Neeraj Jain,user10645@example.com,9913051364,59,Female,Noida,Uttar Pradesh,Regular,2026-03-23
10646,Sneha Tiwari,user10646@example.com,9593186935,36,Female,Gurugram,Haryana,Regular,2026-02-26
10647,Kavya Sinha,user10647@example.com,9987142548,38,Male,Indore,Madhya Pradesh,New,2025-06-29
10648,Varun Srivastava,user10648@example.com,9979615854,51,Female,Ahmedabad,Gujarat,Regular,2025-02-19
10649,Vikas Verma,user10649@example.com,9607967179,34,Female,Delhi,Delhi,Premium,2026-02-26
10650,Karan Sinha,user10650@example.com,9619969074,35,Male,Ahmedabad,Gujarat,Regular,2026-08-23
10651,Yash Chauhan,user10651@example.com,9728149780,34,Male,Jaipur,Rajasthan,New,2026-04-26
10652,Riya Mishra,user10652@example.com,9676504891,19,Male,Dehradun,Uttarakhand,New,2025-08-19
10653,Aarav Singh,user10653@example.com,9249250482,18,Male,Ranchi,Jharkhand,Regular,2025-08-05
10654,Arjun Bansal,user10654@example.com,9177987860,60,Female,Patna,Bihar,Regular,2026-03-26
10655,Rohit Gupta,user10655@example.com,9696503402,27,Female,Patna,Bihar,Regular,2025-12-14
10656,Pooja Kumar,user10656@example.com,9708155892,54,Female,Jaipur,Rajasthan,Regular,2025-11-15
10657,Vivaan Mishra,user10657@example.com,9467372165,22,Female,Bhopal,Madhya Pradesh,New,2025-06-10
10658,Nikhil Srivastava,user10658@example.com,9716561736,29,Female,Noida,Uttar Pradesh,New,2025-01-28
10659,Aditya Sharma,user10659@example.com,9740558528,53,Male,Kolkata,West Bengal,Regular,2025-04-05
10660,Neha Singh,user10660@example.com,9753591627,48,Female,Kanpur,Uttar Pradesh,New,2025-10-04
10661,Karan Sharma,user10661@example.com,9950156217,55,Female,Pune,Maharashtra,Premium,2026-01-20
10662,Aman Mehta,user10662@example.com,9135850829,26,Female,Mumbai,Maharashtra,New,2026-02-26
10663,Nikhil Bansal,user10663@example.com,9535003781,43,Female,Noida,Uttar Pradesh,Regular,2025-10-18
10664,Sneha Sinha,user10664@example.com,9789413696,32,Female,Mumbai,Maharashtra,Regular,2026-08-13
10665,Nikhil Mehta,user10665@example.com,9210185813,33,Female,Indore,Madhya Pradesh,Regular,2026-06-05
10666,Rohan Agarwal,user10666@example.com,9598769185,30,Female,Noida,Uttar Pradesh,Regular,2025-12-21
10667,Aditi Shah,user10667@example.com,9263850807,42,Male,Indore,Madhya Pradesh,Regular,2025-07-20
10668,Sahil Singh,user10668@example.com,9417724930,47,Female,Patna,Bihar,Regular,2025-09-10
10669,Sahil Srivastava,user10669@example.com,9954593961,24,Female,Kanpur,Uttar Pradesh,Regular,2025-07-29
10670,Rahul Chauhan,user10670@example.com,9868276157,21,Male,Noida,Uttar Pradesh,Regular,2025-03-06
10671,Pooja Malhotra,user10671@example.com,9916567301,60,Male,Surat,Gujarat,Regular,2026-02-18
10672,Yash Jain,user10672@example.com,9371433733,57,Female,Mumbai,Maharashtra,Regular,2026-05-27
10673,Ananya Mehta,user10673@example.com,9668336574,55,Male,Delhi,Delhi,Regular,2026-05-30
10674,Abhishek Mehta,user10674@example.com,9796770707,47,Male,Patna,Bihar,Regular,2025-10-03
10675,Varun Kumar,user10675@example.com,9946049684,27,Female,Chennai,Tamil Nadu,Premium,2025-05-16
10676,Abhishek Sharma,user10676@example.com,9357396993,47,Female,Kanpur,Uttar Pradesh,Regular,2026-05-03
10677,Vivaan Kumar,user10677@example.com,9125705177,56,Female,Dehradun,Uttarakhand,Regular,2026-01-12
10678,Himanshu Malhotra,user10678@example.com,9744173278,24,Male,Jaipur,Rajasthan,New,2025-06-14
10679,Isha Gupta,user10679@example.com,9789977433,53,Male,Lucknow,Uttar Pradesh,Regular,2025-10-17
10680,Sahil Srivastava,user10680@example.com,9908203063,52,Male,Chennai,Tamil Nadu,Regular,2025-05-28
10681,Abhishek Bansal,user10681@example.com,9591954015,41,Male,Dehradun,Uttarakhand,Regular,2026-05-20
10682,Varun Joshi,user10682@example.com,9255051094,56,Male,Chennai,Tamil Nadu,Regular,2025-12-02
10683,Mohit Sinha,user10683@example.com,9173068281,53,Female,Dehradun,Uttarakhand,Regular,2025-12-10
10684,Varun Srivastava,user10684@example.com,9622056517,37,Male,Surat,Gujarat,New,2026-03-10
10685,Sahil Gupta,user10685@example.com,9924523926,49,Male,Jaipur,Rajasthan,Regular,2025-01-27
10686,Abhishek Singh,user10686@example.com,9599946459,56,Male,Noida,Uttar Pradesh,Premium,2025-01-31
10687,Varun Verma,user10687@example.com,9978129181,43,Male,Mumbai,Maharashtra,New,2026-03-05
10688,Pooja Mishra,user10688@example.com,9192276863,43,Male,Noida,Uttar Pradesh,New,2025-01-27
10689,Isha Agarwal,user10689@example.com,9462032205,53,Male,Chandigarh,Chandigarh,Regular,2025-05-31
10690,Ankit Chauhan,user10690@example.com,9186833572,60,Female,Kolkata,West Bengal,Regular,2026-02-11
10691,Neeraj Agarwal,user10691@example.com,9615531830,52,Male,Kolkata,West Bengal,Regular,2026-02-22
10692,Aditya Bansal,user10692@example.com,9833408735,60,Male,Ranchi,Jharkhand,Regular,2026-01-19
10693,Rohan Shah,user10693@example.com,9732875312,52,Male,Kolkata,West Bengal,Regular,2026-08-22
10694,Priya Malhotra,user10694@example.com,9787035496,29,Female,Kanpur,Uttar Pradesh,New,2025-04-27
10695,Neha Sharma,user10695@example.com,9515581355,50,Male,Patna,Bihar,Regular,2025-12-27
10696,Rohit Sharma,user10696@example.com,9161109746,53,Male,Ranchi,Jharkhand,New,2026-08-03
10697,Rohit Srivastava,user10697@example.com,9582773013,31,Male,Kolkata,West Bengal,Regular,2026-07-13
10698,Ananya Sharma,user10698@example.com,9237825566,50,Female,Ranchi,Jharkhand,Regular,2026-04-08
10699,Sahil Kumar,user10699@example.com,9547826310,41,Male,Bengaluru,Karnataka,Regular,2026-01-22
10700,Mohit Malhotra,user10700@example.com,9367559528,32,Male,Lucknow,Uttar Pradesh,Regular,2025-09-04
10701,Sneha Sharma,user10701@example.com,9195785108,48,Male,Bengaluru,Karnataka,Regular,2025-11-17
10702,Vikas Gupta,user10702@example.com,9795880975,34,Male,Lucknow,Uttar Pradesh,Regular,2026-08-21
10703,Aarav Jain,user10703@example.com,9570320915,29,Male,Gurugram,Haryana,New,2025-09-10
10704,Neeraj Shah,user10704@example.com,9606085547,39,Male,Gurugram,Haryana,New,2026-03-28
10705,Ankit Chauhan,user10705@example.com,9888320302,40,Male,Indore,Madhya Pradesh,Premium,2025-03-08
10706,Isha Yadav,user10706@example.com,9811508593,43,Male,Kanpur,Uttar Pradesh,Premium,2025-10-20
10707,Ananya Shah,user10707@example.com,9452362287,31,Male,Kanpur,Uttar Pradesh,Premium,2026-06-02
10708,Isha Srivastava,user10708@example.com,9621342943,29,Male,Jaipur,Rajasthan,New,2025-07-07
10709,Sneha Sharma,user10709@example.com,9357009870,21,Male,Indore,Madhya Pradesh,Regular,2025-09-14
10710,Ananya Patel,user10710@example.com,9866583236,30,Female,Chennai,Tamil Nadu,Regular,2025-08-12
10711,Neeraj Gupta,user10711@example.com,9929138314,35,Female,Mumbai,Maharashtra,Regular,2025-03-13
10712,Abhishek Kumar,user10712@example.com,9129564878,60,Female,Delhi,Delhi,Regular,2026-01-06
10713,Mohit Sharma,user10713@example.com,9871521436,45,Female,Jaipur,Rajasthan,Regular,2025-10-21
10714,Isha Sharma,user10714@example.com,9304505841,55,Female,Hyderabad,Telangana,Regular,2025-06-11
10715,Riya Agarwal,user10715@example.com,9798887468,58,Female,Ahmedabad,Gujarat,New,2026-03-01
10716,Riya Agarwal,user10716@example.com,9998210499,36,Female,Bhopal,Madhya Pradesh,New,2025-10-12
10717,Riya Tiwari,user10717@example.com,9839185648,60,Male,Noida,Uttar Pradesh,New,2026-07-20
10718,Kavya Shah,user10718@example.com,9408701859,55,Male,Dehradun,Uttarakhand,Regular,2025-05-04
10719,Aarav Kapoor,user10719@example.com,9109428143,20,Female,Bhopal,Madhya Pradesh,New,2025-02-23
10720,Neeraj Mehta,user10720@example.com,9441228374,36,Female,Chandigarh,Chandigarh,Regular,2025-03-05
10721,Riya Bansal,user10721@example.com,9421051406,37,Male,Hyderabad,Telangana,Regular,2025-07-27
10722,Kavya Verma,user10722@example.com,9753669485,42,Female,Patna,Bihar,Premium,2025-09-23
10723,Yash Jain,user10723@example.com,9464206763,28,Male,Patna,Bihar,Regular,2026-06-25
10724,Simran Shah,user10724@example.com,9151129282,34,Male,Kolkata,West Bengal,New,2026-03-24
10725,Aditi Sinha,user10725@example.com,9150703199,52,Male,Ranchi,Jharkhand,New,2025-04-19
10726,Akash Singh,user10726@example.com,9439714215,31,Male,Dehradun,Uttarakhand,New,2026-01-06
10727,Rahul Shah,user10727@example.com,9529526629,56,Male,Lucknow,Uttar Pradesh,Premium,2026-04-01
10728,Neha Shah,user10728@example.com,9245842261,36,Female,Delhi,Delhi,Regular,2026-07-17
10729,Aditya Patel,user10729@example.com,9445024141,20,Female,Bengaluru,Karnataka,New,2025-08-25
10730,Vivaan Joshi,user10730@example.com,9364914878,51,Female,Dehradun,Uttarakhand,Regular,2025-05-09
10731,Aditya Bansal,user10731@example.com,9996556756,58,Male,Gurugram,Haryana,Regular,2025-09-03
10732,Karan Tiwari,user10732@example.com,9378740018,39,Female,Surat,Gujarat,Premium,2025-09-19
10733,Nikhil Mehta,user10733@example.com,9640878286,55,Male,Patna,Bihar,New,2026-01-10
10734,Aman Bansal,user10734@example.com,9469254399,44,Male,Patna,Bihar,Regular,2026-04-19
10735,Sahil Singh,user10735@example.com,9816612025,38,Female,Bhopal,Madhya Pradesh,Regular,2026-02-15
10736,Aditi Shah,user10736@example.com,9500859406,58,Male,Bhopal,Madhya Pradesh,Premium,2025-12-04
10737,Isha Bansal,user10737@example.com,9626071360,48,Male,Noida,Uttar Pradesh,Premium,2026-02-26
10738,Riya Gupta,user10738@example.com,9931650294,44,Male,Chandigarh,Chandigarh,Regular,2025-08-18
10739,Ananya Sinha,user10739@example.com,9481140811,54,Female,Bhopal,Madhya Pradesh,New,2025-05-03
10740,Ananya Agarwal,user10740@example.com,9930934025,19,Male,Kanpur,Uttar Pradesh,Regular,2025-02-20
10741,Nikhil Srivastava,user10741@example.com,9364919533,26,Female,Pune,Maharashtra,Premium,2025-09-17
10742,Riya Sharma,user10742@example.com,9917767657,36,Female,Gurugram,Haryana,Regular,2025-09-09
10743,Nikhil Chauhan,user10743@example.com,9499916329,59,Female,Patna,Bihar,Regular,2025-02-28
10744,Aditya Mehta,user10744@example.com,9334129651,53,Female,Bhopal,Madhya Pradesh,Regular,2025-01-16
10745,Riya Joshi,user10745@example.com,9625338108,27,Male,Kolkata,West Bengal,Regular,2025-09-09
10746,Sahil Kumar,user10746@example.com,9530435678,57,Male,Patna,Bihar,Regular,2026-08-12
10747,Rohit Chauhan,user10747@example.com,9229077514,56,Male,Chandigarh,Chandigarh,Regular,2025-01-24
10748,Karan Verma,user10748@example.com,9201793423,24,Male,Indore,Madhya Pradesh,Premium,2025-12-11
10749,Mohit Sharma,user10749@example.com,9710440060,21,Female,Mumbai,Maharashtra,Regular,2026-06-09
10750,Isha Jain,user10750@example.com,9850328008,32,Male,Gurugram,Haryana,Regular,2025-10-27
10751,Isha Patel,user10751@example.com,9232227310,29,Male,Kanpur,Uttar Pradesh,Regular,2025-06-03
10752,Ananya Shah,user10752@example.com,9423861837,23,Female,Patna,Bihar,New,2025-10-25
10753,Priya Srivastava,user10753@example.com,9956589726,26,Female,Jaipur,Rajasthan,Premium,2025-05-02
10754,Neha Kapoor,user10754@example.com,9767732936,52,Female,Chennai,Tamil Nadu,Regular,2026-03-24
10755,Karan Agarwal,user10755@example.com,9674732771,25,Female,Pune,Maharashtra,Regular,2026-04-18
10756,Priya Patel,user10756@example.com,9295765684,24,Female,Dehradun,Uttarakhand,Regular,2026-06-27
10757,Pooja Sinha,user10757@example.com,9396640486,21,Female,Pune,Maharashtra,Regular,2026-02-17
10758,Vikas Jain,user10758@example.com,9460061173,30,Male,Ahmedabad,Gujarat,Premium,2025-11-16
10759,Aarav Malhotra,user10759@example.com,9669464665,36,Female,Dehradun,Uttarakhand,Regular,2025-03-27
10760,Aman Tiwari,user10760@example.com,9835742983,24,Male,Chandigarh,Chandigarh,Premium,2025-01-11
10761,Isha Sinha,user10761@example.com,9425687447,27,Male,Surat,Gujarat,New,2025-05-29
10762,Neeraj Agarwal,user10762@example.com,9489390702,42,Male,Lucknow,Uttar Pradesh,Regular,2025-09-25
10763,Isha Chauhan,user10763@example.com,9252292271,52,Female,Chennai,Tamil Nadu,Regular,2025-07-02
10764,Ankit Mishra,user10764@example.com,9818311069,42,Female,Gurugram,Haryana,New,2025-08-04
10765,Ankit Singh,user10765@example.com,9825431865,46,Male,Hyderabad,Telangana,Regular,2026-04-04
10766,Isha Joshi,user10766@example.com,9243442005,29,Male,Chandigarh,Chandigarh,Regular,2026-08-19
10767,Aditi Mehta,user10767@example.com,9897588534,57,Female,Indore,Madhya Pradesh,Regular,2025-09-30
10768,Sahil Chauhan,user10768@example.com,9701683656,29,Female,Patna,Bihar,Regular,2025-08-17
10769,Ankit Joshi,user10769@example.com,9562239737,23,Male,Lucknow,Uttar Pradesh,Regular,2025-11-03
10770,Abhishek Singh,user10770@example.com,9462400189,27,Male,Patna,Bihar,Regular,2025-07-01
10771,Isha Shah,user10771@example.com,9759092075,19,Female,Noida,Uttar Pradesh,Regular,2026-02-27
10772,Varun Malhotra,user10772@example.com,9536518910,42,Male,Patna,Bihar,Regular,2025-10-03
10773,Aarav Mehta,user10773@example.com,9987970095,24,Female,Bengaluru,Karnataka,Regular,2025-06-23
10774,Priya Tiwari,user10774@example.com,9370049411,57,Male,Bengaluru,Karnataka,Regular,2025-06-29
10775,Pooja Jain,user10775@example.com,9622395044,40,Male,Dehradun,Uttarakhand,New,2025-07-23
10776,Rohan Kumar,user10776@example.com,9626386055,28,Male,Ahmedabad,Gujarat,New,2026-08-26
10777,Isha Mehta,user10777@example.com,9650743424,53,Male,Kanpur,Uttar Pradesh,New,2025-03-13
10778,Kavya Chauhan,user10778@example.com,9910341339,40,Male,Chennai,Tamil Nadu,Regular,2025-09-28
10779,Sahil Kapoor,user10779@example.com,9165201349,60,Male,Hyderabad,Telangana,Regular,2025-08-19
10780,Mohit Gupta,user10780@example.com,9396540206,24,Female,Jaipur,Rajasthan,New,2025-12-18
10781,Abhishek Sinha,user10781@example.com,9466126819,44,Male,Mumbai,Maharashtra,New,2025-12-05
10782,Sneha Shah,user10782@example.com,9431105482,30,Female,Surat,Gujarat,Regular,2026-05-24
10783,Neeraj Tiwari,user10783@example.com,9244475396,34,Male,Noida,Uttar Pradesh,Regular,2026-03-21
10784,Varun Singh,user10784@example.com,9322647319,49,Female,Chandigarh,Chandigarh,New,2025-04-14
10785,Karan Chauhan,user10785@example.com,9920941486,43,Male,Mumbai,Maharashtra,New,2025-12-04
10786,Neeraj Chauhan,user10786@example.com,9153400337,39,Male,Jaipur,Rajasthan,New,2026-01-15
10787,Himanshu Singh,user10787@example.com,9619541147,30,Male,Delhi,Delhi,Regular,2025-09-27
10788,Rohan Kapoor,user10788@example.com,9699689164,29,Male,Mumbai,Maharashtra,New,2026-07-28
10789,Abhishek Shah,user10789@example.com,9398417412,24,Female,Mumbai,Maharashtra,Regular,2025-05-30
10790,Nikhil Malhotra,user10790@example.com,9557232669,18,Female,Ranchi,Jharkhand,Regular,2026-02-09
10791,Yash Sharma,user10791@example.com,9148913920,50,Female,Lucknow,Uttar Pradesh,Regular,2025-07-29
10792,Kavya Patel,user10792@example.com,9122930517,31,Male,Kolkata,West Bengal,New,2025-06-22
10793,Aman Singh,user10793@example.com,9751346349,60,Female,Hyderabad,Telangana,Regular,2025-02-23
10794,Kavya Mehta,user10794@example.com,9134723396,58,Female,Gurugram,Haryana,Regular,2025-11-28
10795,Vikas Gupta,user10795@example.com,9810701086,34,Female,Kanpur,Uttar Pradesh,Premium,2025-05-30
10796,Priya Verma,user10796@example.com,9905260997,21,Female,Bengaluru,Karnataka,New,2025-10-10
10797,Sahil Shah,user10797@example.com,9214418266,56,Male,Jaipur,Rajasthan,Regular,2026-07-08
10798,Pooja Yadav,user10798@example.com,9125960887,18,Male,Lucknow,Uttar Pradesh,Regular,2025-10-08
10799,Priya Kumar,user10799@example.com,9614938204,58,Male,Mumbai,Maharashtra,New,2026-06-04
10800,Neha Jain,user10800@example.com,9206555262,41,Female,Noida,Uttar Pradesh,Premium,2025-08-11
10801,Karan Malhotra,user10801@example.com,9793703067,51,Male,Surat,Gujarat,Regular,2025-06-25
10802,Nikhil Mehta,user10802@example.com,9674554639,51,Female,Kolkata,West Bengal,Regular,2026-02-23
10803,Sahil Chauhan,user10803@example.com,9707947700,41,Male,Lucknow,Uttar Pradesh,New,2025-02-03
10804,Sahil Chauhan,user10804@example.com,9875654795,32,Male,Patna,Bihar,New,2025-07-25
10805,Akash Verma,user10805@example.com,9265070161,34,Male,Mumbai,Maharashtra,Regular,2025-04-12
10806,Isha Agarwal,user10806@example.com,9792050593,30,Male,Dehradun,Uttarakhand,Regular,2026-07-02
10807,Yash Patel,user10807@example.com,9207608054,24,Female,Mumbai,Maharashtra,Regular,2025-10-08
10808,Rahul Yadav,user10808@example.com,9288856756,26,Male,Kanpur,Uttar Pradesh,Regular,2025-07-29
10809,Ananya Mehta,user10809@example.com,9464479167,52,Female,Noida,Uttar Pradesh,Regular,2026-04-12
10810,Priya Agarwal,user10810@example.com,9471917462,40,Male,Patna,Bihar,Regular,2025-12-23
10811,Riya Malhotra,user10811@example.com,9288506476,56,Male,Kolkata,West Bengal,New,2025-01-21
10812,Akash Shah,user10812@example.com,9344390000,40,Female,Bengaluru,Karnataka,Regular,2026-04-04
10813,Riya Mishra,user10813@example.com,9882659344,43,Male,Kanpur,Uttar Pradesh,Regular,2025-09-09
10814,Vikas Tiwari,user10814@example.com,9325452207,18,Female,Chandigarh,Chandigarh,Regular,2026-06-04
10815,Vivaan Joshi,user10815@example.com,9821269908,31,Female,Ahmedabad,Gujarat,New,2026-04-26
10816,Pooja Malhotra,user10816@example.com,9862025137,49,Female,Jaipur,Rajasthan,New,2025-11-16
10817,Neha Kapoor,user10817@example.com,9870597799,27,Male,Mumbai,Maharashtra,New,2026-08-19
10818,Abhishek Mishra,user10818@example.com,9880935549,18,Male,Lucknow,Uttar Pradesh,Premium,2025-09-23
10819,Vikas Jain,user10819@example.com,9921574878,22,Female,Kanpur,Uttar Pradesh,Regular,2025-01-23
10820,Aman Kapoor,user10820@example.com,9254277122,20,Female,Surat,Gujarat,New,2025-06-21
10821,Ankit Malhotra,user10821@example.com,9381870096,44,Female,Delhi,Delhi,New,2025-10-05
10822,Pooja Yadav,user10822@example.com,9860886460,39,Male,Surat,Gujarat,New,2026-01-02
10823,Simran Bansal,user10823@example.com,9750445105,35,Male,Dehradun,Uttarakhand,Regular,2025-08-07
10824,Aman Verma,user10824@example.com,9537802361,33,Female,Ahmedabad,Gujarat,New,2025-05-04
10825,Aman Bansal,user10825@example.com,9163771225,19,Female,Patna,Bihar,Regular,2025-09-28
10826,Sahil Bansal,user10826@example.com,9809426949,30,Male,Delhi,Delhi,Regular,2025-07-25
10827,Ankit Mehta,user10827@example.com,9944163227,33,Male,Bhopal,Madhya Pradesh,Regular,2026-01-29
10828,Rohit Sharma,user10828@example.com,9802214855,25,Female,Mumbai,Maharashtra,Regular,2026-03-13
10829,Vivaan Sinha,user10829@example.com,9190840118,60,Male,Jaipur,Rajasthan,Regular,2025-05-03
10830,Karan Chauhan,user10830@example.com,9845545469,25,Male,Kolkata,West Bengal,Regular,2025-08-25
10831,Aditya Mehta,user10831@example.com,9300623545,27,Male,Lucknow,Uttar Pradesh,Regular,2026-08-20
10832,Isha Sharma,user10832@example.com,9970276780,50,Male,Chandigarh,Chandigarh,Regular,2025-01-20
10833,Priya Mishra,user10833@example.com,9495029703,48,Female,Kolkata,West Bengal,Regular,2025-10-28
10834,Aditya Chauhan,user10834@example.com,9927949458,29,Male,Gurugram,Haryana,Regular,2025-06-24
10835,Aarav Sinha,user10835@example.com,9144511845,26,Male,Delhi,Delhi,Regular,2026-07-09
10836,Sneha Srivastava,user10836@example.com,9173276188,54,Male,Mumbai,Maharashtra,Premium,2025-12-10
10837,Neeraj Sinha,user10837@example.com,9686137238,26,Male,Indore,Madhya Pradesh,Regular,2026-06-22
10838,Abhishek Mehta,user10838@example.com,9916663150,35,Female,Chennai,Tamil Nadu,Premium,2025-03-21
10839,Akash Chauhan,user10839@example.com,9717979807,47,Male,Jaipur,Rajasthan,New,2025-08-11
10840,Yash Kapoor,user10840@example.com,9297453577,49,Male,Chennai,Tamil Nadu,Regular,2025-09-09
10841,Simran Shah,user10841@example.com,9307792730,57,Male,Ahmedabad,Gujarat,Premium,2025-04-17
10842,Sneha Kumar,user10842@example.com,9571130288,40,Male,Noida,Uttar Pradesh,Regular,2026-07-07
10843,Sahil Mehta,user10843@example.com,9776860352,28,Male,Chandigarh,Chandigarh,Premium,2025-01-22
10844,Aditya Shah,user10844@example.com,9574964710,37,Male,Bengaluru,Karnataka,New,2025-04-09
10845,Aditi Jain,user10845@example.com,9463648540,36,Female,Noida,Uttar Pradesh,Premium,2026-08-20
10846,Aarav Bansal,user10846@example.com,9648607930,53,Male,Surat,Gujarat,Regular,2025-04-24
10847,Arjun Shah,user10847@example.com,9350792236,43,Female,Delhi,Delhi,New,2026-05-13
10848,Pooja Patel,user10848@example.com,9902069186,27,Male,Jaipur,Rajasthan,Premium,2025-10-21
10849,Sahil Gupta,user10849@example.com,9233550386,41,Male,Hyderabad,Telangana,New,2026-05-17
10850,Akash Mehta,user10850@example.com,9143877102,30,Male,Dehradun,Uttarakhand,New,2025-06-13
10851,Riya Singh,user10851@example.com,9224997598,51,Female,Hyderabad,Telangana,New,2026-03-24
10852,Aditi Singh,user10852@example.com,9642039306,46,Male,Kolkata,West Bengal,Regular,2025-08-07
10853,Ankit Tiwari,user10853@example.com,9288113109,53,Male,Patna,Bihar,Premium,2026-02-03
10854,Vivaan Shah,user10854@example.com,9834262911,24,Male,Mumbai,Maharashtra,New,2025-03-01
10855,Pooja Mishra,user10855@example.com,9226454242,47,Male,Gurugram,Haryana,Regular,2025-07-04
10856,Nikhil Singh,user10856@example.com,9182971909,34,Female,Dehradun,Uttarakhand,New,2025-01-25
10857,Vivaan Malhotra,user10857@example.com,9108644157,30,Male,Jaipur,Rajasthan,Regular,2025-09-29
10858,Simran Patel,user10858@example.com,9633657732,41,Female,Ahmedabad,Gujarat,New,2025-10-29
10859,Neeraj Sharma,user10859@example.com,9479278984,48,Female,Indore,Madhya Pradesh,New,2025-04-29
10860,Isha Kapoor,user10860@example.com,9834486043,44,Male,Bhopal,Madhya Pradesh,New,2026-07-11
10861,Neeraj Joshi,user10861@example.com,9500949759,38,Male,Kolkata,West Bengal,Regular,2026-07-19
10862,Pooja Bansal,user10862@example.com,9855349714,18,Female,Hyderabad,Telangana,Premium,2025-08-06
10863,Nikhil Mehta,user10863@example.com,9823123163,32,Male,Noida,Uttar Pradesh,Regular,2025-12-10
10864,Ananya Joshi,user10864@example.com,9903902426,20,Male,Ahmedabad,Gujarat,New,2025-04-14
10865,Neeraj Tiwari,user10865@example.com,9200090108,23,Female,Gurugram,Haryana,Regular,2025-04-07
10866,Vikas Shah,user10866@example.com,9389361957,31,Female,Gurugram,Haryana,Regular,2025-11-18
10867,Aarav Patel,user10867@example.com,9534408852,55,Female,Delhi,Delhi,New,2025-09-05
10868,Himanshu Agarwal,user10868@example.com,9521209050,50,Female,Bengaluru,Karnataka,New,2025-11-01
10869,Neeraj Yadav,user10869@example.com,9577169341,55,Male,Bengaluru,Karnataka,New,2025-06-01
10870,Aarav Srivastava,user10870@example.com,9514468141,25,Male,Kolkata,West Bengal,Regular,2025-12-15
10871,Vivaan Gupta,user10871@example.com,9539006661,43,Male,Hyderabad,Telangana,Regular,2026-05-04
10872,Nikhil Singh,user10872@example.com,9510945189,32,Female,Jaipur,Rajasthan,Regular,2026-06-26
10873,Mohit Joshi,user10873@example.com,9330957360,31,Female,Bhopal,Madhya Pradesh,New,2025-03-14
10874,Karan Kapoor,user10874@example.com,9731525620,37,Male,Gurugram,Haryana,Regular,2025-07-06
10875,Isha Singh,user10875@example.com,9442128336,36,Male,Jaipur,Rajasthan,Premium,2025-03-02
10876,Abhishek Srivastava,user10876@example.com,9751725559,50,Male,Jaipur,Rajasthan,New,2025-04-17
10877,Vivaan Shah,user10877@example.com,9104668710,53,Female,Kanpur,Uttar Pradesh,Premium,2026-01-23
10878,Pooja Patel,user10878@example.com,9437193798,41,Male,Bhopal,Madhya Pradesh,Regular,2025-03-07
10879,Simran Tiwari,user10879@example.com,9747064958,27,Male,Lucknow,Uttar Pradesh,New,2026-02-05
10880,Sahil Agarwal,user10880@example.com,9969521565,51,Female,Chandigarh,Chandigarh,Regular,2025-10-16
10881,Aman Srivastava,user10881@example.com,9401669780,53,Female,Chennai,Tamil Nadu,Premium,2025-05-11
10882,Priya Agarwal,user10882@example.com,9206841088,53,Male,Indore,Madhya Pradesh,Regular,2025-10-10
10883,Neha Bansal,user10883@example.com,9598200792,33,Female,Bengaluru,Karnataka,Premium,2026-06-10
10884,Aman Sharma,user10884@example.com,9644754591,32,Male,Bengaluru,Karnataka,New,2026-01-13
10885,Vikas Tiwari,user10885@example.com,9440140538,35,Male,Pune,Maharashtra,Regular,2025-08-14
10886,Nikhil Patel,user10886@example.com,9726201336,24,Male,Bengaluru,Karnataka,Regular,2026-02-21
10887,Ankit Sharma,user10887@example.com,9743525511,39,Female,Bhopal,Madhya Pradesh,Premium,2025-07-04
10888,Rohan Tiwari,user10888@example.com,9205814596,49,Female,Kanpur,Uttar Pradesh,Regular,2025-07-14
10889,Himanshu Tiwari,user10889@example.com,9246220061,60,Male,Mumbai,Maharashtra,Regular,2025-07-13
10890,Himanshu Gupta,user10890@example.com,9199134066,36,Female,Delhi,Delhi,New,2025-10-23
10891,Aditi Kapoor,user10891@example.com,9405252871,57,Male,Patna,Bihar,New,2025-04-14
10892,Pooja Sharma,user10892@example.com,9326010992,18,Female,Delhi,Delhi,New,2026-04-18
10893,Yash Singh,user10893@example.com,9296964626,52,Female,Dehradun,Uttarakhand,New,2025-01-19
10894,Abhishek Singh,user10894@example.com,9582382315,22,Male,Delhi,Delhi,New,2025-09-23
10895,Riya Shah,user10895@example.com,9478573626,29,Male,Patna,Bihar,Regular,2026-06-04
10896,Sneha Sinha,user10896@example.com,9908883126,29,Female,Noida,Uttar Pradesh,Premium,2025-04-07
10897,Yash Bansal,user10897@example.com,9103832733,38,Male,Bhopal,Madhya Pradesh,Regular,2025-11-29
10898,Simran Sharma,user10898@example.com,9502856995,36,Female,Bengaluru,Karnataka,Regular,2025-07-19
10899,Vikas Chauhan,user10899@example.com,9722386486,26,Male,Bengaluru,Karnataka,Premium,2025-05-06
10900,Varun Tiwari,user10900@example.com,9993565995,60,Female,Kanpur,Uttar Pradesh,New,2025-03-22
10901,Arjun Jain,user10901@example.com,9848180634,53,Male,Pune,Maharashtra,Regular,2025-06-11
10902,Karan Singh,user10902@example.com,9417187148,59,Male,Kanpur,Uttar Pradesh,Regular,2025-04-22
10903,Vikas Gupta,user10903@example.com,9978177869,49,Male,Mumbai,Maharashtra,New,2025-01-28
10904,Sahil Mehta,user10904@example.com,9686393188,52,Female,Mumbai,Maharashtra,Regular,2025-05-26
10905,Vikas Jain,user10905@example.com,9884612789,48,Male,Gurugram,Haryana,New,2026-07-26
10906,Neha Tiwari,user10906@example.com,9664979119,49,Male,Pune,Maharashtra,New,2026-08-24
10907,Arjun Kumar,user10907@example.com,9162246429,54,Female,Kanpur,Uttar Pradesh,New,2025-04-02
10908,Akash Mehta,user10908@example.com,9241262886,49,Female,Bengaluru,Karnataka,Premium,2026-08-05
10909,Nikhil Jain,user10909@example.com,9743791086,60,Male,Chennai,Tamil Nadu,Regular,2026-01-11
10910,Varun Srivastava,user10910@example.com,9139111692,54,Female,Surat,Gujarat,Regular,2025-03-10
10911,Aditya Tiwari,user10911@example.com,9486406521,56,Female,Patna,Bihar,Regular,2025-11-03
10912,Pooja Sharma,user10912@example.com,9156094863,55,Male,Patna,Bihar,New,2026-05-15
10913,Yash Joshi,user10913@example.com,9372231083,47,Male,Delhi,Delhi,Regular,2025-11-21
10914,Rahul Kapoor,user10914@example.com,9805894854,49,Female,Surat,Gujarat,Regular,2026-05-05
10915,Isha Sinha,user10915@example.com,9588606063,19,Female,Pune,Maharashtra,New,2026-01-10
10916,Rahul Shah,user10916@example.com,9696037878,28,Male,Lucknow,Uttar Pradesh,Regular,2026-01-06
10917,Yash Sinha,user10917@example.com,9601603226,37,Male,Mumbai,Maharashtra,New,2025-10-26
10918,Varun Shah,user10918@example.com,9314879276,54,Male,Delhi,Delhi,New,2026-07-24
10919,Abhishek Sinha,user10919@example.com,9900047868,26,Female,Jaipur,Rajasthan,Regular,2025-11-06
10920,Varun Patel,user10920@example.com,9235948662,55,Male,Delhi,Delhi,Regular,2026-04-15
10921,Vivaan Chauhan,user10921@example.com,9289883682,36,Male,Lucknow,Uttar Pradesh,Regular,2026-04-25
10922,Simran Sharma,user10922@example.com,9547705294,57,Female,Noida,Uttar Pradesh,Regular,2026-05-06
10923,Sahil Malhotra,user10923@example.com,9386668770,24,Female,Chennai,Tamil Nadu,Regular,2025-03-24
10924,Arjun Kumar,user10924@example.com,9166779654,22,Male,Jaipur,Rajasthan,Regular,2025-04-19
10925,Himanshu Shah,user10925@example.com,9148746429,59,Male,Chennai,Tamil Nadu,Regular,2025-06-06
10926,Sahil Patel,user10926@example.com,9396925425,41,Male,Delhi,Delhi,Regular,2025-12-02
10927,Himanshu Kapoor,user10927@example.com,9153620333,58,Male,Mumbai,Maharashtra,Premium,2025-08-11
10928,Simran Kumar,user10928@example.com,9732925297,24,Female,Chandigarh,Chandigarh,Premium,2025-12-18
10929,Vikas Mishra,user10929@example.com,9934197805,28,Female,Patna,Bihar,Regular,2025-04-12
10930,Karan Sharma,user10930@example.com,9712465759,26,Male,Lucknow,Uttar Pradesh,Regular,2025-09-01
10931,Aditya Sharma,user10931@example.com,9135374373,47,Male,Chandigarh,Chandigarh,Regular,2025-04-08
10932,Nikhil Gupta,user10932@example.com,9674374588,58,Male,Surat,Gujarat,Regular,2026-05-27
10933,Rohit Kumar,user10933@example.com,9657145447,20,Female,Patna,Bihar,New,2026-01-25
10934,Vikas Chauhan,user10934@example.com,9957827481,39,Male,Bengaluru,Karnataka,Regular,2026-03-26
10935,Aditi Chauhan,user10935@example.com,9329410361,57,Female,Jaipur,Rajasthan,Premium,2025-04-28
10936,Priya Sinha,user10936@example.com,9947329702,37,Female,Patna,Bihar,Regular,2025-12-12
10937,Ankit Sharma,user10937@example.com,9594464915,49,Male,Lucknow,Uttar Pradesh,Regular,2026-03-08
10938,Aditya Malhotra,user10938@example.com,9496456785,24,Female,Ahmedabad,Gujarat,New,2026-03-17
10939,Rahul Joshi,user10939@example.com,9303575345,24,Female,Chandigarh,Chandigarh,Regular,2025-04-05
10940,Simran Agarwal,user10940@example.com,9917554638,37,Female,Noida,Uttar Pradesh,New,2026-07-12
10941,Himanshu Agarwal,user10941@example.com,9584137523,42,Female,Kanpur,Uttar Pradesh,Regular,2026-08-08
10942,Sahil Jain,user10942@example.com,9989576277,52,Male,Kanpur,Uttar Pradesh,Regular,2025-07-19
10943,Arjun Malhotra,user10943@example.com,9476535701,41,Male,Lucknow,Uttar Pradesh,Regular,2025-09-24
10944,Sneha Tiwari,user10944@example.com,9764242740,57,Female,Lucknow,Uttar Pradesh,Regular,2025-11-14
10945,Sahil Bansal,user10945@example.com,9391797204,30,Female,Kolkata,West Bengal,Regular,2026-03-27
10946,Mohit Joshi,user10946@example.com,9331202023,56,Female,Jaipur,Rajasthan,New,2026-01-27
10947,Rahul Verma,user10947@example.com,9543005777,21,Male,Surat,Gujarat,New,2026-06-23
10948,Himanshu Shah,user10948@example.com,9281827222,29,Female,Kolkata,West Bengal,Premium,2026-04-03
10949,Riya Kapoor,user10949@example.com,9117331916,34,Male,Chennai,Tamil Nadu,New,2026-03-05
10950,Sneha Malhotra,user10950@example.com,9148100671,18,Male,Bengaluru,Karnataka,New,2025-11-19
10951,Vikas Malhotra,user10951@example.com,9343091198,34,Male,Mumbai,Maharashtra,Regular,2025-10-19
10952,Yash Sharma,user10952@example.com,9993640680,19,Male,Mumbai,Maharashtra,Premium,2026-01-01
10953,Rohan Verma,user10953@example.com,9461970824,23,Male,Bengaluru,Karnataka,Regular,2026-02-21
10954,Vivaan Sharma,user10954@example.com,9666233968,28,Female,Patna,Bihar,New,2025-12-10
10955,Ananya Gupta,user10955@example.com,9352509830,60,Male,Bhopal,Madhya Pradesh,New,2026-04-15
10956,Sneha Tiwari,user10956@example.com,9805853352,35,Male,Kolkata,West Bengal,Premium,2026-05-21
10957,Riya Mishra,user10957@example.com,9787898165,57,Male,Ahmedabad,Gujarat,Regular,2026-08-06
10958,Isha Malhotra,user10958@example.com,9519470849,42,Male,Chandigarh,Chandigarh,Regular,2026-05-12
10959,Rohan Bansal,user10959@example.com,9885339523,56,Female,Bengaluru,Karnataka,New,2026-06-29
10960,Karan Mishra,user10960@example.com,9599935565,45,Male,Indore,Madhya Pradesh,New,2026-02-02
10961,Rohan Sharma,user10961@example.com,9948990239,33,Male,Delhi,Delhi,New,2026-01-27
10962,Priya Gupta,user10962@example.com,9267056227,29,Female,Patna,Bihar,Regular,2026-08-24
10963,Isha Shah,user10963@example.com,9308235393,58,Female,Bengaluru,Karnataka,New,2026-07-07
10964,Simran Yadav,user10964@example.com,9598445809,46,Female,Kolkata,West Bengal,Premium,2025-12-09
10965,Rohit Srivastava,user10965@example.com,9723359218,40,Female,Ahmedabad,Gujarat,New,2026-01-09
10966,Neha Joshi,user10966@example.com,9199243199,38,Female,Ahmedabad,Gujarat,Regular,2026-05-17
10967,Neeraj Singh,user10967@example.com,9239011213,33,Male,Lucknow,Uttar Pradesh,New,2026-03-24
10968,Rahul Verma,user10968@example.com,9319608723,58,Female,Ranchi,Jharkhand,Regular,2025-12-22
10969,Isha Gupta,user10969@example.com,9295846744,43,Female,Lucknow,Uttar Pradesh,New,2025-06-28
10970,Pooja Sharma,user10970@example.com,9977283305,54,Female,Jaipur,Rajasthan,Regular,2026-06-15
10971,Abhishek Gupta,user10971@example.com,9937543472,39,Female,Jaipur,Rajasthan,Regular,2025-04-01
10972,Yash Kumar,user10972@example.com,9711114631,27,Female,Bengaluru,Karnataka,New,2025-06-16
10973,Mohit Verma,user10973@example.com,9995407294,24,Male,Chennai,Tamil Nadu,Regular,2026-04-11
10974,Isha Sharma,user10974@example.com,9391740820,26,Male,Dehradun,Uttarakhand,Regular,2026-05-24
10975,Akash Singh,user10975@example.com,9325278550,42,Female,Hyderabad,Telangana,Premium,2026-01-09
10976,Sahil Mishra,user10976@example.com,9564545183,32,Male,Kanpur,Uttar Pradesh,Premium,2025-07-23
10977,Vivaan Sharma,user10977@example.com,9138123230,30,Male,Bhopal,Madhya Pradesh,Premium,2025-04-12
10978,Pooja Sharma,user10978@example.com,9303228004,59,Female,Bengaluru,Karnataka,New,2025-03-21
10979,Sahil Yadav,user10979@example.com,9351524903,43,Male,Hyderabad,Telangana,New,2025-01-23
10980,Neha Joshi,user10980@example.com,9965780841,38,Male,Kolkata,West Bengal,Premium,2026-06-18
10981,Rohan Chauhan,user10981@example.com,9712274458,40,Female,Delhi,Delhi,Regular,2026-02-18
10982,Riya Malhotra,user10982@example.com,9936811879,45,Female,Bhopal,Madhya Pradesh,New,2026-04-29
10983,Himanshu Bansal,user10983@example.com,9479220328,55,Male,Jaipur,Rajasthan,Regular,2025-11-05
10984,Isha Joshi,user10984@example.com,9227168145,29,Female,Bhopal,Madhya Pradesh,New,2025-09-15
10985,Aman Agarwal,user10985@example.com,9538524016,41,Male,Lucknow,Uttar Pradesh,Regular,2025-04-16
10986,Aditya Patel,user10986@example.com,9805812787,30,Male,Delhi,Delhi,Regular,2025-10-25
10987,Neha Sharma,user10987@example.com,9980297870,57,Male,Kanpur,Uttar Pradesh,Regular,2025-03-21
10988,Aditya Agarwal,user10988@example.com,9661132478,19,Female,Bengaluru,Karnataka,New,2025-12-14
10989,Abhishek Jain,user10989@example.com,9556033332,56,Male,Patna,Bihar,Regular,2025-04-15
10990,Ankit Tiwari,user10990@example.com,9700997722,29,Male,Patna,Bihar,Regular,2025-10-19
10991,Ananya Kapoor,user10991@example.com,9946484560,56,Female,Hyderabad,Telangana,Regular,2025-04-01
10992,Yash Jain,user10992@example.com,9195143527,31,Male,Hyderabad,Telangana,New,2025-09-26
10993,Rahul Agarwal,user10993@example.com,9541989953,47,Female,Chennai,Tamil Nadu,Regular,2025-05-27
10994,Neeraj Kapoor,user10994@example.com,9575030896,58,Male,Surat,Gujarat,Regular,2026-01-09
10995,Ananya Chauhan,user10995@example.com,9439613937,60,Female,Hyderabad,Telangana,Regular,2026-04-06
10996,Kavya Bansal,user10996@example.com,9156827934,36,Female,Gurugram,Haryana,Regular,2025-11-06
10997,Riya Sinha,user10997@example.com,9892314559,48,Male,Surat,Gujarat,Regular,2025-03-29
10998,Neeraj Tiwari,user10998@example.com,9300565604,60,Male,Kolkata,West Bengal,New,2025-01-24
10999,Aditi Verma,user10999@example.com,9182023784,60,Female,Mumbai,Maharashtra,Regular,2026-02-25
11000,Varun Sharma,user11000@example.com,9938328552,42,Female,Noida,Uttar Pradesh,Regular,2026-01-11
11001,Aditi Bansal,user11001@example.com,9988512097,21,Male,Pune,Maharashtra,Regular,2025-06-22
11002,Nikhil Jain,user11002@example.com,9373740833,30,Female,Indore,Madhya Pradesh,Regular,2026-06-14
11003,Sneha Malhotra,user11003@example.com,9682489330,53,Male,Noida,Uttar Pradesh,New,2025-12-05
11004,Vikas Verma,user11004@example.com,9927163574,59,Female,Dehradun,Uttarakhand,Regular,2025-07-22
11005,Arjun Mishra,user11005@example.com,9737149242,54,Female,Kolkata,West Bengal,Premium,2025-07-19
11006,Varun Chauhan,user11006@example.com,9592374786,20,Female,Ahmedabad,Gujarat,Premium,2026-01-09
11007,Pooja Kapoor,user11007@example.com,9169242384,33,Female,Kanpur,Uttar Pradesh,Regular,2025-04-22
11008,Mohit Srivastava,user11008@example.com,9473337165,43,Female,Pune,Maharashtra,Regular,2026-03-17
11009,Isha Mehta,user11009@example.com,9393550797,57,Male,Surat,Gujarat,Premium,2025-11-04
11010,Aditya Sharma,user11010@example.com,9218677805,56,Female,Mumbai,Maharashtra,Premium,2026-08-02
11011,Isha Mishra,user11011@example.com,9428130213,36,Female,Delhi,Delhi,Regular,2025-04-16
11012,Rohit Joshi,user11012@example.com,9460737570,32,Female,Dehradun,Uttarakhand,Regular,2025-09-01
11013,Akash Yadav,user11013@example.com,9151235712,49,Male,Kolkata,West Bengal,Regular,2025-08-05
11014,Neeraj Agarwal,user11014@example.com,9702519549,38,Male,Indore,Madhya Pradesh,New,2025-09-25
11015,Aman Gupta,user11015@example.com,9911112559,18,Female,Dehradun,Uttarakhand,Regular,2026-06-22
11016,Arjun Jain,user11016@example.com,9686538396,23,Female,Pune,Maharashtra,Regular,2026-07-11
11017,Rohan Sharma,user11017@example.com,9845990019,44,Male,Dehradun,Uttarakhand,Regular,2026-07-08
11018,Aditi Verma,user11018@example.com,9485804128,40,Male,Surat,Gujarat,Premium,2026-04-06
11019,Neeraj Kapoor,user11019@example.com,9807253392,48,Female,Hyderabad,Telangana,New,2026-06-18
11020,Akash Sinha,user11020@example.com,9112429979,29,Male,Dehradun,Uttarakhand,Regular,2025-01-01
11021,Pooja Joshi,user11021@example.com,9382686129,38,Male,Surat,Gujarat,New,2026-02-10
11022,Nikhil Agarwal,user11022@example.com,9369106823,19,Male,Bengaluru,Karnataka,New,2026-07-11
11023,Varun Jain,user11023@example.com,9776935585,22,Female,Dehradun,Uttarakhand,Premium,2026-06-08
11024,Ananya Agarwal,user11024@example.com,9865505338,26,Female,Pune,Maharashtra,Regular,2025-07-18
11025,Karan Kumar,user11025@example.com,9487887121,37,Male,Delhi,Delhi,Regular,2026-04-04
11026,Neeraj Shah,user11026@example.com,9568933982,35,Female,Chandigarh,Chandigarh,New,2025-07-14
11027,Karan Kumar,user11027@example.com,9759375258,39,Female,Kanpur,Uttar Pradesh,Regular,2025-12-13
11028,Abhishek Singh,user11028@example.com,9816721935,25,Male,Kanpur,Uttar Pradesh,Regular,2025-01-13
11029,Riya Joshi,user11029@example.com,9737990393,51,Male,Dehradun,Uttarakhand,New,2026-04-11
11030,Nikhil Tiwari,user11030@example.com,9532943881,26,Female,Chandigarh,Chandigarh,Regular,2026-03-17
11031,Yash Kapoor,user11031@example.com,9829657703,24,Male,Ranchi,Jharkhand,New,2025-08-12
11032,Neeraj Bansal,user11032@example.com,9143032907,47,Female,Bengaluru,Karnataka,Regular,2026-05-26
11033,Himanshu Singh,user11033@example.com,9671512725,35,Male,Kanpur,Uttar Pradesh,Premium,2026-03-30
11034,Akash Yadav,user11034@example.com,9622340363,44,Male,Indore,Madhya Pradesh,Regular,2026-06-26
11035,Sahil Shah,user11035@example.com,9318113098,33,Female,Delhi,Delhi,Premium,2025-06-03
11036,Sahil Gupta,user11036@example.com,9585884115,38,Male,Bhopal,Madhya Pradesh,Regular,2025-07-23
11037,Rohan Malhotra,user11037@example.com,9965880704,22,Female,Kanpur,Uttar Pradesh,Premium,2025-10-22
11038,Kavya Sharma,user11038@example.com,9595757594,46,Male,Patna,Bihar,Regular,2025-12-28
11039,Himanshu Malhotra,user11039@example.com,9943140290,54,Male,Indore,Madhya Pradesh,Regular,2026-04-30
11040,Vivaan Singh,user11040@example.com,9907156491,60,Male,Noida,Uttar Pradesh,Regular,2025-07-19
11041,Arjun Sinha,user11041@example.com,9722335005,39,Male,Dehradun,Uttarakhand,Regular,2025-06-23
11042,Pooja Tiwari,user11042@example.com,9497190152,31,Male,Indore,Madhya Pradesh,New,2025-03-13
11043,Aman Gupta,user11043@example.com,9861546036,36,Male,Mumbai,Maharashtra,New,2025-11-08
11044,Sneha Mishra,user11044@example.com,9515071676,52,Male,Kanpur,Uttar Pradesh,Premium,2025-08-13
11045,Abhishek Sharma,user11045@example.com,9583931445,41,Female,Lucknow,Uttar Pradesh,New,2026-04-30
11046,Isha Patel,user11046@example.com,9713153472,59,Male,Delhi,Delhi,Premium,2025-12-11
11047,Aman Mehta,user11047@example.com,9895720105,23,Female,Bengaluru,Karnataka,Regular,2025-11-25
11048,Simran Yadav,user11048@example.com,9118786096,20,Male,Pune,Maharashtra,Regular,2025-09-02
11049,Aditi Kumar,user11049@example.com,9202528703,51,Male,Gurugram,Haryana,Regular,2026-06-29
11050,Pooja Verma,user11050@example.com,9761770830,19,Female,Chennai,Tamil Nadu,Regular,2025-09-28
11051,Isha Kapoor,user11051@example.com,9519313330,32,Male,Chennai,Tamil Nadu,New,2025-07-23
11052,Akash Joshi,user11052@example.com,9759859546,54,Male,Kanpur,Uttar Pradesh,Regular,2026-03-08
11053,Rohit Joshi,user11053@example.com,9311595719,32,Male,Bhopal,Madhya Pradesh,Regular,2025-03-03
11054,Sneha Sinha,user11054@example.com,9181055739,49,Female,Noida,Uttar Pradesh,New,2026-03-02
11055,Ankit Sharma,user11055@example.com,9672899771,38,Female,Delhi,Delhi,New,2025-11-11
11056,Neha Agarwal,user11056@example.com,9646832086,34,Male,Indore,Madhya Pradesh,New,2025-06-15
11057,Neeraj Chauhan,user11057@example.com,9574771534,51,Male,Pune,Maharashtra,New,2026-08-22
11058,Aditi Singh,user11058@example.com,9237586138,49,Female,Bengaluru,Karnataka,New,2025-08-05
11059,Vivaan Mehta,user11059@example.com,9839132318,40,Male,Delhi,Delhi,Regular,2026-01-31
11060,Riya Chauhan,user11060@example.com,9104932206,52,Male,Gurugram,Haryana,Regular,2025-06-29
11061,Aditya Joshi,user11061@example.com,9400885447,54,Male,Bengaluru,Karnataka,Premium,2026-01-24
11062,Ankit Sharma,user11062@example.com,9485600477,60,Male,Patna,Bihar,New,2026-08-21
11063,Aman Chauhan,user11063@example.com,9259690041,58,Male,Jaipur,Rajasthan,Regular,2025-12-21
11064,Simran Kapoor,user11064@example.com,9182406646,54,Female,Gurugram,Haryana,Regular,2025-01-08
11065,Rohit Jain,user11065@example.com,9576168425,50,Male,Kanpur,Uttar Pradesh,Premium,2026-07-28
11066,Neeraj Jain,user11066@example.com,9868173649,42,Male,Delhi,Delhi,Regular,2026-03-24
11067,Neha Jain,user11067@example.com,9175025027,54,Female,Patna,Bihar,Regular,2026-01-28
11068,Nikhil Shah,user11068@example.com,9136317166,57,Male,Bengaluru,Karnataka,Premium,2026-07-13
11069,Priya Patel,user11069@example.com,9926236138,38,Male,Noida,Uttar Pradesh,Regular,2025-11-26
11070,Ananya Malhotra,user11070@example.com,9623139861,55,Male,Gurugram,Haryana,New,2025-08-11
11071,Sneha Yadav,user11071@example.com,9110617218,57,Female,Bhopal,Madhya Pradesh,Regular,2025-01-04
11072,Rohan Chauhan,user11072@example.com,9903538530,51,Male,Bhopal,Madhya Pradesh,Regular,2026-02-07
11073,Aditi Bansal,user11073@example.com,9475590949,36,Male,Kolkata,West Bengal,New,2025-05-01
11074,Kavya Sharma,user11074@example.com,9828736928,44,Female,Ranchi,Jharkhand,Regular,2025-07-15
11075,Karan Sharma,user11075@example.com,9348681933,26,Female,Lucknow,Uttar Pradesh,Regular,2025-06-09
11076,Neeraj Patel,user11076@example.com,9116668096,22,Female,Surat,Gujarat,Premium,2026-04-04
11077,Yash Kumar,user11077@example.com,9527285620,22,Male,Jaipur,Rajasthan,New,2026-01-06
11078,Nikhil Jain,user11078@example.com,9697254384,42,Male,Bhopal,Madhya Pradesh,New,2026-05-17
11079,Ananya Gupta,user11079@example.com,9837563673,43,Male,Ranchi,Jharkhand,Regular,2025-08-10
11080,Kavya Chauhan,user11080@example.com,9885818161,36,Male,Indore,Madhya Pradesh,Regular,2025-05-04
11081,Rohan Bansal,user11081@example.com,9433989839,47,Female,Pune,Maharashtra,Regular,2026-05-13
11082,Vikas Shah,user11082@example.com,9379750537,53,Male,Chennai,Tamil Nadu,Regular,2025-11-21
11083,Sahil Bansal,user11083@example.com,9307108393,33,Female,Pune,Maharashtra,Regular,2025-02-17
11084,Aarav Sharma,user11084@example.com,9891212836,24,Male,Delhi,Delhi,Regular,2025-05-12
11085,Simran Kapoor,user11085@example.com,9886299033,35,Male,Kanpur,Uttar Pradesh,Premium,2026-06-27
11086,Karan Yadav,user11086@example.com,9680799195,38,Female,Ranchi,Jharkhand,Regular,2026-05-23
11087,Sneha Tiwari,user11087@example.com,9819513227,48,Male,Kanpur,Uttar Pradesh,Premium,2026-03-25
11088,Ananya Gupta,user11088@example.com,9197397203,18,Female,Lucknow,Uttar Pradesh,New,2025-09-28
11089,Arjun Yadav,user11089@example.com,9959527216,20,Female,Indore,Madhya Pradesh,Regular,2025-08-01
11090,Aditya Kapoor,user11090@example.com,9919283597,48,Male,Noida,Uttar Pradesh,Regular,2025-03-06
11091,Kavya Bansal,user11091@example.com,9671125410,42,Male,Delhi,Delhi,Regular,2026-03-31
11092,Aditya Bansal,user11092@example.com,9993401867,25,Male,Patna,Bihar,Regular,2026-06-09
11093,Ananya Sharma,user11093@example.com,9608792913,18,Female,Jaipur,Rajasthan,Regular,2026-02-25
11094,Sahil Srivastava,user11094@example.com,9956202283,24,Male,Surat,Gujarat,Premium,2025-04-07
11095,Karan Bansal,user11095@example.com,9673218497,24,Female,Kolkata,West Bengal,Regular,2025-04-25
11096,Rohan Mishra,user11096@example.com,9853471233,25,Male,Chennai,Tamil Nadu,Regular,2025-10-17
11097,Kavya Chauhan,user11097@example.com,9372358330,36,Female,Noida,Uttar Pradesh,New,2025-10-18
11098,Aarav Chauhan,user11098@example.com,9123599376,34,Female,Gurugram,Haryana,New,2026-02-18
11099,Kavya Srivastava,user11099@example.com,9660867721,28,Male,Ahmedabad,Gujarat,Premium,2025-11-24
11100,Nikhil Kumar,user11100@example.com,9551278609,58,Male,Surat,Gujarat,Regular,2026-05-26
11101,Aman Jain,user11101@example.com,9179663893,28,Male,Jaipur,Rajasthan,Regular,2026-06-19
11102,Rohan Mishra,user11102@example.com,9910156626,55,Male,Jaipur,Rajasthan,Regular,2026-03-17
11103,Mohit Sinha,user11103@example.com,9238840628,58,Male,Mumbai,Maharashtra,New,2025-04-14
11104,Isha Mehta,user11104@example.com,9528519424,19,Male,Hyderabad,Telangana,Regular,2026-05-10
11105,Vikas Chauhan,user11105@example.com,9371973692,21,Female,Noida,Uttar Pradesh,Regular,2025-12-22
11106,Kavya Kumar,user11106@example.com,9290676195,45,Female,Ahmedabad,Gujarat,New,2026-02-07
11107,Ankit Chauhan,user11107@example.com,9521512664,50,Female,Gurugram,Haryana,New,2026-07-10
11108,Himanshu Joshi,user11108@example.com,9390049507,28,Male,Surat,Gujarat,Regular,2026-03-07
11109,Priya Chauhan,user11109@example.com,9899937277,20,Female,Ahmedabad,Gujarat,Regular,2026-03-05
11110,Aarav Patel,user11110@example.com,9773790462,57,Male,Dehradun,Uttarakhand,New,2025-02-02
11111,Abhishek Shah,user11111@example.com,9556353345,22,Male,Chennai,Tamil Nadu,Regular,2025-07-08
11112,Arjun Gupta,user11112@example.com,9147088530,38,Male,Bhopal,Madhya Pradesh,Premium,2025-04-16
11113,Rahul Malhotra,user11113@example.com,9589178932,39,Male,Dehradun,Uttarakhand,Regular,2025-09-11
11114,Vikas Yadav,user11114@example.com,9829253835,54,Male,Indore,Madhya Pradesh,Premium,2026-06-04
11115,Kavya Gupta,user11115@example.com,9364789449,28,Male,Kanpur,Uttar Pradesh,Premium,2025-09-17
11116,Akash Patel,user11116@example.com,9755097950,39,Female,Dehradun,Uttarakhand,New,2025-07-30
11117,Aditya Jain,user11117@example.com,9581377020,58,Male,Bhopal,Madhya Pradesh,New,2025-03-04
11118,Nikhil Tiwari,user11118@example.com,9937995517,30,Female,Hyderabad,Telangana,Regular,2025-04-06
11119,Rahul Tiwari,user11119@example.com,9262627733,20,Male,Bengaluru,Karnataka,Regular,2026-08-10
11120,Nikhil Sharma,user11120@example.com,9676078870,30,Male,Noida,Uttar Pradesh,Regular,2026-04-16
11121,Aditya Bansal,user11121@example.com,9116681715,45,Male,Chandigarh,Chandigarh,Regular,2025-06-14
11122,Yash Patel,user11122@example.com,9644265430,28,Female,Pune,Maharashtra,Regular,2025-07-17
11123,Varun Jain,user11123@example.com,9158548622,28,Male,Hyderabad,Telangana,New,2025-12-27
11124,Aditi Jain,user11124@example.com,9907385218,38,Male,Kolkata,West Bengal,Premium,2025-06-13
11125,Aditya Bansal,user11125@example.com,9182506582,38,Male,Bhopal,Madhya Pradesh,New,2026-04-07
11126,Yash Bansal,user11126@example.com,9412735891,24,Male,Lucknow,Uttar Pradesh,Premium,2025-10-19
11127,Rohit Mishra,user11127@example.com,9953037436,34,Female,Chandigarh,Chandigarh,New,2025-08-30
11128,Nikhil Singh,user11128@example.com,9295370092,31,Male,Noida,Uttar Pradesh,New,2026-02-05
11129,Simran Malhotra,user11129@example.com,9671802151,50,Male,Jaipur,Rajasthan,New,2025-05-18
11130,Simran Shah,user11130@example.com,9732536184,28,Female,Kolkata,West Bengal,Premium,2026-08-27
11131,Akash Verma,user11131@example.com,9970007927,30,Male,Mumbai,Maharashtra,New,2025-08-01
11132,Riya Sinha,user11132@example.com,9849781447,18,Female,Indore,Madhya Pradesh,Regular,2026-01-23
11133,Sneha Tiwari,user11133@example.com,9663488273,51,Female,Chennai,Tamil Nadu,Premium,2026-03-27
11134,Yash Gupta,user11134@example.com,9464224680,26,Female,Lucknow,Uttar Pradesh,Regular,2026-07-02
11135,Isha Sinha,user11135@example.com,9835261381,30,Male,Hyderabad,Telangana,Regular,2026-04-15
11136,Abhishek Tiwari,user11136@example.com,9329132186,54,Female,Mumbai,Maharashtra,Premium,2026-08-20
11137,Abhishek Mishra,user11137@example.com,9484686051,47,Male,Noida,Uttar Pradesh,Premium,2025-11-15
11138,Ananya Bansal,user11138@example.com,9519077262,58,Female,Dehradun,Uttarakhand,Regular,2026-05-05
11139,Rohit Malhotra,user11139@example.com,9487635236,54,Male,Jaipur,Rajasthan,Regular,2025-01-13
11140,Abhishek Agarwal,user11140@example.com,9656242617,24,Male,Mumbai,Maharashtra,Premium,2026-07-05
11141,Varun Malhotra,user11141@example.com,9924104196,31,Female,Ahmedabad,Gujarat,Premium,2026-06-10
11142,Varun Chauhan,user11142@example.com,9448348669,23,Male,Chennai,Tamil Nadu,Regular,2025-05-31
11143,Aman Jain,user11143@example.com,9701139528,51,Female,Mumbai,Maharashtra,Regular,2025-10-20
11144,Kavya Verma,user11144@example.com,9125698182,33,Female,Bengaluru,Karnataka,Regular,2026-04-26
11145,Varun Gupta,user11145@example.com,9509470248,54,Male,Noida,Uttar Pradesh,Regular,2026-02-16
11146,Abhishek Shah,user11146@example.com,9738409683,53,Male,Ahmedabad,Gujarat,New,2025-03-06
11147,Arjun Singh,user11147@example.com,9301627657,23,Male,Chandigarh,Chandigarh,New,2026-04-18
11148,Isha Shah,user11148@example.com,9613808829,25,Female,Pune,Maharashtra,Regular,2026-01-02
11149,Karan Jain,user11149@example.com,9278191257,41,Male,Chennai,Tamil Nadu,Regular,2025-01-14
11150,Varun Joshi,user11150@example.com,9816008259,20,Female,Chandigarh,Chandigarh,New,2026-06-04
11151,Aditya Verma,user11151@example.com,9527310309,21,Female,Dehradun,Uttarakhand,Regular,2025-11-26
11152,Aditi Bansal,user11152@example.com,9412512023,49,Female,Bhopal,Madhya Pradesh,Regular,2025-03-22
11153,Varun Mehta,user11153@example.com,9412518733,18,Female,Noida,Uttar Pradesh,Premium,2025-05-15
11154,Sahil Malhotra,user11154@example.com,9524209832,51,Female,Kolkata,West Bengal,Premium,2025-09-21
11155,Vikas Yadav,user11155@example.com,9853576128,26,Male,Delhi,Delhi,Regular,2025-10-04
11156,Vivaan Sharma,user11156@example.com,9812606096,29,Male,Kanpur,Uttar Pradesh,Premium,2026-05-21
11157,Sneha Shah,user11157@example.com,9477383020,27,Male,Lucknow,Uttar Pradesh,Regular,2025-10-20
11158,Karan Patel,user11158@example.com,9337861655,27,Female,Kanpur,Uttar Pradesh,Regular,2026-06-01
11159,Simran Singh,user11159@example.com,9886323354,40,Female,Kolkata,West Bengal,Premium,2025-11-29
11160,Aditi Malhotra,user11160@example.com,9853957126,23,Female,Bengaluru,Karnataka,Regular,2026-06-22
11161,Yash Jain,user11161@example.com,9445827656,41,Female,Kolkata,West Bengal,Regular,2026-06-06
11162,Akash Mishra,user11162@example.com,9639902314,41,Male,Lucknow,Uttar Pradesh,New,2025-10-14
11163,Sahil Gupta,user11163@example.com,9506089570,38,Male,Dehradun,Uttarakhand,New,2025-04-12
11164,Aarav Gupta,user11164@example.com,9133750393,59,Male,Pune,Maharashtra,Regular,2025-12-25
11165,Vivaan Shah,user11165@example.com,9275509259,48,Male,Bengaluru,Karnataka,Premium,2026-01-01
11166,Aditi Jain,user11166@example.com,9229912148,58,Female,Gurugram,Haryana,Regular,2026-02-15
11167,Varun Kumar,user11167@example.com,9170854914,47,Male,Noida,Uttar Pradesh,Premium,2025-04-04
11168,Mohit Kapoor,user11168@example.com,9976541262,51,Female,Patna,Bihar,Premium,2025-08-20
11169,Rohit Chauhan,user11169@example.com,9153837908,35,Female,Jaipur,Rajasthan,New,2026-01-04
11170,Pooja Verma,user11170@example.com,9143447817,29,Male,Delhi,Delhi,Regular,2025-03-28
11171,Simran Agarwal,user11171@example.com,9129263648,52,Male,Lucknow,Uttar Pradesh,Regular,2025-01-09
11172,Vivaan Chauhan,user11172@example.com,9924225581,24,Male,Patna,Bihar,Regular,2026-08-07
11173,Abhishek Gupta,user11173@example.com,9942939962,58,Male,Surat,Gujarat,New,2025-03-19
11174,Ananya Srivastava,user11174@example.com,9229229107,57,Female,Kanpur,Uttar Pradesh,Premium,2025-10-24
11175,Rohan Malhotra,user11175@example.com,9936612357,42,Male,Gurugram,Haryana,Regular,2025-01-31
11176,Simran Malhotra,user11176@example.com,9449284225,23,Female,Surat,Gujarat,Regular,2025-01-12
11177,Isha Malhotra,user11177@example.com,9441949212,18,Female,Kolkata,West Bengal,Regular,2025-11-10
11178,Simran Srivastava,user11178@example.com,9594117494,33,Male,Dehradun,Uttarakhand,New,2026-03-12
11179,Pooja Sinha,user11179@example.com,9506082215,21,Female,Chandigarh,Chandigarh,Regular,2025-01-09
11180,Aman Yadav,user11180@example.com,9530404448,46,Female,Kolkata,West Bengal,Premium,2025-01-02
11181,Rohit Mehta,user11181@example.com,9483868604,55,Female,Noida,Uttar Pradesh,Premium,2026-07-12
11182,Karan Bansal,user11182@example.com,9846085827,45,Male,Hyderabad,Telangana,Regular,2025-11-10
11183,Kavya Singh,user11183@example.com,9891256314,39,Male,Noida,Uttar Pradesh,Regular,2025-10-11
11184,Ananya Agarwal,user11184@example.com,9133327427,25,Male,Hyderabad,Telangana,Regular,2026-01-14
11185,Vivaan Sharma,user11185@example.com,9615087260,49,Male,Hyderabad,Telangana,Regular,2026-03-15
11186,Akash Gupta,user11186@example.com,9954611645,50,Female,Bengaluru,Karnataka,New,2026-03-15
11187,Rahul Malhotra,user11187@example.com,9928077883,30,Female,Dehradun,Uttarakhand,Regular,2025-08-22
11188,Rohit Sharma,user11188@example.com,9443465595,44,Female,Delhi,Delhi,Regular,2025-05-17
11189,Pooja Yadav,user11189@example.com,9647073619,35,Male,Kolkata,West Bengal,New,2025-03-03
11190,Sneha Tiwari,user11190@example.com,9349830696,35,Male,Bengaluru,Karnataka,New,2025-12-17
11191,Aditi Tiwari,user11191@example.com,9660968940,30,Female,Chennai,Tamil Nadu,New,2025-03-31
11192,Simran Mishra,user11192@example.com,9389902808,39,Male,Pune,Maharashtra,Regular,2025-05-11
11193,Yash Singh,user11193@example.com,9679116864,31,Male,Gurugram,Haryana,Regular,2025-05-04
11194,Priya Tiwari,user11194@example.com,9133432821,28,Male,Gurugram,Haryana,New,2026-03-08
11195,Simran Srivastava,user11195@example.com,9688009919,56,Male,Indore,Madhya Pradesh,New,2025-11-01
11196,Priya Yadav,user11196@example.com,9856908350,39,Female,Jaipur,Rajasthan,Premium,2025-05-02
11197,Ananya Tiwari,user11197@example.com,9874912993,53,Male,Ahmedabad,Gujarat,New,2026-02-18
11198,Aditya Mishra,user11198@example.com,9453385903,34,Female,Ahmedabad,Gujarat,Regular,2026-03-20
11199,Rahul Bansal,user11199@example.com,9701148819,49,Female,Kanpur,Uttar Pradesh,Premium,2026-01-18
11200,Nikhil Mehta,user11200@example.com,9747362421,31,Male,Mumbai,Maharashtra,Regular,2025-07-26
11201,Abhishek Mehta,user11201@example.com,9253761828,59,Female,Noida,Uttar Pradesh,Regular,2026-05-29
11202,Neha Shah,user11202@example.com,9524656447,46,Male,Ahmedabad,Gujarat,Regular,2025-04-05
11203,Akash Kumar,user11203@example.com,9298666970,23,Female,Kanpur,Uttar Pradesh,New,2025-06-30
11204,Ankit Yadav,user11204@example.com,9602971733,21,Male,Jaipur,Rajasthan,Regular,2026-03-07
11205,Akash Sharma,user11205@example.com,9293309682,28,Female,Ahmedabad,Gujarat,Regular,2025-11-04
11206,Nikhil Agarwal,user11206@example.com,9311942788,57,Male,Dehradun,Uttarakhand,New,2026-07-17
11207,Neha Kapoor,user11207@example.com,9932865858,27,Female,Dehradun,Uttarakhand,Regular,2025-10-01
11208,Isha Tiwari,user11208@example.com,9671525328,45,Female,Chennai,Tamil Nadu,Premium,2026-01-23
11209,Vivaan Singh,user11209@example.com,9332760151,28,Male,Dehradun,Uttarakhand,New,2026-02-25
11210,Arjun Mehta,user11210@example.com,9450641303,52,Female,Patna,Bihar,Regular,2026-03-02
11211,Priya Srivastava,user11211@example.com,9981998722,32,Male,Ahmedabad,Gujarat,Regular,2025-12-14
11212,Rohan Sharma,user11212@example.com,9727187052,25,Male,Ranchi,Jharkhand,Regular,2025-02-06
11213,Vivaan Jain,user11213@example.com,9819297734,37,Female,Kanpur,Uttar Pradesh,Regular,2026-04-21
11214,Aditi Mehta,user11214@example.com,9807037784,38,Female,Bengaluru,Karnataka,Regular,2026-06-28
11215,Aman Kapoor,user11215@example.com,9134675447,18,Male,Dehradun,Uttarakhand,Regular,2025-09-12
11216,Akash Malhotra,user11216@example.com,9176040002,46,Male,Jaipur,Rajasthan,New,2026-02-17
11217,Rohan Chauhan,user11217@example.com,9715171150,41,Female,Ranchi,Jharkhand,Regular,2026-05-16
11218,Pooja Singh,user11218@example.com,9580064988,47,Female,Mumbai,Maharashtra,Regular,2026-04-17
11219,Rahul Sharma,user11219@example.com,9427977393,57,Male,Bengaluru,Karnataka,Regular,2025-07-21
11220,Rahul Joshi,user11220@example.com,9848521244,52,Male,Indore,Madhya Pradesh,Premium,2025-08-04
11221,Yash Malhotra,user11221@example.com,9174281801,50,Female,Ahmedabad,Gujarat,Regular,2025-01-01
11222,Nikhil Sharma,user11222@example.com,9623479071,37,Female,Patna,Bihar,Regular,2025-09-01
11223,Neeraj Gupta,user11223@example.com,9218312022,33,Female,Hyderabad,Telangana,Regular,2026-06-21
11224,Vikas Gupta,user11224@example.com,9207249190,26,Male,Chandigarh,Chandigarh,New,2025-07-07
11225,Rahul Sinha,user11225@example.com,9196135560,48,Female,Patna,Bihar,Regular,2025-02-28
11226,Karan Sinha,user11226@example.com,9742125412,34,Female,Chennai,Tamil Nadu,Regular,2025-03-07
11227,Vikas Yadav,user11227@example.com,9876363251,48,Male,Ranchi,Jharkhand,Premium,2026-03-02
11228,Rahul Singh,user11228@example.com,9736152717,40,Male,Pune,Maharashtra,Regular,2025-12-29
11229,Himanshu Mishra,user11229@example.com,9532475715,23,Female,Dehradun,Uttarakhand,Premium,2025-04-14
11230,Pooja Joshi,user11230@example.com,9590875071,47,Male,Pune,Maharashtra,Regular,2025-09-18
11231,Vivaan Kapoor,user11231@example.com,9846006419,24,Female,Bhopal,Madhya Pradesh,New,2026-04-12
11232,Vikas Srivastava,user11232@example.com,9345457165,57,Female,Patna,Bihar,New,2025-10-14
11233,Ankit Singh,user11233@example.com,9766098401,59,Female,Pune,Maharashtra,New,2025-11-14
11234,Arjun Kapoor,user11234@example.com,9361806156,28,Female,Hyderabad,Telangana,Regular,2026-07-26
11235,Ananya Jain,user11235@example.com,9612561886,51,Male,Kanpur,Uttar Pradesh,New,2026-02-10
11236,Ananya Malhotra,user11236@example.com,9712462560,29,Male,Ranchi,Jharkhand,Regular,2026-06-12
11237,Ananya Sinha,user11237@example.com,9343604646,44,Female,Bengaluru,Karnataka,Premium,2026-06-18
11238,Vivaan Sinha,user11238@example.com,9448698907,29,Male,Indore,Madhya Pradesh,Regular,2025-07-03
11239,Isha Agarwal,user11239@example.com,9397455295,30,Male,Indore,Madhya Pradesh,Regular,2026-02-15
11240,Simran Chauhan,user11240@example.com,9646055256,25,Male,Surat,Gujarat,New,2025-01-07
11241,Aman Gupta,user11241@example.com,9711826207,33,Male,Pune,Maharashtra,Regular,2026-02-09
11242,Kavya Kumar,user11242@example.com,9470950792,46,Female,Gurugram,Haryana,New,2026-02-01
11243,Rohit Verma,user11243@example.com,9225920411,52,Male,Indore,Madhya Pradesh,Premium,2025-05-04
11244,Aarav Malhotra,user11244@example.com,9839096825,46,Male,Chennai,Tamil Nadu,New,2025-07-27
11245,Abhishek Malhotra,user11245@example.com,9879151454,48,Female,Pune,Maharashtra,Regular,2025-04-04
11246,Rohan Kapoor,user11246@example.com,9237953296,30,Female,Dehradun,Uttarakhand,Regular,2025-01-26
11247,Aarav Bansal,user11247@example.com,9887423348,29,Female,Bhopal,Madhya Pradesh,Regular,2026-02-08
11248,Aarav Kapoor,user11248@example.com,9672945366,19,Female,Gurugram,Haryana,Regular,2025-02-25
11249,Aarav Sharma,user11249@example.com,9153516620,50,Female,Ahmedabad,Gujarat,New,2025-10-08
11250,Sneha Yadav,user11250@example.com,9900462646,25,Female,Chandigarh,Chandigarh,Regular,2025-10-25
11251,Arjun Chauhan,user11251@example.com,9722904841,58,Female,Noida,Uttar Pradesh,Regular,2025-05-22
11252,Arjun Verma,user11252@example.com,9523365253,57,Female,Gurugram,Haryana,Regular,2026-06-21
11253,Simran Yadav,user11253@example.com,9562085551,58,Male,Jaipur,Rajasthan,Regular,2026-06-01
11254,Abhishek Kumar,user11254@example.com,9751246794,49,Female,Kolkata,West Bengal,New,2026-06-02
11255,Kavya Chauhan,user11255@example.com,9351645945,55,Male,Bengaluru,Karnataka,Regular,2025-10-15
11256,Ankit Mehta,user11256@example.com,9443414899,45,Male,Ahmedabad,Gujarat,Premium,2025-10-11
11257,Kavya Shah,user11257@example.com,9763207131,32,Male,Pune,Maharashtra,Regular,2026-03-02
11258,Aarav Kapoor,user11258@example.com,9412593576,40,Male,Patna,Bihar,Premium,2025-05-11
11259,Riya Mehta,user11259@example.com,9886305870,41,Female,Dehradun,Uttarakhand,Regular,2025-08-10
11260,Himanshu Yadav,user11260@example.com,9273062459,30,Female,Lucknow,Uttar Pradesh,New,2026-06-26
11261,Vikas Singh,user11261@example.com,9971730892,38,Female,Chandigarh,Chandigarh,New,2025-11-22
11262,Isha Mehta,user11262@example.com,9884531827,29,Female,Indore,Madhya Pradesh,Regular,2025-08-28
11263,Arjun Yadav,user11263@example.com,9774917111,30,Male,Delhi,Delhi,Regular,2026-04-05
11264,Riya Jain,user11264@example.com,9571882604,56,Female,Ranchi,Jharkhand,Regular,2026-06-06
11265,Aman Verma,user11265@example.com,9244122011,40,Male,Chandigarh,Chandigarh,Regular,2026-01-30
11266,Aditi Chauhan,user11266@example.com,9376925029,60,Female,Chennai,Tamil Nadu,Premium,2025-04-18
11267,Nikhil Kumar,user11267@example.com,9422493452,45,Male,Ahmedabad,Gujarat,Regular,2025-02-23
11268,Vivaan Kapoor,user11268@example.com,9438860539,31,Male,Noida,Uttar Pradesh,Regular,2025-08-25
11269,Isha Yadav,user11269@example.com,9594625232,34,Female,Gurugram,Haryana,New,2026-02-11
11270,Abhishek Sinha,user11270@example.com,9544175118,41,Female,Chennai,Tamil Nadu,Regular,2025-01-12
11271,Himanshu Chauhan,user11271@example.com,9820745251,51,Female,Noida,Uttar Pradesh,Premium,2025-11-02
11272,Sneha Patel,user11272@example.com,9697528795,39,Female,Chandigarh,Chandigarh,New,2025-10-14
11273,Sneha Gupta,user11273@example.com,9156055822,27,Male,Chandigarh,Chandigarh,Premium,2025-12-23
11274,Akash Kapoor,user11274@example.com,9347572205,25,Female,Indore,Madhya Pradesh,Premium,2026-02-07
11275,Sahil Bansal,user11275@example.com,9404947316,38,Female,Gurugram,Haryana,Regular,2026-01-06
11276,Sneha Jain,user11276@example.com,9429685322,54,Male,Pune,Maharashtra,Regular,2026-03-17
11277,Abhishek Verma,user11277@example.com,9281266487,24,Male,Bhopal,Madhya Pradesh,New,2026-06-21
11278,Ananya Joshi,user11278@example.com,9810968670,43,Male,Surat,Gujarat,New,2025-10-20
11279,Sahil Patel,user11279@example.com,9697798019,30,Female,Dehradun,Uttarakhand,New,2025-05-13
11280,Akash Verma,user11280@example.com,9755980514,33,Male,Ahmedabad,Gujarat,Regular,2026-08-04
11281,Rahul Agarwal,user11281@example.com,9854195681,47,Male,Ranchi,Jharkhand,New,2026-08-04
11282,Ankit Sharma,user11282@example.com,9501281331,48,Male,Ahmedabad,Gujarat,Regular,2026-08-10
11283,Rohan Singh,user11283@example.com,9748122249,22,Male,Patna,Bihar,Regular,2025-12-30
11284,Simran Patel,user11284@example.com,9416043485,49,Female,Chennai,Tamil Nadu,New,2025-05-01
11285,Himanshu Jain,user11285@example.com,9147719596,33,Female,Pune,Maharashtra,Regular,2026-03-13
11286,Akash Singh,user11286@example.com,9929934931,26,Male,Surat,Gujarat,Premium,2025-02-28
11287,Varun Jain,user11287@example.com,9917401652,39,Male,Jaipur,Rajasthan,Regular,2025-09-01
11288,Abhishek Kumar,user11288@example.com,9913784220,57,Male,Delhi,Delhi,Regular,2025-04-25
11289,Isha Sharma,user11289@example.com,9287588758,54,Female,Dehradun,Uttarakhand,Regular,2025-07-11
11290,Ananya Agarwal,user11290@example.com,9811691441,31,Male,Gurugram,Haryana,Regular,2025-09-03
11291,Neeraj Sinha,user11291@example.com,9309909268,33,Male,Chandigarh,Chandigarh,Premium,2025-08-01
11292,Aditi Bansal,user11292@example.com,9258728303,60,Female,Bhopal,Madhya Pradesh,New,2026-01-21
11293,Neha Kumar,user11293@example.com,9686793642,37,Male,Indore,Madhya Pradesh,Premium,2026-07-28
11294,Vivaan Bansal,user11294@example.com,9297674121,32,Female,Lucknow,Uttar Pradesh,Regular,2025-08-23
11295,Neha Joshi,user11295@example.com,9519339496,43,Male,Indore,Madhya Pradesh,Premium,2025-08-31
11296,Arjun Chauhan,user11296@example.com,9301984331,26,Female,Jaipur,Rajasthan,New,2026-05-30
11297,Aditya Srivastava,user11297@example.com,9329094268,18,Male,Ranchi,Jharkhand,Premium,2025-02-01
11298,Rohan Chauhan,user11298@example.com,9738230688,52,Male,Delhi,Delhi,Premium,2025-02-09
11299,Sneha Yadav,user11299@example.com,9579479185,37,Male,Bhopal,Madhya Pradesh,New,2026-08-03
11300,Abhishek Malhotra,user11300@example.com,9189050701,23,Female,Patna,Bihar,Premium,2025-05-16
11301,Himanshu Mehta,user11301@example.com,9995951125,59,Female,Hyderabad,Telangana,New,2026-03-07
11302,Rohan Mishra,user11302@example.com,9946079508,27,Male,Patna,Bihar,New,2026-06-27
11303,Karan Shah,user11303@example.com,9350633088,50,Female,Dehradun,Uttarakhand,Regular,2026-01-05
11304,Aman Bansal,user11304@example.com,9677658218,33,Female,Lucknow,Uttar Pradesh,Premium,2025-04-04
11305,Ananya Kapoor,user11305@example.com,9417420915,53,Female,Ahmedabad,Gujarat,Regular,2025-10-25
11306,Neha Malhotra,user11306@example.com,9856918139,23,Female,Jaipur,Rajasthan,Regular,2026-05-25
11307,Aarav Srivastava,user11307@example.com,9160502670,36,Male,Jaipur,Rajasthan,Regular,2026-03-10
11308,Arjun Sharma,user11308@example.com,9490482979,48,Female,Kolkata,West Bengal,Premium,2026-01-06
11309,Rohit Chauhan,user11309@example.com,9656974382,19,Male,Mumbai,Maharashtra,Regular,2026-01-24
11310,Akash Gupta,user11310@example.com,9286978741,35,Male,Pune,Maharashtra,New,2025-05-19
11311,Yash Tiwari,user11311@example.com,9552119253,59,Male,Bhopal,Madhya Pradesh,Regular,2026-07-14
11312,Abhishek Agarwal,user11312@example.com,9488848671,45,Female,Kolkata,West Bengal,New,2025-12-10
11313,Ankit Kapoor,user11313@example.com,9569274809,21,Female,Chandigarh,Chandigarh,Regular,2025-01-07
11314,Simran Gupta,user11314@example.com,9672812461,18,Female,Noida,Uttar Pradesh,New,2025-10-16
11315,Priya Mishra,user11315@example.com,9954423093,59,Female,Pune,Maharashtra,New,2025-05-23
11316,Neha Sinha,user11316@example.com,9788886432,33,Female,Surat,Gujarat,Premium,2025-10-08
11317,Rohit Tiwari,user11317@example.com,9484713704,19,Male,Lucknow,Uttar Pradesh,Regular,2025-09-01
11318,Vikas Malhotra,user11318@example.com,9111955962,53,Male,Bengaluru,Karnataka,Regular,2026-05-13
11319,Kavya Malhotra,user11319@example.com,9466030758,18,Male,Surat,Gujarat,Regular,2025-05-12
11320,Varun Agarwal,user11320@example.com,9620550678,56,Male,Kanpur,Uttar Pradesh,New,2026-03-21
11321,Mohit Verma,user11321@example.com,9280581034,40,Male,Chandigarh,Chandigarh,Regular,2025-02-09
11322,Himanshu Kumar,user11322@example.com,9115189686,43,Male,Bhopal,Madhya Pradesh,Regular,2026-01-06
11323,Neeraj Yadav,user11323@example.com,9521927937,28,Female,Chennai,Tamil Nadu,Premium,2025-09-07
11324,Sneha Singh,user11324@example.com,9877952449,59,Female,Kolkata,West Bengal,Regular,2026-03-06
11325,Neeraj Patel,user11325@example.com,9550198693,18,Female,Noida,Uttar Pradesh,Regular,2026-01-25
11326,Aman Srivastava,user11326@example.com,9578678774,28,Female,Hyderabad,Telangana,Regular,2025-03-18
11327,Yash Yadav,user11327@example.com,9665107698,41,Male,Dehradun,Uttarakhand,Regular,2026-04-21
11328,Sneha Mishra,user11328@example.com,9731067548,27,Female,Gurugram,Haryana,Regular,2026-06-20
11329,Kavya Sinha,user11329@example.com,9847793517,31,Male,Mumbai,Maharashtra,Premium,2026-01-16
11330,Aman Kapoor,user11330@example.com,9648469115,31,Male,Jaipur,Rajasthan,Regular,2026-07-02
11331,Karan Sinha,user11331@example.com,9650406978,24,Female,Jaipur,Rajasthan,Regular,2025-02-03
11332,Aarav Malhotra,user11332@example.com,9639657190,40,Male,Patna,Bihar,Regular,2025-06-18
11333,Ananya Sharma,user11333@example.com,9331685702,60,Male,Dehradun,Uttarakhand,Regular,2026-06-19
11334,Akash Kapoor,user11334@example.com,9705847203,39,Male,Hyderabad,Telangana,New,2025-04-12
11335,Akash Sharma,user11335@example.com,9314712604,53,Female,Gurugram,Haryana,Regular,2025-07-07
11336,Sneha Singh,user11336@example.com,9999039094,44,Female,Surat,Gujarat,New,2025-08-14
11337,Varun Agarwal,user11337@example.com,9897991332,19,Male,Dehradun,Uttarakhand,New,2025-12-20
11338,Rohan Tiwari,user11338@example.com,9549103984,56,Female,Chennai,Tamil Nadu,New,2026-02-26
11339,Neeraj Joshi,user11339@example.com,9758115577,36,Male,Gurugram,Haryana,New,2026-03-27
11340,Ananya Jain,user11340@example.com,9898238947,24,Male,Indore,Madhya Pradesh,Premium,2026-02-02
11341,Pooja Tiwari,user11341@example.com,9996452054,29,Male,Indore,Madhya Pradesh,Premium,2025-12-22
11342,Isha Kumar,user11342@example.com,9176787500,20,Female,Dehradun,Uttarakhand,Regular,2026-04-24
11343,Riya Kumar,user11343@example.com,9131085071,22,Male,Gurugram,Haryana,Regular,2025-09-14
11344,Aditya Patel,user11344@example.com,9332026142,25,Male,Gurugram,Haryana,New,2026-01-20
11345,Aditi Sharma,user11345@example.com,9398414241,31,Male,Mumbai,Maharashtra,Premium,2025-01-19
11346,Aditi Chauhan,user11346@example.com,9402305984,53,Male,Chandigarh,Chandigarh,Regular,2025-08-11
11347,Simran Gupta,user11347@example.com,9606389201,24,Female,Patna,Bihar,New,2026-08-07
11348,Ananya Jain,user11348@example.com,9127821433,24,Male,Hyderabad,Telangana,New,2026-04-08
11349,Ankit Agarwal,user11349@example.com,9472261309,49,Male,Lucknow,Uttar Pradesh,Regular,2026-08-24
11350,Yash Malhotra,user11350@example.com,9574933991,25,Male,Bhopal,Madhya Pradesh,New,2026-03-13
11351,Aditi Srivastava,user11351@example.com,9110490282,29,Female,Jaipur,Rajasthan,Regular,2026-05-23
11352,Simran Patel,user11352@example.com,9479408055,27,Female,Noida,Uttar Pradesh,New,2026-05-31
11353,Neeraj Gupta,user11353@example.com,9428632823,31,Male,Kolkata,West Bengal,New,2026-04-21
11354,Vikas Gupta,user11354@example.com,9338409230,26,Male,Hyderabad,Telangana,New,2026-05-15
11355,Himanshu Bansal,user11355@example.com,9915910704,55,Male,Gurugram,Haryana,Premium,2025-04-30
11356,Vivaan Patel,user11356@example.com,9959280080,47,Male,Hyderabad,Telangana,New,2025-06-01
11357,Aarav Tiwari,user11357@example.com,9509106185,22,Female,Gurugram,Haryana,New,2026-07-27
11358,Aditi Mishra,user11358@example.com,9459407123,18,Female,Noida,Uttar Pradesh,Regular,2025-06-05
11359,Nikhil Shah,user11359@example.com,9612821829,18,Female,Ahmedabad,Gujarat,Premium,2025-07-31
11360,Abhishek Kapoor,user11360@example.com,9749502215,37,Male,Chennai,Tamil Nadu,Regular,2026-06-13
11361,Isha Bansal,user11361@example.com,9242157740,28,Female,Hyderabad,Telangana,Premium,2025-09-14
11362,Neha Sharma,user11362@example.com,9641606945,43,Female,Patna,Bihar,Regular,2026-01-05
11363,Akash Gupta,user11363@example.com,9529946876,20,Female,Bengaluru,Karnataka,New,2025-11-22
11364,Aman Verma,user11364@example.com,9714003423,23,Female,Jaipur,Rajasthan,Regular,2025-07-04
11365,Rohit Sharma,user11365@example.com,9535675893,60,Female,Kolkata,West Bengal,Regular,2025-07-30
11366,Isha Mishra,user11366@example.com,9541712105,28,Male,Noida,Uttar Pradesh,Regular,2026-01-26
11367,Pooja Mehta,user11367@example.com,9771106819,25,Male,Patna,Bihar,Regular,2025-09-06
11368,Varun Mehta,user11368@example.com,9724191083,46,Female,Mumbai,Maharashtra,New,2025-08-07
11369,Rohit Bansal,user11369@example.com,9127366129,27,Male,Bengaluru,Karnataka,Regular,2026-04-19
11370,Sneha Shah,user11370@example.com,9300949158,51,Female,Jaipur,Rajasthan,Regular,2025-12-22
11371,Ananya Verma,user11371@example.com,9504176339,41,Female,Ranchi,Jharkhand,Regular,2025-05-16
11372,Aditya Mishra,user11372@example.com,9993986007,34,Female,Indore,Madhya Pradesh,Regular,2025-08-10
11373,Sneha Mishra,user11373@example.com,9482570550,49,Male,Mumbai,Maharashtra,Regular,2026-07-24
11374,Isha Agarwal,user11374@example.com,9455445785,28,Male,Jaipur,Rajasthan,New,2025-08-13
11375,Neeraj Tiwari,user11375@example.com,9967706136,51,Male,Ranchi,Jharkhand,Regular,2025-11-17
11376,Pooja Patel,user11376@example.com,9621886499,41,Female,Chandigarh,Chandigarh,Regular,2025-01-04
11377,Mohit Tiwari,user11377@example.com,9537950790,22,Female,Jaipur,Rajasthan,New,2025-03-01
11378,Vivaan Mehta,user11378@example.com,9357995721,46,Female,Chandigarh,Chandigarh,Premium,2025-07-07
11379,Aditya Patel,user11379@example.com,9413784505,51,Male,Dehradun,Uttarakhand,Regular,2026-03-14
11380,Abhishek Singh,user11380@example.com,9961671040,33,Female,Indore,Madhya Pradesh,Regular,2026-07-15
11381,Simran Chauhan,user11381@example.com,9321605747,42,Female,Bengaluru,Karnataka,New,2026-01-06
11382,Aarav Joshi,user11382@example.com,9846893745,54,Male,Chandigarh,Chandigarh,Regular,2025-12-01
11383,Yash Bansal,user11383@example.com,9584474776,25,Female,Kanpur,Uttar Pradesh,New,2025-05-19
11384,Priya Singh,user11384@example.com,9139563471,46,Female,Gurugram,Haryana,Regular,2026-08-19
11385,Simran Kumar,user11385@example.com,9284692868,42,Female,Bengaluru,Karnataka,Regular,2025-04-30
11386,Aman Srivastava,user11386@example.com,9937735762,59,Female,Noida,Uttar Pradesh,Regular,2026-08-08
11387,Rahul Sharma,user11387@example.com,9622982595,40,Male,Bengaluru,Karnataka,New,2025-03-05
11388,Aarav Tiwari,user11388@example.com,9307033605,51,Female,Chandigarh,Chandigarh,Regular,2025-11-27
11389,Neeraj Gupta,user11389@example.com,9594740761,20,Female,Chandigarh,Chandigarh,Regular,2026-05-25
11390,Aarav Shah,user11390@example.com,9972640880,47,Female,Delhi,Delhi,Regular,2025-08-17
11391,Kavya Sinha,user11391@example.com,9384806246,51,Female,Mumbai,Maharashtra,Regular,2025-07-04
11392,Priya Jain,user11392@example.com,9874340215,49,Female,Kanpur,Uttar Pradesh,Regular,2026-04-25
11393,Priya Tiwari,user11393@example.com,9495017224,46,Male,Ranchi,Jharkhand,Regular,2025-08-04
11394,Nikhil Malhotra,user11394@example.com,9367316780,26,Female,Bengaluru,Karnataka,Regular,2025-11-10
11395,Mohit Tiwari,user11395@example.com,9869352461,19,Male,Delhi,Delhi,Regular,2025-02-22
11396,Kavya Mehta,user11396@example.com,9147503983,56,Male,Ranchi,Jharkhand,Regular,2025-09-01
11397,Simran Verma,user11397@example.com,9559227702,24,Male,Hyderabad,Telangana,Regular,2025-09-11
11398,Ananya Srivastava,user11398@example.com,9205594248,22,Female,Chandigarh,Chandigarh,Regular,2025-03-16
11399,Karan Malhotra,user11399@example.com,9378368782,25,Female,Kolkata,West Bengal,Regular,2025-06-11
11400,Neha Kapoor,user11400@example.com,9576442801,49,Male,Chandigarh,Chandigarh,New,2025-07-13
11401,Nikhil Chauhan,user11401@example.com,9476480382,35,Male,Chennai,Tamil Nadu,Regular,2025-05-06
11402,Riya Bansal,user11402@example.com,9407719796,55,Female,Lucknow,Uttar Pradesh,New,2025-01-12
11403,Aarav Mishra,user11403@example.com,9625226055,35,Female,Mumbai,Maharashtra,Regular,2025-09-14
11404,Arjun Malhotra,user11404@example.com,9387271263,58,Female,Pune,Maharashtra,Regular,2026-04-13
11405,Himanshu Singh,user11405@example.com,9523430766,33,Male,Jaipur,Rajasthan,Regular,2025-09-11
11406,Ankit Jain,user11406@example.com,9467338644,38,Male,Kolkata,West Bengal,Regular,2025-04-09
11407,Akash Agarwal,user11407@example.com,9804669368,27,Male,Chandigarh,Chandigarh,New,2026-05-31
11408,Pooja Jain,user11408@example.com,9475349352,59,Male,Kanpur,Uttar Pradesh,Premium,2025-06-28
11409,Kavya Mishra,user11409@example.com,9115877778,21,Male,Chennai,Tamil Nadu,Regular,2025-02-24
11410,Isha Srivastava,user11410@example.com,9627593692,25,Male,Chennai,Tamil Nadu,Regular,2026-02-08
11411,Rohan Yadav,user11411@example.com,9614402105,36,Male,Kolkata,West Bengal,Regular,2026-03-21
11412,Mohit Kapoor,user11412@example.com,9463537246,57,Male,Pune,Maharashtra,Regular,2025-05-12
11413,Priya Mehta,user11413@example.com,9881790581,57,Female,Indore,Madhya Pradesh,Regular,2026-05-16
11414,Rohan Gupta,user11414@example.com,9299698949,26,Male,Lucknow,Uttar Pradesh,Regular,2026-07-09
11415,Mohit Verma,user11415@example.com,9350674435,47,Male,Noida,Uttar Pradesh,Premium,2026-07-28
11416,Varun Agarwal,user11416@example.com,9576553514,34,Female,Bhopal,Madhya Pradesh,Regular,2026-03-21
11417,Vivaan Chauhan,user11417@example.com,9157568092,57,Female,Chandigarh,Chandigarh,New,2026-01-03
11418,Rohit Malhotra,user11418@example.com,9502468905,32,Female,Ahmedabad,Gujarat,Regular,2025-09-23
11419,Sahil Yadav,user11419@example.com,9116876290,21,Female,Pune,Maharashtra,Regular,2025-11-23
11420,Arjun Jain,user11420@example.com,9503176320,23,Female,Noida,Uttar Pradesh,Regular,2025-03-07
11421,Rohit Mehta,user11421@example.com,9908084918,33,Female,Chandigarh,Chandigarh,Regular,2025-04-12
11422,Rohit Mehta,user11422@example.com,9530477070,43,Female,Bhopal,Madhya Pradesh,Premium,2025-05-18
11423,Nikhil Chauhan,user11423@example.com,9692743470,54,Female,Dehradun,Uttarakhand,Regular,2025-04-16
11424,Rohan Agarwal,user11424@example.com,9118794580,40,Male,Hyderabad,Telangana,New,2025-12-19
11425,Neeraj Patel,user11425@example.com,9350750637,30,Male,Dehradun,Uttarakhand,Regular,2026-05-15
11426,Vivaan Kumar,user11426@example.com,9211991865,34,Female,Bengaluru,Karnataka,New,2025-11-13
11427,Himanshu Patel,user11427@example.com,9188163294,44,Male,Noida,Uttar Pradesh,New,2025-04-08
11428,Abhishek Agarwal,user11428@example.com,9931701702,39,Female,Chandigarh,Chandigarh,Regular,2025-12-29
11429,Simran Bansal,user11429@example.com,9473806327,54,Male,Gurugram,Haryana,Regular,2026-03-21
11430,Akash Bansal,user11430@example.com,9599627218,36,Male,Ranchi,Jharkhand,Regular,2026-02-19
11431,Rahul Singh,user11431@example.com,9257450278,56,Female,Mumbai,Maharashtra,Regular,2026-08-07
11432,Mohit Jain,user11432@example.com,9257959419,52,Male,Kanpur,Uttar Pradesh,Regular,2025-05-15
11433,Aman Mishra,user11433@example.com,9235249538,30,Female,Pune,Maharashtra,Premium,2025-10-13
11434,Ananya Bansal,user11434@example.com,9762854557,31,Female,Chennai,Tamil Nadu,New,2025-06-02
11435,Vikas Yadav,user11435@example.com,9751065122,48,Female,Hyderabad,Telangana,Regular,2025-02-08
11436,Yash Mehta,user11436@example.com,9648868857,19,Male,Noida,Uttar Pradesh,Regular,2025-03-05
11437,Aarav Mishra,user11437@example.com,9732045496,56,Female,Patna,Bihar,Regular,2025-11-03
11438,Ananya Jain,user11438@example.com,9950134428,54,Female,Jaipur,Rajasthan,New,2026-01-18
11439,Varun Yadav,user11439@example.com,9819088561,31,Female,Lucknow,Uttar Pradesh,Regular,2025-02-27
11440,Priya Tiwari,user11440@example.com,9408733373,26,Female,Surat,Gujarat,Regular,2025-09-11
11441,Neha Shah,user11441@example.com,9872393011,27,Female,Lucknow,Uttar Pradesh,Regular,2026-02-06
11442,Aman Verma,user11442@example.com,9338641525,24,Female,Indore,Madhya Pradesh,Regular,2026-08-01
11443,Neeraj Srivastava,user11443@example.com,9362086157,45,Female,Lucknow,Uttar Pradesh,Regular,2025-04-05
11444,Abhishek Sinha,user11444@example.com,9568029595,42,Male,Dehradun,Uttarakhand,New,2025-02-01
11445,Aman Bansal,user11445@example.com,9106999993,45,Male,Ahmedabad,Gujarat,Regular,2025-01-06
11446,Sahil Chauhan,user11446@example.com,9103143197,19,Male,Dehradun,Uttarakhand,Premium,2025-10-26
11447,Aarav Joshi,user11447@example.com,9200017241,34,Male,Chennai,Tamil Nadu,New,2025-03-15
11448,Isha Singh,user11448@example.com,9720789638,21,Female,Delhi,Delhi,Premium,2025-07-02
11449,Isha Joshi,user11449@example.com,9552946598,30,Male,Indore,Madhya Pradesh,Regular,2025-01-21
11450,Neha Kumar,user11450@example.com,9699379106,35,Female,Indore,Madhya Pradesh,Premium,2025-04-17
11451,Sahil Kumar,user11451@example.com,9143246833,20,Male,Bhopal,Madhya Pradesh,New,2025-09-18
11452,Rohan Mehta,user11452@example.com,9803372782,54,Male,Patna,Bihar,New,2025-12-30
11453,Varun Shah,user11453@example.com,9805236019,50,Male,Ahmedabad,Gujarat,New,2025-02-23
11454,Mohit Tiwari,user11454@example.com,9465544077,58,Male,Lucknow,Uttar Pradesh,Regular,2025-11-22
11455,Kavya Malhotra,user11455@example.com,9291369278,41,Male,Gurugram,Haryana,Regular,2025-01-01
11456,Neha Tiwari,user11456@example.com,9585564924,25,Male,Surat,Gujarat,New,2025-08-05
11457,Aarav Chauhan,user11457@example.com,9247925283,52,Female,Ahmedabad,Gujarat,Regular,2026-06-05
11458,Varun Srivastava,user11458@example.com,9209735002,19,Male,Pune,Maharashtra,New,2025-04-05
11459,Arjun Mehta,user11459@example.com,9867567511,50,Male,Kolkata,West Bengal,New,2025-02-10
11460,Sahil Bansal,user11460@example.com,9221771431,29,Female,Delhi,Delhi,Regular,2025-01-10
11461,Isha Srivastava,user11461@example.com,9743212652,39,Male,Mumbai,Maharashtra,New,2025-05-31
11462,Kavya Gupta,user11462@example.com,9404433301,30,Male,Patna,Bihar,New,2026-02-16
11463,Pooja Chauhan,user11463@example.com,9470052935,27,Male,Patna,Bihar,Regular,2025-05-13
11464,Rahul Chauhan,user11464@example.com,9290360432,34,Male,Kanpur,Uttar Pradesh,Premium,2025-09-03
11465,Simran Shah,user11465@example.com,9365057860,60,Female,Kolkata,West Bengal,Regular,2025-03-01
11466,Vivaan Jain,user11466@example.com,9627406195,22,Male,Noida,Uttar Pradesh,Regular,2026-05-29
11467,Isha Tiwari,user11467@example.com,9138277823,26,Female,Bhopal,Madhya Pradesh,Regular,2026-08-11
11468,Neha Joshi,user11468@example.com,9301810435,30,Female,Noida,Uttar Pradesh,Regular,2025-02-28
11469,Aarav Malhotra,user11469@example.com,9167857994,40,Male,Lucknow,Uttar Pradesh,Regular,2025-10-22
11470,Nikhil Tiwari,user11470@example.com,9164337809,47,Female,Dehradun,Uttarakhand,Regular,2026-01-24
11471,Isha Mishra,user11471@example.com,9748931113,60,Male,Gurugram,Haryana,Regular,2025-09-13
11472,Aman Kumar,user11472@example.com,9661501424,21,Male,Chandigarh,Chandigarh,Regular,2025-01-22
11473,Isha Jain,user11473@example.com,9962019613,38,Male,Hyderabad,Telangana,Regular,2026-01-25
11474,Nikhil Patel,user11474@example.com,9132883013,60,Male,Pune,Maharashtra,Regular,2025-03-03
11475,Rohit Srivastava,user11475@example.com,9770994102,26,Female,Patna,Bihar,Regular,2026-03-19
11476,Simran Joshi,user11476@example.com,9841637044,24,Male,Kolkata,West Bengal,Premium,2026-06-25
11477,Neha Tiwari,user11477@example.com,9679997711,33,Female,Surat,Gujarat,New,2025-04-22
11478,Aditya Agarwal,user11478@example.com,9655114606,40,Female,Noida,Uttar Pradesh,Premium,2025-03-07
11479,Varun Sharma,user11479@example.com,9471399527,40,Male,Patna,Bihar,Regular,2025-06-06
11480,Aditya Kapoor,user11480@example.com,9393411528,48,Female,Bhopal,Madhya Pradesh,New,2025-11-10
11481,Isha Kapoor,user11481@example.com,9958800234,22,Female,Surat,Gujarat,Regular,2025-12-03
11482,Simran Malhotra,user11482@example.com,9335309434,23,Male,Kolkata,West Bengal,Regular,2026-03-21
11483,Vivaan Patel,user11483@example.com,9338958753,18,Male,Gurugram,Haryana,Regular,2026-05-05
11484,Aarav Sharma,user11484@example.com,9973189658,45,Male,Dehradun,Uttarakhand,Regular,2025-06-30
11485,Vikas Kapoor,user11485@example.com,9647803404,35,Male,Ahmedabad,Gujarat,Regular,2025-06-08
11486,Vikas Chauhan,user11486@example.com,9706718435,41,Male,Patna,Bihar,Regular,2025-08-07
11487,Isha Srivastava,user11487@example.com,9266156954,30,Male,Ranchi,Jharkhand,New,2025-08-04
11488,Rohan Chauhan,user11488@example.com,9683576648,50,Female,Jaipur,Rajasthan,Regular,2026-04-12
11489,Aditya Mehta,user11489@example.com,9535688644,27,Female,Surat,Gujarat,Regular,2026-08-09
11490,Neha Kumar,user11490@example.com,9906393074,24,Male,Mumbai,Maharashtra,Regular,2026-08-15
11491,Abhishek Mehta,user11491@example.com,9817689429,54,Male,Kanpur,Uttar Pradesh,Regular,2026-02-27
11492,Ankit Tiwari,user11492@example.com,9651920414,49,Male,Jaipur,Rajasthan,Premium,2026-05-13
11493,Rohan Srivastava,user11493@example.com,9243422722,39,Male,Gurugram,Haryana,Regular,2026-08-24
11494,Vikas Sharma,user11494@example.com,9476814365,33,Male,Delhi,Delhi,Premium,2026-06-24
11495,Aarav Mishra,user11495@example.com,9682898836,41,Female,Mumbai,Maharashtra,New,2025-12-17
11496,Simran Sharma,user11496@example.com,9479729762,31,Male,Patna,Bihar,New,2026-08-21
11497,Rohit Shah,user11497@example.com,9759532165,28,Male,Noida,Uttar Pradesh,Regular,2025-10-09
11498,Yash Jain,user11498@example.com,9553167067,36,Male,Gurugram,Haryana,New,2025-03-27
11499,Aman Malhotra,user11499@example.com,9448062121,40,Female,Dehradun,Uttarakhand,Regular,2025-12-06
11500,Rohan Mehta,user11500@example.com,9986967268,51,Female,Ahmedabad,Gujarat,Regular,2025-10-09
11501,Himanshu Joshi,user11501@example.com,9310302653,57,Male,Indore,Madhya Pradesh,Regular,2026-08-01
11502,Rohan Kumar,user11502@example.com,9582017183,30,Male,Patna,Bihar,Regular,2026-01-18
11503,Neha Sharma,user11503@example.com,9207391842,56,Male,Ahmedabad,Gujarat,Premium,2025-03-02
11504,Vivaan Mishra,user11504@example.com,9253683159,45,Male,Ranchi,Jharkhand,Premium,2025-10-23
11505,Aditi Patel,user11505@example.com,9867957414,57,Female,Bengaluru,Karnataka,New,2026-05-03
11506,Arjun Joshi,user11506@example.com,9406531647,33,Female,Bhopal,Madhya Pradesh,Regular,2025-08-27
11507,Priya Kapoor,user11507@example.com,9344813941,45,Female,Dehradun,Uttarakhand,New,2025-04-04
11508,Aditi Shah,user11508@example.com,9261009565,21,Male,Bengaluru,Karnataka,New,2025-05-11
11509,Riya Singh,user11509@example.com,9737406142,45,Male,Patna,Bihar,Regular,2025-09-14
11510,Akash Tiwari,user11510@example.com,9820706417,29,Female,Bhopal,Madhya Pradesh,Regular,2026-07-13
11511,Aarav Sharma,user11511@example.com,9957099231,33,Male,Indore,Madhya Pradesh,New,2025-11-30
11512,Himanshu Bansal,user11512@example.com,9699759262,53,Female,Surat,Gujarat,Regular,2026-03-14
11513,Neeraj Srivastava,user11513@example.com,9286212950,37,Male,Pune,Maharashtra,Regular,2026-07-25
11514,Varun Yadav,user11514@example.com,9322390311,43,Male,Gurugram,Haryana,New,2026-06-12
11515,Himanshu Sharma,user11515@example.com,9396912032,43,Female,Ahmedabad,Gujarat,Regular,2025-06-09
11516,Neeraj Joshi,user11516@example.com,9203312062,39,Male,Gurugram,Haryana,Premium,2025-08-20
11517,Mohit Sinha,user11517@example.com,9400796440,26,Male,Surat,Gujarat,Regular,2025-04-24
11518,Sneha Singh,user11518@example.com,9380000931,22,Male,Bhopal,Madhya Pradesh,Regular,2025-10-11
11519,Nikhil Gupta,user11519@example.com,9276878231,34,Female,Patna,Bihar,New,2025-05-28
11520,Vikas Malhotra,user11520@example.com,9314415454,51,Male,Bhopal,Madhya Pradesh,New,2025-07-31
11521,Varun Srivastava,user11521@example.com,9537448121,19,Male,Pune,Maharashtra,New,2026-02-15
11522,Aditi Kumar,user11522@example.com,9596312230,24,Female,Dehradun,Uttarakhand,Regular,2026-02-13
11523,Kavya Sharma,user11523@example.com,9413505325,53,Male,Ahmedabad,Gujarat,New,2026-03-17
11524,Riya Kapoor,user11524@example.com,9406518988,30,Female,Surat,Gujarat,New,2025-04-10
11525,Akash Malhotra,user11525@example.com,9994972553,37,Male,Lucknow,Uttar Pradesh,New,2026-03-31
11526,Rohit Kumar,user11526@example.com,9145346774,47,Female,Hyderabad,Telangana,Regular,2026-08-11
11527,Kavya Srivastava,user11527@example.com,9216159953,47,Male,Mumbai,Maharashtra,New,2026-03-01
11528,Abhishek Chauhan,user11528@example.com,9498968483,28,Female,Ranchi,Jharkhand,Regular,2025-04-19
11529,Neha Chauhan,user11529@example.com,9959115931,48,Female,Noida,Uttar Pradesh,Regular,2025-08-07
11530,Vivaan Agarwal,user11530@example.com,9823138959,20,Female,Bengaluru,Karnataka,Regular,2025-06-21
11531,Arjun Jain,user11531@example.com,9459721487,19,Male,Kolkata,West Bengal,New,2025-10-19
11532,Abhishek Jain,user11532@example.com,9868570385,20,Male,Chandigarh,Chandigarh,New,2025-08-19
11533,Rohan Shah,user11533@example.com,9235610503,32,Female,Dehradun,Uttarakhand,Regular,2025-02-09
11534,Sahil Shah,user11534@example.com,9790423785,34,Male,Bengaluru,Karnataka,Premium,2025-02-27
11535,Varun Shah,user11535@example.com,9433270479,24,Male,Indore,Madhya Pradesh,Regular,2025-02-11
11536,Pooja Patel,user11536@example.com,9723154423,22,Female,Indore,Madhya Pradesh,New,2025-04-05
11537,Isha Malhotra,user11537@example.com,9678456394,51,Male,Bhopal,Madhya Pradesh,New,2025-10-08
11538,Riya Patel,user11538@example.com,9955460549,50,Female,Patna,Bihar,Regular,2025-09-13
11539,Ananya Sinha,user11539@example.com,9399136000,33,Male,Mumbai,Maharashtra,Regular,2025-05-10
11540,Neha Agarwal,user11540@example.com,9196603837,54,Female,Kolkata,West Bengal,Regular,2026-07-16
11541,Aarav Kapoor,user11541@example.com,9663110268,20,Female,Chandigarh,Chandigarh,Regular,2025-03-23
11542,Ankit Verma,user11542@example.com,9557169404,60,Male,Delhi,Delhi,Premium,2026-01-30
11543,Himanshu Singh,user11543@example.com,9588390091,38,Female,Mumbai,Maharashtra,Premium,2026-03-28
11544,Pooja Kapoor,user11544@example.com,9934930168,58,Male,Hyderabad,Telangana,Regular,2026-06-17
11545,Rahul Mishra,user11545@example.com,9630969381,25,Female,Bengaluru,Karnataka,Regular,2025-06-22
11546,Nikhil Srivastava,user11546@example.com,9177681115,39,Female,Kolkata,West Bengal,Regular,2025-01-10
11547,Ankit Srivastava,user11547@example.com,9469300409,22,Male,Kanpur,Uttar Pradesh,Regular,2026-02-09
11548,Priya Kumar,user11548@example.com,9747070544,34,Female,Hyderabad,Telangana,Regular,2026-08-04
11549,Aman Tiwari,user11549@example.com,9627037312,54,Male,Dehradun,Uttarakhand,Regular,2026-08-23
11550,Vikas Kumar,user11550@example.com,9411175047,31,Female,Ahmedabad,Gujarat,New,2025-10-17
11551,Sahil Chauhan,user11551@example.com,9405473653,56,Male,Bhopal,Madhya Pradesh,Regular,2025-09-21
11552,Sneha Verma,user11552@example.com,9119939111,58,Female,Patna,Bihar,Regular,2025-04-19
11553,Karan Mishra,user11553@example.com,9894483895,45,Female,Ranchi,Jharkhand,Regular,2026-07-04
11554,Rohit Mehta,user11554@example.com,9682070462,48,Male,Surat,Gujarat,New,2025-09-07
11555,Sneha Mishra,user11555@example.com,9686634989,34,Female,Delhi,Delhi,Regular,2026-06-20
11556,Aarav Singh,user11556@example.com,9184016855,52,Male,Chennai,Tamil Nadu,New,2025-10-19
11557,Akash Joshi,user11557@example.com,9203843913,57,Male,Bengaluru,Karnataka,Premium,2026-06-12
11558,Sneha Mishra,user11558@example.com,9530223982,39,Male,Indore,Madhya Pradesh,Regular,2025-12-13
11559,Rahul Singh,user11559@example.com,9670651750,46,Male,Delhi,Delhi,New,2025-04-13
11560,Pooja Patel,user11560@example.com,9539937894,27,Male,Noida,Uttar Pradesh,New,2025-05-25
11561,Vivaan Gupta,user11561@example.com,9213381961,35,Male,Delhi,Delhi,Regular,2025-06-29
11562,Pooja Kapoor,user11562@example.com,9757013155,52,Male,Delhi,Delhi,New,2025-01-14
11563,Riya Gupta,user11563@example.com,9866050776,33,Male,Hyderabad,Telangana,Premium,2026-04-13
11564,Aditi Kapoor,user11564@example.com,9171026427,24,Male,Chandigarh,Chandigarh,Regular,2026-04-07
11565,Sneha Tiwari,user11565@example.com,9255418737,47,Female,Delhi,Delhi,New,2026-05-09
11566,Vikas Mehta,user11566@example.com,9378279546,36,Female,Chandigarh,Chandigarh,Regular,2025-04-08
11567,Arjun Mishra,user11567@example.com,9109200952,40,Male,Surat,Gujarat,New,2025-10-24
11568,Akash Shah,user11568@example.com,9568982089,25,Female,Pune,Maharashtra,Regular,2026-04-20
11569,Akash Jain,user11569@example.com,9663781970,34,Female,Noida,Uttar Pradesh,Regular,2025-07-26
11570,Priya Jain,user11570@example.com,9445393389,38,Female,Mumbai,Maharashtra,Premium,2026-04-05
11571,Abhishek Agarwal,user11571@example.com,9104031660,43,Male,Pune,Maharashtra,Regular,2025-07-26
11572,Nikhil Malhotra,user11572@example.com,9417669454,45,Male,Bhopal,Madhya Pradesh,Regular,2026-08-15
11573,Aditi Srivastava,user11573@example.com,9963916495,56,Female,Indore,Madhya Pradesh,New,2025-08-21
11574,Karan Gupta,user11574@example.com,9851605633,50,Female,Patna,Bihar,Regular,2025-07-15
11575,Neha Tiwari,user11575@example.com,9152005468,57,Male,Noida,Uttar Pradesh,Regular,2026-04-12
11576,Ankit Yadav,user11576@example.com,9699979971,36,Male,Chennai,Tamil Nadu,Regular,2025-03-22
11577,Priya Joshi,user11577@example.com,9870178548,46,Female,Ahmedabad,Gujarat,New,2026-03-25
11578,Priya Agarwal,user11578@example.com,9566809393,37,Female,Dehradun,Uttarakhand,Regular,2026-02-13
11579,Abhishek Malhotra,user11579@example.com,9333500956,37,Female,Bengaluru,Karnataka,New,2026-01-05
11580,Isha Tiwari,user11580@example.com,9960213470,27,Male,Kolkata,West Bengal,Regular,2025-08-13
11581,Simran Yadav,user11581@example.com,9823790416,29,Male,Gurugram,Haryana,Regular,2025-09-22
11582,Sneha Jain,user11582@example.com,9984438682,50,Male,Mumbai,Maharashtra,Regular,2026-02-23
11583,Himanshu Patel,user11583@example.com,9623385204,42,Male,Hyderabad,Telangana,New,2025-05-23
11584,Sahil Mehta,user11584@example.com,9374130152,42,Male,Mumbai,Maharashtra,Regular,2025-12-11
11585,Akash Verma,user11585@example.com,9309607566,21,Female,Hyderabad,Telangana,New,2025-07-28
11586,Abhishek Bansal,user11586@example.com,9661333051,21,Male,Pune,Maharashtra,Premium,2026-06-20
11587,Himanshu Jain,user11587@example.com,9565385707,26,Female,Hyderabad,Telangana,New,2026-03-29
11588,Nikhil Verma,user11588@example.com,9265341854,32,Male,Indore,Madhya Pradesh,Premium,2026-06-23
11589,Yash Verma,user11589@example.com,9709047355,43,Male,Ahmedabad,Gujarat,Regular,2025-11-30
11590,Rahul Tiwari,user11590@example.com,9656804858,32,Male,Bengaluru,Karnataka,Regular,2025-11-23
11591,Sahil Chauhan,user11591@example.com,9803499577,43,Male,Bengaluru,Karnataka,New,2026-04-19
11592,Abhishek Kapoor,user11592@example.com,9293877928,45,Female,Indore,Madhya Pradesh,Regular,2025-10-21
11593,Akash Singh,user11593@example.com,9236347436,24,Male,Surat,Gujarat,Regular,2025-12-17
11594,Vikas Bansal,user11594@example.com,9287238779,49,Male,Patna,Bihar,Regular,2025-03-25
11595,Rohit Joshi,user11595@example.com,9552430617,29,Male,Pune,Maharashtra,New,2025-01-02
11596,Akash Bansal,user11596@example.com,9337986405,52,Male,Kolkata,West Bengal,Premium,2025-11-17
11597,Simran Agarwal,user11597@example.com,9418988850,49,Female,Surat,Gujarat,Premium,2025-02-02
11598,Arjun Mehta,user11598@example.com,9940964515,26,Male,Ranchi,Jharkhand,Regular,2025-09-11
11599,Abhishek Shah,user11599@example.com,9456726835,31,Female,Lucknow,Uttar Pradesh,Regular,2026-06-21
11600,Kavya Joshi,user11600@example.com,9963770320,30,Female,Mumbai,Maharashtra,Regular,2025-02-15
11601,Yash Chauhan,user11601@example.com,9907942962,50,Male,Gurugram,Haryana,Regular,2025-07-21
11602,Sneha Joshi,user11602@example.com,9430849922,49,Male,Hyderabad,Telangana,New,2026-07-28
11603,Sneha Malhotra,user11603@example.com,9190897916,36,Female,Chennai,Tamil Nadu,Regular,2025-02-01
11604,Varun Verma,user11604@example.com,9222337037,47,Female,Bhopal,Madhya Pradesh,Regular,2026-03-08
11605,Ankit Verma,user11605@example.com,9472398000,33,Male,Kolkata,West Bengal,New,2025-08-20
11606,Mohit Sinha,user11606@example.com,9676157900,29,Male,Indore,Madhya Pradesh,Regular,2025-05-27
11607,Vikas Singh,user11607@example.com,9720518376,27,Male,Ahmedabad,Gujarat,Premium,2025-01-06
11608,Sahil Shah,user11608@example.com,9767822224,19,Male,Ahmedabad,Gujarat,New,2025-12-23
11609,Varun Malhotra,user11609@example.com,9730470639,35,Male,Chandigarh,Chandigarh,New,2026-05-12
11610,Kavya Singh,user11610@example.com,9258455473,30,Male,Chandigarh,Chandigarh,Regular,2026-05-30
11611,Varun Tiwari,user11611@example.com,9813183201,46,Male,Kanpur,Uttar Pradesh,New,2025-02-17
11612,Riya Patel,user11612@example.com,9840073717,41,Male,Kanpur,Uttar Pradesh,New,2025-04-11
11613,Rahul Yadav,user11613@example.com,9355848438,55,Male,Bhopal,Madhya Pradesh,Regular,2026-06-19
11614,Isha Verma,user11614@example.com,9597559738,29,Female,Lucknow,Uttar Pradesh,Regular,2025-05-11
11615,Neeraj Kumar,user11615@example.com,9602013264,46,Female,Chandigarh,Chandigarh,Premium,2026-02-21
11616,Neha Agarwal,user11616@example.com,9438091266,39,Female,Bengaluru,Karnataka,Regular,2026-03-22
11617,Yash Patel,user11617@example.com,9246465633,53,Male,Kanpur,Uttar Pradesh,Regular,2025-08-11
11618,Neha Agarwal,user11618@example.com,9590850343,18,Female,Ahmedabad,Gujarat,Regular,2025-06-05
11619,Pooja Agarwal,user11619@example.com,9444956540,60,Male,Indore,Madhya Pradesh,Premium,2026-01-28
11620,Neha Tiwari,user11620@example.com,9805409985,57,Female,Mumbai,Maharashtra,New,2025-03-11
11621,Neha Joshi,user11621@example.com,9688354977,51,Male,Indore,Madhya Pradesh,New,2026-01-30
11622,Rohit Agarwal,user11622@example.com,9951934558,51,Male,Kanpur,Uttar Pradesh,Premium,2025-05-26
11623,Riya Jain,user11623@example.com,9110864648,50,Female,Jaipur,Rajasthan,Premium,2025-10-31
11624,Akash Joshi,user11624@example.com,9190957907,21,Male,Hyderabad,Telangana,New,2026-08-04
11625,Abhishek Kapoor,user11625@example.com,9238420756,55,Female,Gurugram,Haryana,New,2025-01-19
11626,Priya Sinha,user11626@example.com,9948696284,47,Male,Chennai,Tamil Nadu,Regular,2026-02-27
11627,Aditya Verma,user11627@example.com,9370174202,37,Male,Kanpur,Uttar Pradesh,New,2026-02-21
11628,Vivaan Gupta,user11628@example.com,9608510565,43,Male,Gurugram,Haryana,Regular,2025-06-27
11629,Aarav Joshi,user11629@example.com,9352526969,32,Female,Patna,Bihar,New,2025-12-12
11630,Himanshu Yadav,user11630@example.com,9126077355,24,Male,Delhi,Delhi,New,2026-01-23
11631,Neeraj Mishra,user11631@example.com,9521417352,24,Female,Pune,Maharashtra,Regular,2025-04-17
11632,Akash Kumar,user11632@example.com,9438637926,46,Male,Ahmedabad,Gujarat,Premium,2025-11-03
11633,Mohit Mehta,user11633@example.com,9945746877,40,Female,Dehradun,Uttarakhand,Regular,2025-07-28
11634,Aarav Patel,user11634@example.com,9759229931,51,Male,Surat,Gujarat,Regular,2025-04-19
11635,Mohit Bansal,user11635@example.com,9227106872,37,Male,Jaipur,Rajasthan,Premium,2025-06-07
11636,Akash Kapoor,user11636@example.com,9843967268,32,Male,Lucknow,Uttar Pradesh,Regular,2026-06-14
11637,Sneha Agarwal,user11637@example.com,9403842063,50,Male,Ahmedabad,Gujarat,Regular,2025-10-01
11638,Aditya Sinha,user11638@example.com,9253179940,34,Male,Surat,Gujarat,Regular,2025-05-09
11639,Ankit Tiwari,user11639@example.com,9195144267,37,Male,Indore,Madhya Pradesh,New,2026-02-28
11640,Akash Bansal,user11640@example.com,9592920471,30,Male,Dehradun,Uttarakhand,Regular,2025-09-21
11641,Isha Srivastava,user11641@example.com,9864541721,41,Male,Kanpur,Uttar Pradesh,Regular,2026-07-18
11642,Neha Kumar,user11642@example.com,9680333075,54,Male,Hyderabad,Telangana,New,2026-03-30
11643,Aditya Agarwal,user11643@example.com,9147790728,24,Male,Lucknow,Uttar Pradesh,New,2026-06-26
11644,Karan Patel,user11644@example.com,9292996310,25,Male,Noida,Uttar Pradesh,Regular,2026-06-03
11645,Yash Mishra,user11645@example.com,9464457830,40,Female,Lucknow,Uttar Pradesh,Regular,2026-06-23
11646,Arjun Shah,user11646@example.com,9821943580,31,Female,Noida,Uttar Pradesh,New,2025-01-09
11647,Priya Sharma,user11647@example.com,9604538130,21,Male,Patna,Bihar,New,2025-08-04
11648,Ananya Bansal,user11648@example.com,9860960147,38,Female,Noida,Uttar Pradesh,Premium,2025-08-17
11649,Rohan Srivastava,user11649@example.com,9871775958,27,Female,Lucknow,Uttar Pradesh,Regular,2025-07-21
11650,Rohit Kapoor,user11650@example.com,9750201578,39,Male,Mumbai,Maharashtra,New,2025-05-20
11651,Rohit Sharma,user11651@example.com,9486024285,47,Male,Pune,Maharashtra,Regular,2026-08-07
11652,Arjun Gupta,user11652@example.com,9321857620,47,Female,Chennai,Tamil Nadu,New,2025-12-28
11653,Nikhil Srivastava,user11653@example.com,9666634283,33,Female,Kanpur,Uttar Pradesh,Regular,2025-10-30
11654,Sneha Tiwari,user11654@example.com,9557926293,28,Female,Kanpur,Uttar Pradesh,Regular,2025-04-25
11655,Simran Sharma,user11655@example.com,9344624713,39,Female,Ahmedabad,Gujarat,Regular,2026-02-03
11656,Ananya Yadav,user11656@example.com,9510516734,46,Male,Gurugram,Haryana,Regular,2025-09-20
11657,Aditi Patel,user11657@example.com,9791996246,42,Male,Chandigarh,Chandigarh,New,2025-05-02
11658,Aarav Kapoor,user11658@example.com,9737310350,31,Male,Indore,Madhya Pradesh,Regular,2025-10-05
11659,Akash Patel,user11659@example.com,9455496797,31,Male,Bengaluru,Karnataka,New,2026-08-27
11660,Pooja Malhotra,user11660@example.com,9684288865,19,Male,Patna,Bihar,Regular,2025-01-31
11661,Himanshu Sharma,user11661@example.com,9667429004,30,Male,Delhi,Delhi,Premium,2026-07-10
11662,Ananya Kapoor,user11662@example.com,9956826363,20,Male,Gurugram,Haryana,Regular,2026-01-24
11663,Nikhil Kumar,user11663@example.com,9505485187,47,Male,Bengaluru,Karnataka,Premium,2026-05-28
11664,Nikhil Yadav,user11664@example.com,9399727671,35,Male,Lucknow,Uttar Pradesh,New,2025-04-10
11665,Neha Singh,user11665@example.com,9637906582,53,Male,Ranchi,Jharkhand,Regular,2025-08-10
11666,Karan Gupta,user11666@example.com,9125266784,38,Male,Chennai,Tamil Nadu,New,2025-06-20
11667,Simran Mishra,user11667@example.com,9525256033,36,Male,Ahmedabad,Gujarat,Regular,2025-05-07
11668,Rohan Singh,user11668@example.com,9945300001,33,Female,Bhopal,Madhya Pradesh,New,2026-04-22
11669,Riya Joshi,user11669@example.com,9556416099,45,Female,Bhopal,Madhya Pradesh,New,2025-07-14
11670,Aman Singh,user11670@example.com,9168261602,21,Male,Noida,Uttar Pradesh,New,2025-08-26
11671,Nikhil Srivastava,user11671@example.com,9604495760,32,Male,Jaipur,Rajasthan,Regular,2025-11-17
11672,Yash Gupta,user11672@example.com,9258489755,18,Female,Jaipur,Rajasthan,New,2025-04-19
11673,Nikhil Jain,user11673@example.com,9914172941,33,Male,Mumbai,Maharashtra,Regular,2025-06-21
11674,Rohan Verma,user11674@example.com,9362219937,37,Female,Chandigarh,Chandigarh,New,2025-08-16
11675,Vikas Mishra,user11675@example.com,9782228335,50,Male,Hyderabad,Telangana,New,2025-09-10
11676,Rohit Shah,user11676@example.com,9675264586,34,Female,Patna,Bihar,Regular,2025-05-26
11677,Ankit Chauhan,user11677@example.com,9985391032,22,Female,Bhopal,Madhya Pradesh,Premium,2025-03-24
11678,Neha Shah,user11678@example.com,9180433868,22,Female,Pune,Maharashtra,New,2026-07-19
11679,Neha Joshi,user11679@example.com,9756071776,56,Male,Surat,Gujarat,New,2025-11-25
11680,Rohit Verma,user11680@example.com,9753092216,30,Female,Noida,Uttar Pradesh,Regular,2025-06-27
11681,Rohan Mehta,user11681@example.com,9426246966,53,Female,Pune,Maharashtra,Regular,2025-10-29
11682,Aarav Verma,user11682@example.com,9678356673,47,Female,Mumbai,Maharashtra,Regular,2026-08-02
11683,Neha Sharma,user11683@example.com,9939267297,21,Male,Dehradun,Uttarakhand,New,2025-11-28
11684,Pooja Verma,user11684@example.com,9179950964,40,Female,Noida,Uttar Pradesh,Regular,2026-03-21
11685,Sahil Jain,user11685@example.com,9111779676,38,Male,Gurugram,Haryana,New,2025-08-07
11686,Yash Verma,user11686@example.com,9177627172,38,Male,Jaipur,Rajasthan,Regular,2026-01-14
11687,Aditya Srivastava,user11687@example.com,9363735235,23,Male,Jaipur,Rajasthan,Regular,2026-05-27
11688,Yash Agarwal,user11688@example.com,9805654475,41,Male,Delhi,Delhi,Regular,2025-06-05
11689,Arjun Srivastava,user11689@example.com,9620040217,48,Female,Bengaluru,Karnataka,Regular,2025-07-21
11690,Simran Agarwal,user11690@example.com,9113999609,36,Female,Ahmedabad,Gujarat,Premium,2025-07-18
11691,Neha Shah,user11691@example.com,9592457148,55,Male,Lucknow,Uttar Pradesh,New,2026-07-27
11692,Ankit Jain,user11692@example.com,9146362075,29,Female,Chandigarh,Chandigarh,New,2025-12-16
11693,Vivaan Bansal,user11693@example.com,9357382995,31,Female,Patna,Bihar,Regular,2025-07-21
11694,Rohit Singh,user11694@example.com,9409868489,29,Male,Kolkata,West Bengal,Regular,2026-06-11
11695,Mohit Jain,user11695@example.com,9180678067,32,Female,Chennai,Tamil Nadu,New,2026-08-01
11696,Aditi Chauhan,user11696@example.com,9398211089,36,Male,Gurugram,Haryana,Regular,2026-04-10
11697,Akash Singh,user11697@example.com,9789312702,45,Male,Bhopal,Madhya Pradesh,Regular,2025-06-15
11698,Mohit Chauhan,user11698@example.com,9930572212,57,Male,Ranchi,Jharkhand,Regular,2025-02-17
11699,Neha Kapoor,user11699@example.com,9926909684,58,Male,Chennai,Tamil Nadu,Regular,2026-06-13
11700,Mohit Sharma,user11700@example.com,9409835546,22,Male,Chennai,Tamil Nadu,Regular,2026-07-09
11701,Aarav Kumar,user11701@example.com,9365646554,22,Female,Ahmedabad,Gujarat,New,2026-03-22
11702,Sahil Agarwal,user11702@example.com,9645702505,23,Female,Hyderabad,Telangana,Regular,2025-04-05
11703,Rohit Chauhan,user11703@example.com,9162157440,40,Male,Delhi,Delhi,Regular,2026-08-02
11704,Sneha Singh,user11704@example.com,9546134533,20,Male,Jaipur,Rajasthan,New,2026-06-18
11705,Aditi Malhotra,user11705@example.com,9658218762,54,Male,Surat,Gujarat,Regular,2025-11-02
11706,Vivaan Chauhan,user11706@example.com,9996948179,50,Male,Bengaluru,Karnataka,Premium,2026-02-23
11707,Mohit Joshi,user11707@example.com,9775833790,60,Male,Kolkata,West Bengal,New,2025-02-10
11708,Neha Kumar,user11708@example.com,9343837108,38,Male,Ahmedabad,Gujarat,New,2025-08-17
11709,Priya Mehta,user11709@example.com,9954209236,37,Male,Delhi,Delhi,New,2025-06-07
11710,Riya Tiwari,user11710@example.com,9762148881,18,Male,Surat,Gujarat,Regular,2026-05-25
11711,Nikhil Joshi,user11711@example.com,9956207380,56,Male,Kolkata,West Bengal,Premium,2025-01-03
11712,Arjun Agarwal,user11712@example.com,9337288722,34,Female,Jaipur,Rajasthan,Regular,2025-01-22
11713,Karan Sharma,user11713@example.com,9995840515,46,Male,Patna,Bihar,Regular,2026-03-05
11714,Vivaan Joshi,user11714@example.com,9205020748,25,Male,Jaipur,Rajasthan,Regular,2025-04-26
11715,Himanshu Mehta,user11715@example.com,9630135505,43,Male,Ahmedabad,Gujarat,Regular,2026-08-04
11716,Vikas Patel,user11716@example.com,9653763955,45,Female,Jaipur,Rajasthan,Regular,2026-07-12
11717,Isha Sinha,user11717@example.com,9720176796,51,Female,Dehradun,Uttarakhand,New,2025-12-16
11718,Varun Yadav,user11718@example.com,9458162968,43,Female,Dehradun,Uttarakhand,Regular,2025-03-08
11719,Sahil Mehta,user11719@example.com,9869384268,30,Female,Ahmedabad,Gujarat,Regular,2025-05-03
11720,Isha Singh,user11720@example.com,9283020285,54,Male,Patna,Bihar,New,2025-03-06
11721,Akash Mishra,user11721@example.com,9996191422,30,Female,Patna,Bihar,Regular,2025-11-21
11722,Aditi Agarwal,user11722@example.com,9410669210,55,Male,Mumbai,Maharashtra,Premium,2026-02-13
11723,Nikhil Kapoor,user11723@example.com,9179779771,42,Male,Ahmedabad,Gujarat,Regular,2026-07-11
11724,Riya Singh,user11724@example.com,9907444178,40,Female,Surat,Gujarat,Premium,2025-03-19
11725,Vivaan Verma,user11725@example.com,9493668400,39,Male,Indore,Madhya Pradesh,New,2026-07-22
11726,Yash Bansal,user11726@example.com,9346798144,38,Female,Bhopal,Madhya Pradesh,Regular,2025-02-13
11727,Yash Sinha,user11727@example.com,9359857317,47,Male,Noida,Uttar Pradesh,New,2025-12-05
11728,Kavya Chauhan,user11728@example.com,9375100928,28,Female,Hyderabad,Telangana,New,2026-06-07
11729,Rohit Mehta,user11729@example.com,9264529319,21,Male,Jaipur,Rajasthan,Regular,2026-07-25
11730,Aditya Agarwal,user11730@example.com,9807186512,50,Male,Surat,Gujarat,Regular,2025-01-05
11731,Isha Shah,user11731@example.com,9796955412,29,Female,Delhi,Delhi,Regular,2025-04-05
11732,Mohit Sinha,user11732@example.com,9124026709,26,Female,Gurugram,Haryana,Regular,2025-11-02
11733,Karan Singh,user11733@example.com,9712214798,49,Female,Mumbai,Maharashtra,Regular,2025-10-05
11734,Vivaan Kapoor,user11734@example.com,9283752753,28,Female,Jaipur,Rajasthan,Premium,2025-03-26
11735,Arjun Verma,user11735@example.com,9360115430,54,Female,Jaipur,Rajasthan,Regular,2026-08-17
11736,Rohit Mishra,user11736@example.com,9687640294,41,Male,Delhi,Delhi,New,2026-05-11
11737,Nikhil Jain,user11737@example.com,9590877343,24,Male,Dehradun,Uttarakhand,New,2025-10-22
11738,Neeraj Kapoor,user11738@example.com,9243186115,25,Male,Kanpur,Uttar Pradesh,Regular,2026-02-28
11739,Vivaan Chauhan,user11739@example.com,9257556587,50,Male,Bhopal,Madhya Pradesh,Regular,2025-12-12
11740,Mohit Chauhan,user11740@example.com,9563835948,42,Female,Ahmedabad,Gujarat,New,2026-06-22
11741,Simran Bansal,user11741@example.com,9870173727,18,Male,Chennai,Tamil Nadu,New,2026-03-18
11742,Rohit Mehta,user11742@example.com,9119204852,20,Female,Surat,Gujarat,New,2025-08-31
11743,Aman Mishra,user11743@example.com,9456912992,57,Male,Indore,Madhya Pradesh,Regular,2025-01-06
11744,Sahil Jain,user11744@example.com,9741235398,45,Female,Kolkata,West Bengal,New,2026-03-02
11745,Arjun Singh,user11745@example.com,9898311112,60,Male,Noida,Uttar Pradesh,New,2026-01-23
11746,Ananya Malhotra,user11746@example.com,9133905344,50,Male,Indore,Madhya Pradesh,Regular,2025-11-03
11747,Abhishek Singh,user11747@example.com,9605277263,18,Female,Pune,Maharashtra,Regular,2026-05-03
11748,Mohit Kapoor,user11748@example.com,9358582161,55,Male,Patna,Bihar,Regular,2025-08-23
11749,Yash Verma,user11749@example.com,9454968885,44,Male,Kolkata,West Bengal,Regular,2026-03-02
11750,Kavya Jain,user11750@example.com,9482774398,55,Male,Indore,Madhya Pradesh,New,2025-05-22
11751,Ananya Patel,user11751@example.com,9463471022,52,Male,Ahmedabad,Gujarat,Premium,2025-10-18
11752,Aditi Verma,user11752@example.com,9785984901,27,Male,Mumbai,Maharashtra,Regular,2026-03-09
11753,Priya Kumar,user11753@example.com,9934327617,29,Female,Surat,Gujarat,Premium,2025-09-11
11754,Neeraj Gupta,user11754@example.com,9139708040,27,Male,Chandigarh,Chandigarh,Premium,2025-02-15
11755,Karan Gupta,user11755@example.com,9174246083,51,Male,Surat,Gujarat,Regular,2026-07-03
11756,Rohan Joshi,user11756@example.com,9934403692,41,Male,Ranchi,Jharkhand,New,2026-08-22
11757,Nikhil Gupta,user11757@example.com,9419535382,45,Female,Indore,Madhya Pradesh,Regular,2026-02-27
11758,Neeraj Singh,user11758@example.com,9580178933,39,Female,Chennai,Tamil Nadu,New,2025-09-28
11759,Aman Jain,user11759@example.com,9385940074,33,Male,Bengaluru,Karnataka,Premium,2026-06-06
11760,Yash Agarwal,user11760@example.com,9380413932,30,Male,Indore,Madhya Pradesh,Regular,2026-08-15
11761,Kavya Chauhan,user11761@example.com,9608981418,53,Male,Delhi,Delhi,Premium,2026-03-09
11762,Priya Agarwal,user11762@example.com,9698824263,53,Female,Bengaluru,Karnataka,Regular,2026-06-18
11763,Ankit Agarwal,user11763@example.com,9880468070,60,Female,Mumbai,Maharashtra,Regular,2026-03-22
11764,Rahul Kapoor,user11764@example.com,9948294552,40,Female,Jaipur,Rajasthan,Regular,2025-07-05
11765,Nikhil Agarwal,user11765@example.com,9675742543,31,Male,Patna,Bihar,Regular,2025-09-18
11766,Rohan Kumar,user11766@example.com,9796527778,49,Male,Patna,Bihar,Regular,2026-01-14
11767,Kavya Shah,user11767@example.com,9130004368,20,Male,Noida,Uttar Pradesh,Regular,2025-03-20
11768,Rahul Gupta,user11768@example.com,9987699729,44,Male,Delhi,Delhi,Premium,2026-07-25
11769,Ankit Kumar,user11769@example.com,9324133115,36,Male,Kolkata,West Bengal,Regular,2025-12-21
11770,Varun Srivastava,user11770@example.com,9714309018,39,Male,Chennai,Tamil Nadu,Premium,2025-05-27
11771,Aditya Kapoor,user11771@example.com,9143954062,18,Female,Indore,Madhya Pradesh,Premium,2026-07-10
11772,Neha Bansal,user11772@example.com,9984169211,22,Male,Indore,Madhya Pradesh,Regular,2026-01-10
11773,Rahul Singh,user11773@example.com,9195174480,50,Female,Dehradun,Uttarakhand,Regular,2026-03-15
11774,Isha Yadav,user11774@example.com,9161507946,36,Male,Bengaluru,Karnataka,Regular,2026-02-24
11775,Priya Chauhan,user11775@example.com,9135861828,53,Female,Patna,Bihar,Regular,2025-01-24
11776,Rahul Kapoor,user11776@example.com,9308282447,23,Female,Bengaluru,Karnataka,New,2025-02-12
11777,Vikas Joshi,user11777@example.com,9573971342,32,Female,Dehradun,Uttarakhand,Regular,2025-02-15
11778,Varun Tiwari,user11778@example.com,9749585185,53,Female,Ahmedabad,Gujarat,Premium,2025-03-20
11779,Aditya Agarwal,user11779@example.com,9178460370,50,Female,Bengaluru,Karnataka,New,2025-05-22
11780,Simran Verma,user11780@example.com,9610945518,41,Male,Bhopal,Madhya Pradesh,Regular,2026-01-17
11781,Aman Singh,user11781@example.com,9340544393,44,Male,Lucknow,Uttar Pradesh,Regular,2025-10-07
11782,Akash Kumar,user11782@example.com,9938692605,28,Female,Delhi,Delhi,Regular,2025-10-15
11783,Neha Mehta,user11783@example.com,9647268100,40,Female,Delhi,Delhi,Regular,2026-07-30
11784,Priya Sinha,user11784@example.com,9282444915,50,Female,Kanpur,Uttar Pradesh,Regular,2025-06-30
11785,Karan Chauhan,user11785@example.com,9295689647,58,Male,Ranchi,Jharkhand,Regular,2025-07-23
11786,Priya Kapoor,user11786@example.com,9787607668,46,Male,Bhopal,Madhya Pradesh,New,2025-04-29
11787,Pooja Verma,user11787@example.com,9563673753,48,Female,Ranchi,Jharkhand,Premium,2025-12-28
11788,Ankit Shah,user11788@example.com,9676019157,18,Female,Jaipur,Rajasthan,Regular,2025-10-21
11789,Aman Jain,user11789@example.com,9864763499,51,Male,Hyderabad,Telangana,Regular,2025-12-09
11790,Karan Shah,user11790@example.com,9297921085,35,Male,Noida,Uttar Pradesh,Regular,2025-12-16
11791,Himanshu Srivastava,user11791@example.com,9337312524,35,Male,Indore,Madhya Pradesh,New,2025-07-30
11792,Sneha Mishra,user11792@example.com,9364639368,23,Male,Mumbai,Maharashtra,Premium,2026-01-29
11793,Simran Kapoor,user11793@example.com,9977915135,57,Male,Hyderabad,Telangana,Regular,2026-07-21
11794,Aditya Tiwari,user11794@example.com,9815277240,18,Male,Delhi,Delhi,New,2025-08-28
11795,Isha Sharma,user11795@example.com,9506670564,59,Female,Hyderabad,Telangana,Premium,2025-01-05
11796,Rohit Singh,user11796@example.com,9618876823,47,Male,Ranchi,Jharkhand,Regular,2025-03-20
11797,Isha Bansal,user11797@example.com,9615848992,21,Male,Chandigarh,Chandigarh,Regular,2025-08-20
11798,Rohit Yadav,user11798@example.com,9439029947,49,Female,Hyderabad,Telangana,Regular,2025-11-05
11799,Himanshu Kapoor,user11799@example.com,9786099631,27,Female,Chandigarh,Chandigarh,New,2025-11-08
11800,Mohit Kumar,user11800@example.com,9872477247,60,Female,Hyderabad,Telangana,Regular,2026-02-12
11801,Aman Sharma,user11801@example.com,9708039787,22,Male,Kolkata,West Bengal,New,2026-01-10
11802,Mohit Yadav,user11802@example.com,9843184712,26,Female,Lucknow,Uttar Pradesh,Regular,2026-04-23
11803,Isha Sharma,user11803@example.com,9392968300,22,Male,Noida,Uttar Pradesh,Regular,2026-02-01
11804,Rohit Kapoor,user11804@example.com,9513504240,28,Female,Mumbai,Maharashtra,Premium,2026-03-27
11805,Vivaan Mehta,user11805@example.com,9124275600,52,Female,Bhopal,Madhya Pradesh,Regular,2025-04-22
11806,Vikas Srivastava,user11806@example.com,9831010403,44,Male,Lucknow,Uttar Pradesh,New,2025-08-09
11807,Himanshu Mehta,user11807@example.com,9885522758,21,Male,Mumbai,Maharashtra,Premium,2025-12-26
11808,Neha Kapoor,user11808@example.com,9475270202,27,Male,Kanpur,Uttar Pradesh,Regular,2026-04-11
11809,Akash Agarwal,user11809@example.com,9957217888,56,Female,Mumbai,Maharashtra,Regular,2026-07-21
11810,Akash Patel,user11810@example.com,9624113707,50,Male,Noida,Uttar Pradesh,New,2026-04-06
11811,Aditya Sharma,user11811@example.com,9138878111,55,Female,Indore,Madhya Pradesh,Premium,2025-09-30
11812,Aditi Mishra,user11812@example.com,9391739146,25,Male,Chandigarh,Chandigarh,Premium,2025-03-18
11813,Neeraj Shah,user11813@example.com,9843719681,41,Male,Hyderabad,Telangana,Regular,2025-06-16
11814,Aarav Agarwal,user11814@example.com,9669436121,56,Female,Kanpur,Uttar Pradesh,Premium,2025-11-20
11815,Mohit Kumar,user11815@example.com,9723098051,50,Female,Chandigarh,Chandigarh,Regular,2025-04-17
11816,Rohan Shah,user11816@example.com,9229673360,58,Female,Kolkata,West Bengal,Premium,2025-07-02
11817,Arjun Bansal,user11817@example.com,9860790992,60,Male,Delhi,Delhi,Regular,2025-03-09
11818,Himanshu Gupta,user11818@example.com,9274218971,36,Male,Pune,Maharashtra,New,2026-06-08
11819,Sahil Bansal,user11819@example.com,9588027485,19,Male,Patna,Bihar,Regular,2025-11-02
11820,Vivaan Shah,user11820@example.com,9219483815,28,Male,Delhi,Delhi,Regular,2026-05-31
11821,Himanshu Chauhan,user11821@example.com,9630274774,52,Male,Ahmedabad,Gujarat,New,2025-12-03
11822,Priya Yadav,user11822@example.com,9818198445,34,Female,Pune,Maharashtra,New,2025-04-02
11823,Ananya Malhotra,user11823@example.com,9726439260,59,Male,Patna,Bihar,New,2025-04-25
11824,Pooja Chauhan,user11824@example.com,9434791589,20,Male,Kanpur,Uttar Pradesh,Regular,2025-05-07
11825,Arjun Mehta,user11825@example.com,9593003326,39,Male,Delhi,Delhi,New,2025-04-07
11826,Abhishek Kumar,user11826@example.com,9217691932,52,Male,Dehradun,Uttarakhand,New,2025-05-28
11827,Rahul Tiwari,user11827@example.com,9788844634,38,Female,Dehradun,Uttarakhand,Regular,2025-05-18
11828,Neeraj Sharma,user11828@example.com,9322245148,42,Male,Gurugram,Haryana,Premium,2025-09-03
11829,Vivaan Bansal,user11829@example.com,9229673699,56,Male,Ahmedabad,Gujarat,Regular,2026-04-07
11830,Mohit Gupta,user11830@example.com,9968865954,19,Male,Mumbai,Maharashtra,Regular,2026-08-25
11831,Akash Malhotra,user11831@example.com,9552405619,18,Female,Kolkata,West Bengal,Premium,2025-10-31
11832,Himanshu Agarwal,user11832@example.com,9315573782,24,Female,Gurugram,Haryana,Regular,2025-10-13
11833,Vivaan Gupta,user11833@example.com,9919752678,37,Female,Bengaluru,Karnataka,Regular,2025-09-10
11834,Aman Sinha,user11834@example.com,9127683117,60,Male,Bhopal,Madhya Pradesh,Regular,2026-06-10
11835,Karan Shah,user11835@example.com,9932913662,23,Male,Bhopal,Madhya Pradesh,Regular,2025-02-07
11836,Simran Sharma,user11836@example.com,9890554283,53,Female,Chennai,Tamil Nadu,New,2026-03-31
11837,Neeraj Verma,user11837@example.com,9794377391,38,Female,Noida,Uttar Pradesh,Regular,2025-01-15
11838,Ankit Mishra,user11838@example.com,9351138739,52,Female,Bhopal,Madhya Pradesh,Regular,2025-11-11
11839,Pooja Agarwal,user11839@example.com,9385417142,53,Female,Hyderabad,Telangana,Regular,2025-03-05
11840,Mohit Joshi,user11840@example.com,9166773825,25,Male,Gurugram,Haryana,Regular,2026-07-09
11841,Vikas Mishra,user11841@example.com,9399379111,21,Female,Bengaluru,Karnataka,Regular,2026-02-04
11842,Vivaan Chauhan,user11842@example.com,9498868216,60,Female,Ranchi,Jharkhand,Regular,2026-03-05
11843,Karan Gupta,user11843@example.com,9200109982,33,Female,Noida,Uttar Pradesh,Regular,2026-06-19
11844,Neha Patel,user11844@example.com,9128444659,20,Male,Mumbai,Maharashtra,Premium,2025-12-14
11845,Ankit Shah,user11845@example.com,9402614447,24,Male,Ahmedabad,Gujarat,Regular,2025-06-09
11846,Riya Chauhan,user11846@example.com,9355778915,19,Male,Jaipur,Rajasthan,Premium,2026-08-25
11847,Priya Joshi,user11847@example.com,9496953404,18,Male,Noida,Uttar Pradesh,Regular,2025-04-22
11848,Arjun Chauhan,user11848@example.com,9839298415,18,Male,Ranchi,Jharkhand,Regular,2026-07-20
11849,Himanshu Kapoor,user11849@example.com,9873892403,55,Female,Jaipur,Rajasthan,Regular,2026-04-08
11850,Priya Srivastava,user11850@example.com,9773118885,24,Male,Patna,Bihar,New,2025-01-28
11851,Yash Patel,user11851@example.com,9472087258,41,Male,Ahmedabad,Gujarat,Premium,2026-08-01
11852,Nikhil Agarwal,user11852@example.com,9900372259,22,Male,Lucknow,Uttar Pradesh,New,2026-08-03
11853,Karan Verma,user11853@example.com,9785121647,38,Male,Patna,Bihar,Regular,2026-03-27
11854,Arjun Mishra,user11854@example.com,9271420758,45,Female,Kolkata,West Bengal,Regular,2026-07-20
11855,Simran Malhotra,user11855@example.com,9909550006,35,Male,Ranchi,Jharkhand,Regular,2026-06-06
11856,Himanshu Tiwari,user11856@example.com,9391691092,41,Male,Mumbai,Maharashtra,Regular,2025-08-11
11857,Mohit Srivastava,user11857@example.com,9340316172,49,Female,Bhopal,Madhya Pradesh,Premium,2025-12-01
11858,Simran Sharma,user11858@example.com,9273867172,50,Female,Indore,Madhya Pradesh,Regular,2025-08-04
11859,Rohit Tiwari,user11859@example.com,9661027886,27,Male,Ahmedabad,Gujarat,Premium,2025-04-04
11860,Nikhil Agarwal,user11860@example.com,9485321049,26,Female,Kolkata,West Bengal,Regular,2026-07-23
11861,Ananya Srivastava,user11861@example.com,9898671302,50,Female,Chandigarh,Chandigarh,New,2025-12-22
11862,Abhishek Kumar,user11862@example.com,9807557350,50,Female,Kolkata,West Bengal,New,2025-07-03
11863,Priya Joshi,user11863@example.com,9647518997,24,Male,Ranchi,Jharkhand,Regular,2026-08-26
11864,Ananya Srivastava,user11864@example.com,9281034662,21,Female,Patna,Bihar,New,2026-03-18
11865,Priya Mishra,user11865@example.com,9954774486,45,Male,Patna,Bihar,Regular,2026-05-04
11866,Mohit Gupta,user11866@example.com,9976410937,40,Male,Lucknow,Uttar Pradesh,New,2026-07-04
11867,Abhishek Singh,user11867@example.com,9258745117,49,Male,Kolkata,West Bengal,Regular,2025-11-10
11868,Aditi Bansal,user11868@example.com,9319944849,33,Male,Kanpur,Uttar Pradesh,Regular,2025-01-04
11869,Rohan Tiwari,user11869@example.com,9193063785,27,Female,Patna,Bihar,Regular,2025-01-07
11870,Yash Shah,user11870@example.com,9828128493,31,Male,Lucknow,Uttar Pradesh,New,2026-08-11
11871,Sneha Bansal,user11871@example.com,9482645065,56,Male,Chandigarh,Chandigarh,New,2026-03-22
11872,Isha Bansal,user11872@example.com,9242595750,53,Male,Kanpur,Uttar Pradesh,Regular,2026-05-14
11873,Rohan Verma,user11873@example.com,9529774489,51,Male,Noida,Uttar Pradesh,New,2026-08-02
11874,Vikas Malhotra,user11874@example.com,9618515526,41,Female,Bhopal,Madhya Pradesh,Regular,2025-03-22
11875,Aarav Srivastava,user11875@example.com,9480916230,35,Female,Lucknow,Uttar Pradesh,Regular,2025-04-13
11876,Neha Gupta,user11876@example.com,9675656132,33,Female,Ranchi,Jharkhand,New,2025-09-14
11877,Aman Tiwari,user11877@example.com,9221958208,58,Female,Surat,Gujarat,Regular,2026-01-26
11878,Aman Gupta,user11878@example.com,9502233389,54,Female,Bhopal,Madhya Pradesh,Regular,2025-12-10
11879,Ananya Gupta,user11879@example.com,9500841233,58,Female,Patna,Bihar,Regular,2026-07-17
11880,Simran Gupta,user11880@example.com,9147789452,42,Male,Gurugram,Haryana,Regular,2026-06-01
11881,Mohit Tiwari,user11881@example.com,9841557912,25,Female,Bengaluru,Karnataka,Regular,2026-02-26
11882,Ananya Tiwari,user11882@example.com,9519632103,41,Female,Ranchi,Jharkhand,Regular,2026-06-24
11883,Mohit Joshi,user11883@example.com,9152787975,37,Female,Chennai,Tamil Nadu,Regular,2025-10-05
11884,Himanshu Bansal,user11884@example.com,9597924169,47,Female,Lucknow,Uttar Pradesh,New,2025-05-31
11885,Isha Joshi,user11885@example.com,9502234783,37,Female,Indore,Madhya Pradesh,Regular,2026-06-05
11886,Aditi Singh,user11886@example.com,9893239184,35,Female,Noida,Uttar Pradesh,Regular,2025-05-23
11887,Neha Sharma,user11887@example.com,9687269733,21,Female,Dehradun,Uttarakhand,Regular,2026-07-20
11888,Aman Chauhan,user11888@example.com,9857807438,53,Male,Chandigarh,Chandigarh,Regular,2026-05-17
11889,Akash Yadav,user11889@example.com,9832993358,23,Male,Lucknow,Uttar Pradesh,Regular,2026-01-22
11890,Neeraj Shah,user11890@example.com,9214881144,20,Female,Kolkata,West Bengal,Regular,2025-09-30
11891,Abhishek Yadav,user11891@example.com,9578384702,35,Male,Pune,Maharashtra,Regular,2026-04-04
11892,Aman Mishra,user11892@example.com,9370727463,57,Female,Ahmedabad,Gujarat,Regular,2026-03-17
11893,Sneha Yadav,user11893@example.com,9641421554,35,Female,Chennai,Tamil Nadu,Premium,2025-03-15
11894,Neeraj Patel,user11894@example.com,9757134675,40,Female,Pune,Maharashtra,Regular,2025-12-31
11895,Himanshu Chauhan,user11895@example.com,9231290126,52,Female,Chandigarh,Chandigarh,Premium,2025-01-25
11896,Sneha Patel,user11896@example.com,9375171170,23,Male,Pune,Maharashtra,New,2025-01-18
11897,Karan Kapoor,user11897@example.com,9375915229,43,Female,Dehradun,Uttarakhand,Regular,2026-01-13
11898,Priya Agarwal,user11898@example.com,9850369400,38,Male,Chennai,Tamil Nadu,New,2025-05-12
11899,Sneha Mishra,user11899@example.com,9895729287,41,Male,Chennai,Tamil Nadu,New,2025-03-21
11900,Aman Patel,user11900@example.com,9262941406,32,Male,Lucknow,Uttar Pradesh,Regular,2026-03-14
11901,Priya Joshi,user11901@example.com,9593936255,44,Female,Surat,Gujarat,Regular,2025-05-02
11902,Pooja Gupta,user11902@example.com,9698309231,49,Female,Lucknow,Uttar Pradesh,Regular,2026-06-18
11903,Aditi Chauhan,user11903@example.com,9236970606,29,Female,Pune,Maharashtra,Regular,2025-04-09
11904,Rohan Jain,user11904@example.com,9661560863,22,Male,Delhi,Delhi,Regular,2026-06-24
11905,Sneha Mishra,user11905@example.com,9976734252,24,Male,Ahmedabad,Gujarat,Regular,2026-01-27
11906,Aarav Joshi,user11906@example.com,9132889209,39,Male,Chandigarh,Chandigarh,New,2025-10-06
11907,Kavya Sinha,user11907@example.com,9754321331,44,Male,Chennai,Tamil Nadu,Regular,2025-05-20
11908,Abhishek Mehta,user11908@example.com,9372603598,32,Female,Patna,Bihar,Regular,2026-08-21
11909,Sneha Mishra,user11909@example.com,9272848721,56,Male,Chandigarh,Chandigarh,Regular,2025-10-01
11910,Riya Agarwal,user11910@example.com,9615407884,52,Female,Hyderabad,Telangana,New,2026-08-09
11911,Pooja Jain,user11911@example.com,9775734039,43,Female,Hyderabad,Telangana,New,2025-02-02
11912,Yash Singh,user11912@example.com,9237317543,40,Female,Patna,Bihar,Regular,2025-01-23
11913,Mohit Chauhan,user11913@example.com,9376334861,30,Male,Chennai,Tamil Nadu,Regular,2026-06-09
11914,Nikhil Agarwal,user11914@example.com,9558686427,43,Female,Chennai,Tamil Nadu,Regular,2026-08-15
11915,Himanshu Kapoor,user11915@example.com,9284307658,20,Male,Bengaluru,Karnataka,New,2026-06-29
11916,Kavya Shah,user11916@example.com,9281320773,46,Male,Ranchi,Jharkhand,Regular,2025-06-19
11917,Himanshu Jain,user11917@example.com,9198835773,19,Male,Dehradun,Uttarakhand,Regular,2026-01-04
11918,Rohit Malhotra,user11918@example.com,9134914679,45,Female,Jaipur,Rajasthan,Premium,2025-01-30
11919,Pooja Sharma,user11919@example.com,9643095896,40,Male,Lucknow,Uttar Pradesh,Regular,2025-09-27
11920,Yash Verma,user11920@example.com,9789825468,53,Male,Indore,Madhya Pradesh,New,2026-02-09
11921,Himanshu Malhotra,user11921@example.com,9434725376,23,Male,Kanpur,Uttar Pradesh,Regular,2025-12-30
11922,Himanshu Jain,user11922@example.com,9163695064,28,Male,Lucknow,Uttar Pradesh,New,2026-08-13
11923,Neha Mishra,user11923@example.com,9991011521,55,Male,Pune,Maharashtra,Regular,2025-08-09
11924,Pooja Chauhan,user11924@example.com,9353846397,51,Female,Chennai,Tamil Nadu,New,2026-03-13
11925,Ankit Kapoor,user11925@example.com,9909438348,34,Female,Indore,Madhya Pradesh,Regular,2025-02-14
11926,Isha Mishra,user11926@example.com,9463390112,20,Female,Kanpur,Uttar Pradesh,Regular,2025-09-25
11927,Vivaan Kumar,user11927@example.com,9268794143,51,Female,Lucknow,Uttar Pradesh,Regular,2026-07-18
11928,Pooja Bansal,user11928@example.com,9659180951,39,Female,Chennai,Tamil Nadu,Regular,2025-05-23
11929,Yash Kapoor,user11929@example.com,9538034266,46,Male,Delhi,Delhi,New,2026-01-21
11930,Karan Mehta,user11930@example.com,9449091075,46,Female,Indore,Madhya Pradesh,Regular,2026-06-06
11931,Aditi Patel,user11931@example.com,9252977111,22,Male,Jaipur,Rajasthan,Regular,2026-01-02
11932,Isha Agarwal,user11932@example.com,9189529622,27,Male,Patna,Bihar,Regular,2026-02-04
11933,Simran Malhotra,user11933@example.com,9652956513,27,Female,Dehradun,Uttarakhand,Regular,2025-10-23
11934,Rohan Patel,user11934@example.com,9965395604,26,Female,Gurugram,Haryana,New,2025-07-04
11935,Karan Agarwal,user11935@example.com,9656939805,38,Female,Ahmedabad,Gujarat,Regular,2025-03-28
11936,Aarav Joshi,user11936@example.com,9977933199,30,Female,Noida,Uttar Pradesh,Regular,2025-07-07
11937,Priya Bansal,user11937@example.com,9735840578,27,Male,Delhi,Delhi,Regular,2026-07-25
11938,Vivaan Singh,user11938@example.com,9451784804,55,Female,Dehradun,Uttarakhand,Regular,2026-08-21
11939,Abhishek Gupta,user11939@example.com,9634400999,28,Male,Ranchi,Jharkhand,Premium,2025-09-24
11940,Varun Gupta,user11940@example.com,9242827435,21,Female,Jaipur,Rajasthan,New,2025-06-29
11941,Aarav Patel,user11941@example.com,9424736792,48,Female,Patna,Bihar,Regular,2026-06-08
11942,Rahul Tiwari,user11942@example.com,9902188011,51,Female,Gurugram,Haryana,Regular,2026-07-06
11943,Vivaan Yadav,user11943@example.com,9763847354,59,Male,Pune,Maharashtra,New,2025-03-15
11944,Yash Verma,user11944@example.com,9328166528,52,Male,Kolkata,West Bengal,New,2026-06-29
11945,Aditya Bansal,user11945@example.com,9686026848,56,Male,Chennai,Tamil Nadu,Regular,2025-09-12
11946,Neeraj Jain,user11946@example.com,9858808974,56,Male,Hyderabad,Telangana,New,2026-06-03
11947,Abhishek Malhotra,user11947@example.com,9207242623,50,Female,Bhopal,Madhya Pradesh,New,2025-12-05
11948,Simran Mishra,user11948@example.com,9679452240,25,Female,Chandigarh,Chandigarh,Premium,2026-03-13
11949,Ananya Agarwal,user11949@example.com,9694606561,49,Female,Noida,Uttar Pradesh,Regular,2025-10-12
11950,Abhishek Jain,user11950@example.com,9556552144,50,Female,Gurugram,Haryana,New,2025-08-21
11951,Rohit Srivastava,user11951@example.com,9614395059,25,Male,Pune,Maharashtra,Regular,2025-03-11
11952,Aditi Gupta,user11952@example.com,9958949800,31,Male,Indore,Madhya Pradesh,Regular,2025-04-24
11953,Sneha Patel,user11953@example.com,9126127619,51,Male,Gurugram,Haryana,Regular,2025-02-10
11954,Karan Sharma,user11954@example.com,9828956620,25,Female,Chennai,Tamil Nadu,Regular,2026-07-25
11955,Simran Patel,user11955@example.com,9100677510,59,Female,Pune,Maharashtra,Regular,2025-02-15
11956,Aditi Kumar,user11956@example.com,9610547501,24,Female,Hyderabad,Telangana,New,2026-04-03
11957,Mohit Kapoor,user11957@example.com,9528050952,30,Male,Dehradun,Uttarakhand,Regular,2025-09-09
11958,Priya Kapoor,user11958@example.com,9577158870,38,Male,Kolkata,West Bengal,New,2026-04-27
11959,Himanshu Chauhan,user11959@example.com,9995287456,49,Female,Pune,Maharashtra,New,2025-06-19
11960,Isha Kapoor,user11960@example.com,9996594259,28,Male,Bhopal,Madhya Pradesh,Regular,2025-10-13
11961,Yash Tiwari,user11961@example.com,9305627267,31,Female,Kanpur,Uttar Pradesh,New,2025-04-28
11962,Akash Agarwal,user11962@example.com,9924479552,28,Male,Lucknow,Uttar Pradesh,Regular,2025-12-19
11963,Ankit Bansal,user11963@example.com,9359329525,19,Male,Mumbai,Maharashtra,Regular,2025-09-09
11964,Vivaan Malhotra,user11964@example.com,9720686441,51,Female,Chennai,Tamil Nadu,Regular,2025-07-22
11965,Neha Bansal,user11965@example.com,9735471649,34,Male,Pune,Maharashtra,New,2026-04-10
11966,Neha Tiwari,user11966@example.com,9528226010,31,Female,Chandigarh,Chandigarh,Regular,2025-05-13
11967,Arjun Tiwari,user11967@example.com,9850219092,42,Female,Bhopal,Madhya Pradesh,Premium,2025-07-31
11968,Aarav Patel,user11968@example.com,9529663831,44,Male,Lucknow,Uttar Pradesh,Regular,2025-10-18
11969,Varun Joshi,user11969@example.com,9338966222,25,Female,Bengaluru,Karnataka,Regular,2025-09-12
11970,Sahil Mishra,user11970@example.com,9933500642,34,Female,Jaipur,Rajasthan,New,2025-10-02
11971,Karan Yadav,user11971@example.com,9632314815,22,Male,Delhi,Delhi,New,2026-04-04
11972,Pooja Jain,user11972@example.com,9376268184,29,Female,Lucknow,Uttar Pradesh,Regular,2026-03-27
11973,Arjun Sinha,user11973@example.com,9296275848,55,Female,Gurugram,Haryana,New,2025-10-15
11974,Himanshu Gupta,user11974@example.com,9473510928,35,Male,Hyderabad,Telangana,Premium,2025-06-29
11975,Neeraj Kapoor,user11975@example.com,9296766907,43,Female,Bengaluru,Karnataka,Regular,2026-04-20
11976,Abhishek Chauhan,user11976@example.com,9387883394,48,Male,Delhi,Delhi,Regular,2025-12-25
11977,Rahul Patel,user11977@example.com,9725859075,54,Female,Mumbai,Maharashtra,Regular,2025-02-05
11978,Aditi Singh,user11978@example.com,9360754922,23,Female,Hyderabad,Telangana,Regular,2026-04-06
11979,Neeraj Yadav,user11979@example.com,9923854555,58,Male,Pune,Maharashtra,Regular,2025-09-22
11980,Neha Mishra,user11980@example.com,9391527942,32,Male,Lucknow,Uttar Pradesh,Premium,2025-02-10
11981,Isha Srivastava,user11981@example.com,9622346009,59,Male,Chandigarh,Chandigarh,Premium,2025-05-09
11982,Kavya Kumar,user11982@example.com,9924122826,43,Male,Dehradun,Uttarakhand,Premium,2026-04-27
11983,Ananya Gupta,user11983@example.com,9379370263,29,Female,Noida,Uttar Pradesh,Regular,2026-02-03
11984,Nikhil Sinha,user11984@example.com,9800350442,58,Female,Jaipur,Rajasthan,Regular,2026-05-25
11985,Aarav Malhotra,user11985@example.com,9214871012,31,Male,Ahmedabad,Gujarat,Regular,2026-04-07
11986,Mohit Agarwal,user11986@example.com,9878130188,18,Female,Bengaluru,Karnataka,New,2026-05-16
11987,Sneha Bansal,user11987@example.com,9512126844,34,Female,Mumbai,Maharashtra,New,2026-03-12
11988,Vivaan Singh,user11988@example.com,9819218347,50,Female,Bengaluru,Karnataka,New,2026-03-06
11989,Priya Yadav,user11989@example.com,9752871401,46,Female,Indore,Madhya Pradesh,New,2025-09-02
11990,Pooja Mehta,user11990@example.com,9966428198,48,Female,Gurugram,Haryana,Regular,2026-07-01
11991,Karan Shah,user11991@example.com,9990419090,25,Male,Ahmedabad,Gujarat,New,2026-03-18
11992,Abhishek Bansal,user11992@example.com,9127194802,47,Male,Gurugram,Haryana,Premium,2025-02-22
11993,Pooja Mehta,user11993@example.com,9228686667,30,Female,Mumbai,Maharashtra,Regular,2025-02-05
11994,Nikhil Chauhan,user11994@example.com,9872590564,33,Male,Noida,Uttar Pradesh,New,2025-04-14
11995,Rahul Patel,user11995@example.com,9537617015,19,Male,Ahmedabad,Gujarat,New,2025-12-04
11996,Neha Malhotra,user11996@example.com,9147365277,35,Female,Noida,Uttar Pradesh,Regular,2025-04-05
11997,Aditi Chauhan,user11997@example.com,9807657517,52,Female,Mumbai,Maharashtra,Regular,2025-09-27
11998,Ananya Sharma,user11998@example.com,9858307019,36,Male,Dehradun,Uttarakhand,Premium,2025-12-30
11999,Sahil Chauhan,user11999@example.com,9557722844,30,Male,Gurugram,Haryana,Premium,2026-03-16
12000,Neeraj Srivastava,user12000@example.com,9543703956,21,Male,Noida,Uttar Pradesh,Premium,2025-04-26
12001,Simran Kumar,user12001@example.com,9972539515,36,Male,Surat,Gujarat,Regular,2025-05-05
12002,Aditya Patel,user12002@example.com,9675062756,42,Male,Bengaluru,Karnataka,New,2025-03-29
12003,Neha Yadav,user12003@example.com,9828441135,55,Male,Ahmedabad,Gujarat,Regular,2025-03-13
12004,Karan Mishra,user12004@example.com,9597255485,48,Male,Lucknow,Uttar Pradesh,New,2025-11-20
12005,Kavya Verma,user12005@example.com,9808377145,53,Male,Jaipur,Rajasthan,Regular,2025-10-09
12006,Neha Patel,user12006@example.com,9659756049,21,Male,Chandigarh,Chandigarh,Regular,2025-11-29
12007,Neha Sinha,user12007@example.com,9593044922,56,Male,Patna,Bihar,Regular,2026-07-28
12008,Mohit Chauhan,user12008@example.com,9632818906,24,Male,Ranchi,Jharkhand,New,2025-11-15
12009,Vivaan Mehta,user12009@example.com,9306168292,33,Male,Chennai,Tamil Nadu,Regular,2025-10-14
12010,Ankit Joshi,user12010@example.com,9388106302,22,Female,Ranchi,Jharkhand,Regular,2025-06-30
12011,Mohit Jain,user12011@example.com,9496208929,40,Male,Ahmedabad,Gujarat,Premium,2025-08-10
12012,Riya Agarwal,user12012@example.com,9413654204,53,Female,Dehradun,Uttarakhand,New,2025-02-17
12013,Abhishek Shah,user12013@example.com,9899937381,49,Female,Ranchi,Jharkhand,Premium,2025-06-20
12014,Sahil Patel,user12014@example.com,9392533428,41,Male,Ahmedabad,Gujarat,Regular,2026-05-20
12015,Rahul Kumar,user12015@example.com,9522786072,42,Female,Bengaluru,Karnataka,Regular,2026-07-24
12016,Ananya Kapoor,user12016@example.com,9859357373,45,Male,Surat,Gujarat,Regular,2026-07-28
12017,Mohit Mehta,user12017@example.com,9539806173,36,Male,Gurugram,Haryana,Regular,2025-01-09
12018,Vivaan Jain,user12018@example.com,9297673949,24,Male,Ranchi,Jharkhand,New,2026-06-11
12019,Rahul Kumar,user12019@example.com,9619226281,58,Male,Chandigarh,Chandigarh,New,2026-07-06
12020,Rohan Chauhan,user12020@example.com,9960887550,34,Male,Kanpur,Uttar Pradesh,Premium,2026-08-02
12021,Neha Joshi,user12021@example.com,9117726000,19,Male,Bengaluru,Karnataka,Regular,2025-05-03
12022,Neha Chauhan,user12022@example.com,9415808589,33,Female,Jaipur,Rajasthan,New,2026-08-04
12023,Sneha Kumar,user12023@example.com,9190300855,56,Female,Surat,Gujarat,Regular,2025-06-16
12024,Mohit Gupta,user12024@example.com,9558071214,35,Male,Bengaluru,Karnataka,Regular,2025-02-05
12025,Nikhil Singh,user12025@example.com,9502065718,56,Male,Ahmedabad,Gujarat,New,2025-08-02
12026,Isha Verma,user12026@example.com,9177319441,18,Male,Delhi,Delhi,Regular,2025-01-04
12027,Karan Kumar,user12027@example.com,9915362082,20,Male,Surat,Gujarat,New,2026-04-11
12028,Aditi Jain,user12028@example.com,9381596624,38,Female,Mumbai,Maharashtra,New,2026-03-08
12029,Riya Shah,user12029@example.com,9381677471,47,Male,Indore,Madhya Pradesh,Regular,2025-04-05
12030,Vikas Sinha,user12030@example.com,9432798967,28,Male,Bengaluru,Karnataka,Regular,2026-04-19
12031,Varun Mishra,user12031@example.com,9899178135,39,Female,Pune,Maharashtra,New,2025-06-24
12032,Rahul Kapoor,user12032@example.com,9798483206,42,Female,Delhi,Delhi,Regular,2026-05-15
12033,Sahil Sharma,user12033@example.com,9916070924,20,Male,Ranchi,Jharkhand,New,2025-09-08
12034,Rahul Joshi,user12034@example.com,9692917117,47,Female,Ahmedabad,Gujarat,New,2025-07-22
12035,Ankit Srivastava,user12035@example.com,9655334106,41,Male,Mumbai,Maharashtra,New,2025-01-09
12036,Himanshu Bansal,user12036@example.com,9897163375,53,Male,Surat,Gujarat,New,2025-03-01
12037,Yash Tiwari,user12037@example.com,9193050180,40,Male,Noida,Uttar Pradesh,New,2025-10-05
12038,Sahil Bansal,user12038@example.com,9281343587,25,Male,Bhopal,Madhya Pradesh,Regular,2025-05-09
12039,Vikas Verma,user12039@example.com,9176910681,21,Female,Lucknow,Uttar Pradesh,Regular,2025-09-02
12040,Priya Agarwal,user12040@example.com,9813266217,56,Male,Delhi,Delhi,New,2026-04-16
12041,Rohit Mehta,user12041@example.com,9977831532,60,Male,Indore,Madhya Pradesh,New,2026-08-15
12042,Abhishek Tiwari,user12042@example.com,9501286814,48,Male,Chandigarh,Chandigarh,New,2025-12-11
12043,Varun Mishra,user12043@example.com,9703008201,46,Male,Noida,Uttar Pradesh,Regular,2026-06-12
12044,Himanshu Yadav,user12044@example.com,9812494873,53,Female,Hyderabad,Telangana,Regular,2026-08-19
12045,Sneha Kapoor,user12045@example.com,9490147029,30,Male,Noida,Uttar Pradesh,New,2025-07-23
12046,Rohan Bansal,user12046@example.com,9219037771,58,Male,Hyderabad,Telangana,Regular,2025-06-07
12047,Karan Malhotra,user12047@example.com,9653781535,26,Male,Delhi,Delhi,Regular,2025-11-26
12048,Riya Malhotra,user12048@example.com,9906981210,38,Male,Kolkata,West Bengal,New,2026-05-11
12049,Aditya Kapoor,user12049@example.com,9148478844,20,Male,Gurugram,Haryana,Regular,2026-07-29
12050,Varun Patel,user12050@example.com,9570417908,42,Male,Surat,Gujarat,Regular,2026-01-26
12051,Nikhil Shah,user12051@example.com,9105891709,42,Male,Lucknow,Uttar Pradesh,New,2025-04-24
12052,Arjun Patel,user12052@example.com,9849955123,29,Male,Indore,Madhya Pradesh,Regular,2026-05-22
12053,Priya Malhotra,user12053@example.com,9615645331,46,Male,Mumbai,Maharashtra,Regular,2026-05-16
12054,Aman Patel,user12054@example.com,9427524454,28,Female,Gurugram,Haryana,Regular,2025-03-16
12055,Aarav Kapoor,user12055@example.com,9844701288,28,Female,Kolkata,West Bengal,Regular,2025-01-01
12056,Arjun Sinha,user12056@example.com,9461108903,43,Female,Patna,Bihar,Regular,2026-06-27
12057,Ankit Mishra,user12057@example.com,9522562490,31,Female,Jaipur,Rajasthan,Regular,2025-08-17
12058,Mohit Malhotra,user12058@example.com,9196406732,33,Male,Surat,Gujarat,Regular,2025-11-17
12059,Neha Kumar,user12059@example.com,9432057613,27,Female,Chennai,Tamil Nadu,Regular,2025-01-24
12060,Simran Kapoor,user12060@example.com,9311122091,48,Male,Ahmedabad,Gujarat,New,2025-05-13
12061,Rahul Kapoor,user12061@example.com,9684701543,48,Male,Patna,Bihar,Regular,2026-02-24
12062,Isha Singh,user12062@example.com,9771619541,53,Male,Dehradun,Uttarakhand,Regular,2026-05-29
12063,Simran Kapoor,user12063@example.com,9889775663,27,Male,Chennai,Tamil Nadu,Regular,2025-10-15
12064,Priya Jain,user12064@example.com,9665091932,43,Female,Mumbai,Maharashtra,Premium,2026-07-19
12065,Nikhil Chauhan,user12065@example.com,9184748714,37,Male,Indore,Madhya Pradesh,Regular,2026-07-20
12066,Sahil Singh,user12066@example.com,9311707535,26,Male,Chandigarh,Chandigarh,New,2025-10-31
12067,Sahil Kumar,user12067@example.com,9604887405,32,Male,Gurugram,Haryana,Premium,2025-05-28
12068,Akash Yadav,user12068@example.com,9934752162,26,Male,Chennai,Tamil Nadu,Regular,2025-08-27
12069,Kavya Chauhan,user12069@example.com,9505296692,24,Male,Bhopal,Madhya Pradesh,Regular,2025-05-03
12070,Rohan Gupta,user12070@example.com,9453157025,43,Male,Mumbai,Maharashtra,Regular,2026-03-18
12071,Karan Agarwal,user12071@example.com,9507652866,41,Male,Gurugram,Haryana,Regular,2025-04-20
12072,Sahil Malhotra,user12072@example.com,9513814851,29,Female,Ranchi,Jharkhand,Regular,2025-06-24
12073,Isha Sinha,user12073@example.com,9440348149,37,Male,Pune,Maharashtra,Premium,2026-05-18
12074,Kavya Mishra,user12074@example.com,9866495108,31,Male,Surat,Gujarat,New,2025-11-27
12075,Nikhil Joshi,user12075@example.com,9477755273,39,Female,Bhopal,Madhya Pradesh,New,2025-07-12
12076,Aditi Kumar,user12076@example.com,9976241203,33,Female,Hyderabad,Telangana,Regular,2026-01-19
12077,Simran Mishra,user12077@example.com,9980340892,46,Male,Patna,Bihar,Premium,2025-04-20
12078,Arjun Gupta,user12078@example.com,9147265119,49,Male,Gurugram,Haryana,Premium,2026-08-22
12079,Karan Bansal,user12079@example.com,9573011998,36,Female,Noida,Uttar Pradesh,New,2025-03-01
12080,Nikhil Patel,user12080@example.com,9803579201,52,Male,Noida,Uttar Pradesh,Premium,2025-06-28
12081,Priya Kumar,user12081@example.com,9295269067,60,Male,Gurugram,Haryana,New,2026-04-01
12082,Himanshu Sharma,user12082@example.com,9777861700,49,Male,Indore,Madhya Pradesh,Premium,2025-02-09
12083,Pooja Singh,user12083@example.com,9517288100,37,Female,Bhopal,Madhya Pradesh,Regular,2025-07-11
12084,Mohit Kapoor,user12084@example.com,9689333146,57,Female,Surat,Gujarat,New,2026-05-07
12085,Mohit Patel,user12085@example.com,9356661078,37,Female,Indore,Madhya Pradesh,New,2025-06-19
12086,Neha Srivastava,user12086@example.com,9482751776,25,Male,Chennai,Tamil Nadu,New,2026-04-28
12087,Rahul Tiwari,user12087@example.com,9942739779,52,Male,Noida,Uttar Pradesh,New,2025-05-17
12088,Nikhil Joshi,user12088@example.com,9736160186,59,Male,Delhi,Delhi,Regular,2025-01-22
12089,Aarav Yadav,user12089@example.com,9306674111,30,Female,Lucknow,Uttar Pradesh,New,2026-03-29
12090,Riya Mehta,user12090@example.com,9284992980,58,Female,Bhopal,Madhya Pradesh,Premium,2025-10-16
12091,Vikas Chauhan,user12091@example.com,9971941719,23,Male,Delhi,Delhi,Regular,2026-04-29
12092,Mohit Jain,user12092@example.com,9299784875,33,Female,Bhopal,Madhya Pradesh,Regular,2026-05-17
12093,Rahul Tiwari,user12093@example.com,9648717918,22,Male,Ranchi,Jharkhand,New,2026-04-15
12094,Ananya Gupta,user12094@example.com,9839400811,51,Male,Bhopal,Madhya Pradesh,Premium,2025-09-06
12095,Yash Joshi,user12095@example.com,9529632751,23,Female,Surat,Gujarat,Regular,2026-03-10
12096,Ananya Sinha,user12096@example.com,9609712599,50,Male,Gurugram,Haryana,Premium,2025-03-17
12097,Riya Srivastava,user12097@example.com,9133243312,32,Male,Gurugram,Haryana,Premium,2026-06-17
12098,Sneha Kumar,user12098@example.com,9932419380,32,Male,Hyderabad,Telangana,New,2025-08-13
12099,Aditya Singh,user12099@example.com,9107726409,31,Female,Mumbai,Maharashtra,New,2026-05-15
12100,Rahul Yadav,user12100@example.com,9507964528,56,Female,Chandigarh,Chandigarh,Regular,2025-05-11
12101,Vivaan Kapoor,user12101@example.com,9869647217,22,Female,Noida,Uttar Pradesh,Premium,2025-07-22
12102,Rohit Gupta,user12102@example.com,9403930817,43,Female,Bengaluru,Karnataka,Regular,2026-02-08
12103,Vivaan Malhotra,user12103@example.com,9629328734,34,Male,Noida,Uttar Pradesh,Regular,2025-01-22
12104,Sahil Chauhan,user12104@example.com,9689077950,60,Male,Lucknow,Uttar Pradesh,Regular,2025-09-02
12105,Rohan Sharma,user12105@example.com,9627724056,33,Female,Patna,Bihar,Regular,2026-04-07
12106,Himanshu Malhotra,user12106@example.com,9626536323,52,Female,Lucknow,Uttar Pradesh,New,2026-04-16
12107,Sahil Mehta,user12107@example.com,9493154738,55,Female,Chandigarh,Chandigarh,Regular,2026-08-01
12108,Nikhil Yadav,user12108@example.com,9779174538,40,Female,Ahmedabad,Gujarat,New,2025-11-28
12109,Neha Yadav,user12109@example.com,9877741456,30,Female,Chandigarh,Chandigarh,Regular,2025-11-07
12110,Rohit Sinha,user12110@example.com,9575042667,50,Male,Bhopal,Madhya Pradesh,Premium,2026-04-20
12111,Ankit Malhotra,user12111@example.com,9749982913,46,Male,Surat,Gujarat,Regular,2025-08-06
12112,Himanshu Tiwari,user12112@example.com,9948437445,51,Female,Indore,Madhya Pradesh,Premium,2025-10-16
12113,Aman Singh,user12113@example.com,9221652168,51,Female,Mumbai,Maharashtra,Regular,2025-10-09
12114,Arjun Joshi,user12114@example.com,9817352772,44,Female,Kolkata,West Bengal,Regular,2026-03-03
12115,Priya Srivastava,user12115@example.com,9938716499,32,Male,Noida,Uttar Pradesh,Regular,2026-08-15
12116,Aarav Srivastava,user12116@example.com,9346971476,26,Male,Kanpur,Uttar Pradesh,Premium,2025-07-10
12117,Rohan Malhotra,user12117@example.com,9207547080,43,Female,Kanpur,Uttar Pradesh,Premium,2026-07-08
12118,Sneha Jain,user12118@example.com,9802471643,20,Female,Jaipur,Rajasthan,Regular,2025-07-01
12119,Vikas Agarwal,user12119@example.com,9709150204,53,Female,Kanpur,Uttar Pradesh,New,2025-12-16
12120,Karan Patel,user12120@example.com,9750090358,22,Male,Noida,Uttar Pradesh,New,2025-07-13
12121,Rahul Sinha,user12121@example.com,9116085063,37,Female,Chennai,Tamil Nadu,New,2025-05-15
12122,Neeraj Sharma,user12122@example.com,9543642078,37,Male,Noida,Uttar Pradesh,Premium,2026-05-26
12123,Himanshu Sinha,user12123@example.com,9238115347,22,Female,Kolkata,West Bengal,Regular,2025-06-02
12124,Ankit Sinha,user12124@example.com,9412925978,27,Male,Indore,Madhya Pradesh,Premium,2025-03-13
12125,Pooja Yadav,user12125@example.com,9560234503,33,Male,Patna,Bihar,Regular,2025-06-05
12126,Varun Chauhan,user12126@example.com,9750757365,42,Female,Hyderabad,Telangana,Regular,2026-01-01
12127,Aman Sinha,user12127@example.com,9708716116,42,Male,Kanpur,Uttar Pradesh,New,2025-09-07
12128,Varun Sharma,user12128@example.com,9869219132,47,Male,Hyderabad,Telangana,New,2025-09-26
12129,Rahul Chauhan,user12129@example.com,9483419291,31,Male,Gurugram,Haryana,Regular,2026-06-08
12130,Simran Bansal,user12130@example.com,9210320069,39,Female,Hyderabad,Telangana,Regular,2025-01-04
12131,Neeraj Mishra,user12131@example.com,9852582596,60,Male,Bhopal,Madhya Pradesh,New,2026-08-21
12132,Ananya Srivastava,user12132@example.com,9794873032,45,Male,Kanpur,Uttar Pradesh,Regular,2025-01-12
12133,Neeraj Shah,user12133@example.com,9206178566,47,Female,Pune,Maharashtra,Regular,2025-08-08
12134,Himanshu Kapoor,user12134@example.com,9182030779,36,Male,Ranchi,Jharkhand,Regular,2026-02-20
12135,Mohit Malhotra,user12135@example.com,9945211651,55,Male,Ranchi,Jharkhand,New,2026-03-07
12136,Ananya Jain,user12136@example.com,9246439910,59,Male,Delhi,Delhi,Regular,2026-01-15
12137,Arjun Srivastava,user12137@example.com,9531388292,37,Female,Lucknow,Uttar Pradesh,New,2025-11-28
12138,Abhishek Tiwari,user12138@example.com,9893725834,52,Male,Lucknow,Uttar Pradesh,Regular,2026-02-04
12139,Nikhil Sharma,user12139@example.com,9768255356,39,Female,Pune,Maharashtra,Regular,2026-02-26
12140,Karan Chauhan,user12140@example.com,9476835086,32,Male,Bengaluru,Karnataka,Regular,2026-08-15
12141,Arjun Yadav,user12141@example.com,9992076001,28,Female,Dehradun,Uttarakhand,Premium,2025-08-08
12142,Pooja Malhotra,user12142@example.com,9262281996,51,Female,Jaipur,Rajasthan,New,2025-07-06
12143,Isha Yadav,user12143@example.com,9769532789,41,Female,Pune,Maharashtra,New,2025-05-25
12144,Mohit Shah,user12144@example.com,9233726982,23,Male,Surat,Gujarat,Regular,2026-07-14
12145,Vivaan Sinha,user12145@example.com,9119947879,34,Female,Surat,Gujarat,Regular,2025-05-28
12146,Arjun Mishra,user12146@example.com,9631152823,45,Male,Lucknow,Uttar Pradesh,New,2025-07-20
12147,Rahul Srivastava,user12147@example.com,9346209766,48,Female,Mumbai,Maharashtra,Regular,2026-05-07
12148,Aditya Chauhan,user12148@example.com,9312019121,53,Male,Pune,Maharashtra,New,2025-03-14
12149,Vikas Kapoor,user12149@example.com,9909983005,26,Female,Indore,Madhya Pradesh,New,2025-06-09
12150,Simran Kumar,user12150@example.com,9403529493,27,Male,Jaipur,Rajasthan,Regular,2026-04-08
12151,Priya Sharma,user12151@example.com,9387527832,38,Female,Surat,Gujarat,Regular,2025-02-02
12152,Abhishek Patel,user12152@example.com,9275975579,51,Male,Gurugram,Haryana,Regular,2025-02-06
12153,Ankit Bansal,user12153@example.com,9762740597,48,Male,Pune,Maharashtra,Regular,2025-06-24
12154,Aditya Chauhan,user12154@example.com,9711339091,46,Male,Bhopal,Madhya Pradesh,Premium,2026-06-30
12155,Aditi Patel,user12155@example.com,9443737254,60,Male,Pune,Maharashtra,Regular,2026-07-24
12156,Pooja Joshi,user12156@example.com,9873031874,60,Male,Jaipur,Rajasthan,Regular,2025-05-13
12157,Isha Malhotra,user12157@example.com,9201702030,28,Male,Jaipur,Rajasthan,Premium,2025-08-30
12158,Vivaan Yadav,user12158@example.com,9464942681,50,Female,Noida,Uttar Pradesh,New,2025-03-25
12159,Vikas Sharma,user12159@example.com,9223204802,18,Male,Mumbai,Maharashtra,Regular,2025-02-16
12160,Rohit Mishra,user12160@example.com,9557463975,38,Female,Patna,Bihar,Premium,2025-03-25
12161,Arjun Srivastava,user12161@example.com,9864371320,40,Male,Chennai,Tamil Nadu,Premium,2026-05-20
12162,Simran Malhotra,user12162@example.com,9646958824,26,Female,Pune,Maharashtra,New,2026-04-16
12163,Vikas Malhotra,user12163@example.com,9867731438,18,Male,Jaipur,Rajasthan,New,2025-09-01
12164,Sahil Jain,user12164@example.com,9763043433,38,Female,Delhi,Delhi,New,2025-01-28
12165,Abhishek Srivastava,user12165@example.com,9614590177,39,Female,Chandigarh,Chandigarh,Regular,2025-03-29
12166,Varun Singh,user12166@example.com,9211023347,21,Male,Indore,Madhya Pradesh,Regular,2025-12-29
12167,Riya Malhotra,user12167@example.com,9954507076,18,Female,Chandigarh,Chandigarh,Regular,2025-05-10
12168,Himanshu Patel,user12168@example.com,9278563678,27,Male,Indore,Madhya Pradesh,Premium,2025-10-08
12169,Nikhil Gupta,user12169@example.com,9595172172,32,Male,Jaipur,Rajasthan,Regular,2026-01-11
12170,Mohit Mishra,user12170@example.com,9862969600,53,Male,Chandigarh,Chandigarh,Regular,2026-08-07
12171,Yash Yadav,user12171@example.com,9439889557,46,Male,Lucknow,Uttar Pradesh,New,2026-04-26
12172,Rahul Gupta,user12172@example.com,9405552957,22,Male,Dehradun,Uttarakhand,New,2025-02-07
12173,Vivaan Jain,user12173@example.com,9683787726,46,Female,Gurugram,Haryana,Regular,2026-08-19
12174,Himanshu Sinha,user12174@example.com,9519237649,44,Male,Dehradun,Uttarakhand,New,2025-01-07
12175,Aarav Patel,user12175@example.com,9633358639,42,Female,Kolkata,West Bengal,Regular,2026-01-22
12176,Rohan Singh,user12176@example.com,9157736192,33,Male,Surat,Gujarat,Premium,2026-08-02
12177,Neha Joshi,user12177@example.com,9633823210,33,Male,Lucknow,Uttar Pradesh,New,2025-07-06
12178,Akash Yadav,user12178@example.com,9981928072,53,Female,Noida,Uttar Pradesh,Regular,2025-01-12
12179,Nikhil Shah,user12179@example.com,9412168191,42,Female,Surat,Gujarat,Regular,2025-01-06
12180,Kavya Yadav,user12180@example.com,9161177238,58,Female,Ranchi,Jharkhand,New,2026-01-05
12181,Kavya Sharma,user12181@example.com,9472419690,18,Male,Indore,Madhya Pradesh,Regular,2026-06-04
12182,Sneha Joshi,user12182@example.com,9787001772,22,Female,Bengaluru,Karnataka,Regular,2026-01-03
12183,Aditya Verma,user12183@example.com,9849668857,58,Female,Gurugram,Haryana,Regular,2025-05-01
12184,Rohit Singh,user12184@example.com,9811212161,37,Male,Hyderabad,Telangana,Regular,2025-09-12
12185,Himanshu Sharma,user12185@example.com,9404146829,22,Male,Surat,Gujarat,Premium,2025-03-21
12186,Ananya Mishra,user12186@example.com,9439284261,53,Male,Mumbai,Maharashtra,Regular,2025-09-07
12187,Rohan Sharma,user12187@example.com,9745186087,46,Male,Chennai,Tamil Nadu,New,2025-12-06
12188,Neha Jain,user12188@example.com,9982333118,51,Male,Chennai,Tamil Nadu,Regular,2025-05-26
12189,Akash Tiwari,user12189@example.com,9430378065,35,Female,Chandigarh,Chandigarh,Regular,2025-04-13
12190,Aditi Patel,user12190@example.com,9854820111,19,Male,Dehradun,Uttarakhand,Regular,2026-08-20
12191,Aman Kapoor,user12191@example.com,9550614910,33,Female,Hyderabad,Telangana,Regular,2025-04-15
12192,Isha Srivastava,user12192@example.com,9342934644,46,Female,Dehradun,Uttarakhand,New,2025-11-08
12193,Ananya Chauhan,user12193@example.com,9299756779,50,Male,Hyderabad,Telangana,Regular,2026-01-26
12194,Arjun Agarwal,user12194@example.com,9913864138,33,Male,Hyderabad,Telangana,Regular,2025-04-04
12195,Akash Kumar,user12195@example.com,9143544709,52,Male,Delhi,Delhi,Regular,2025-02-05
12196,Kavya Shah,user12196@example.com,9359617538,60,Female,Noida,Uttar Pradesh,Premium,2025-01-17
12197,Vikas Shah,user12197@example.com,9820154125,59,Female,Ranchi,Jharkhand,Premium,2026-04-13
12198,Arjun Kapoor,user12198@example.com,9212772161,34,Male,Delhi,Delhi,Regular,2025-03-09
12199,Rohan Bansal,user12199@example.com,9379917023,21,Female,Chennai,Tamil Nadu,Regular,2026-04-19
12200,Isha Mehta,user12200@example.com,9644338782,21,Male,Indore,Madhya Pradesh,Regular,2025-04-03
12201,Vivaan Mishra,user12201@example.com,9949936842,42,Female,Bengaluru,Karnataka,Regular,2025-06-15
12202,Akash Agarwal,user12202@example.com,9941334101,50,Female,Kolkata,West Bengal,Premium,2026-06-13
12203,Sneha Mishra,user12203@example.com,9354557890,31,Male,Noida,Uttar Pradesh,Regular,2026-07-27
12204,Karan Gupta,user12204@example.com,9111145841,41,Male,Bengaluru,Karnataka,New,2026-03-06
12205,Isha Patel,user12205@example.com,9110301598,28,Male,Bengaluru,Karnataka,Regular,2026-05-31
12206,Aditi Chauhan,user12206@example.com,9992082336,42,Male,Dehradun,Uttarakhand,Regular,2025-07-23
12207,Varun Bansal,user12207@example.com,9480876029,45,Female,Patna,Bihar,Regular,2025-03-19
12208,Varun Tiwari,user12208@example.com,9229542103,24,Male,Dehradun,Uttarakhand,Regular,2025-08-18
12209,Karan Joshi,user12209@example.com,9130115712,53,Female,Chandigarh,Chandigarh,New,2025-01-20
12210,Nikhil Srivastava,user12210@example.com,9993727659,27,Male,Kanpur,Uttar Pradesh,New,2025-07-25
12211,Neeraj Gupta,user12211@example.com,9288521998,53,Female,Jaipur,Rajasthan,Regular,2025-07-18
12212,Ankit Malhotra,user12212@example.com,9644807066,48,Female,Ahmedabad,Gujarat,Regular,2025-02-04
12213,Vivaan Kapoor,user12213@example.com,9309689061,36,Female,Delhi,Delhi,New,2025-12-22
12214,Isha Patel,user12214@example.com,9287019695,35,Male,Jaipur,Rajasthan,Regular,2026-08-13
12215,Sneha Gupta,user12215@example.com,9282424602,23,Male,Bengaluru,Karnataka,Regular,2025-11-13
12216,Akash Kumar,user12216@example.com,9255831307,45,Female,Chandigarh,Chandigarh,Premium,2025-08-22
12217,Riya Mishra,user12217@example.com,9534186306,24,Male,Bengaluru,Karnataka,New,2025-10-16
12218,Neha Agarwal,user12218@example.com,9110488349,55,Male,Kolkata,West Bengal,New,2025-05-11
12219,Nikhil Chauhan,user12219@example.com,9345753951,29,Male,Delhi,Delhi,Regular,2026-03-27
12220,Pooja Yadav,user12220@example.com,9996962774,58,Female,Chandigarh,Chandigarh,New,2026-04-11
12221,Varun Jain,user12221@example.com,9988375489,51,Female,Kanpur,Uttar Pradesh,Premium,2025-07-09
12222,Sahil Singh,user12222@example.com,9945207174,42,Female,Gurugram,Haryana,New,2025-02-28
12223,Varun Yadav,user12223@example.com,9630461985,34,Male,Dehradun,Uttarakhand,Regular,2025-09-20
12224,Kavya Mishra,user12224@example.com,9712376095,50,Male,Jaipur,Rajasthan,Premium,2025-02-04
12225,Arjun Srivastava,user12225@example.com,9562639988,40,Female,Surat,Gujarat,Regular,2025-02-19
12226,Nikhil Tiwari,user12226@example.com,9993708326,26,Male,Bengaluru,Karnataka,New,2025-09-14
12227,Aditi Shah,user12227@example.com,9505469023,23,Male,Bhopal,Madhya Pradesh,Regular,2026-08-12
12228,Mohit Mehta,user12228@example.com,9281633962,19,Female,Lucknow,Uttar Pradesh,Regular,2026-06-21
12229,Aditi Jain,user12229@example.com,9973165738,55,Male,Kolkata,West Bengal,New,2025-08-04
12230,Arjun Gupta,user12230@example.com,9203649485,26,Male,Surat,Gujarat,Regular,2025-12-21
12231,Aditya Agarwal,user12231@example.com,9574215341,20,Male,Patna,Bihar,Regular,2025-03-23
12232,Ananya Srivastava,user12232@example.com,9510324895,33,Male,Kanpur,Uttar Pradesh,Premium,2025-10-08
12233,Akash Sinha,user12233@example.com,9727169763,42,Male,Pune,Maharashtra,New,2026-01-13
12234,Ananya Singh,user12234@example.com,9867861506,41,Female,Kanpur,Uttar Pradesh,New,2025-01-22
12235,Abhishek Joshi,user12235@example.com,9351085048,46,Male,Kanpur,Uttar Pradesh,New,2026-05-07
12236,Pooja Verma,user12236@example.com,9786940532,57,Male,Kolkata,West Bengal,Regular,2025-12-20
12237,Abhishek Patel,user12237@example.com,9564656190,43,Female,Jaipur,Rajasthan,Regular,2025-05-13
12238,Isha Sharma,user12238@example.com,9219245678,55,Female,Jaipur,Rajasthan,Regular,2026-06-18
12239,Riya Joshi,user12239@example.com,9705232935,52,Male,Bengaluru,Karnataka,Regular,2025-09-21
12240,Akash Gupta,user12240@example.com,9442806289,40,Female,Chennai,Tamil Nadu,New,2025-06-12
12241,Mohit Kumar,user12241@example.com,9199570498,21,Female,Mumbai,Maharashtra,Regular,2025-12-26
12242,Isha Mehta,user12242@example.com,9745815142,59,Male,Patna,Bihar,New,2025-02-20
12243,Priya Yadav,user12243@example.com,9740574141,31,Male,Ranchi,Jharkhand,New,2025-10-10
12244,Sneha Mishra,user12244@example.com,9130042249,56,Male,Dehradun,Uttarakhand,New,2026-02-13
12245,Arjun Singh,user12245@example.com,9141843501,24,Female,Bengaluru,Karnataka,New,2025-04-21
12246,Mohit Kumar,user12246@example.com,9142408758,25,Male,Bengaluru,Karnataka,Regular,2026-05-31
12247,Neha Chauhan,user12247@example.com,9759661741,59,Male,Hyderabad,Telangana,Regular,2026-01-12
12248,Isha Joshi,user12248@example.com,9361222218,36,Female,Noida,Uttar Pradesh,New,2025-07-31
12249,Ananya Srivastava,user12249@example.com,9763034299,19,Male,Patna,Bihar,Premium,2025-05-09
12250,Priya Sinha,user12250@example.com,9903494240,18,Female,Indore,Madhya Pradesh,Regular,2026-03-09
12251,Yash Patel,user12251@example.com,9632063001,59,Female,Gurugram,Haryana,New,2025-04-16
12252,Varun Patel,user12252@example.com,9174414490,55,Male,Dehradun,Uttarakhand,New,2025-02-10
12253,Isha Chauhan,user12253@example.com,9376775589,30,Female,Lucknow,Uttar Pradesh,Regular,2026-02-10
12254,Riya Srivastava,user12254@example.com,9421738517,59,Male,Lucknow,Uttar Pradesh,Premium,2025-01-17
12255,Nikhil Malhotra,user12255@example.com,9968877849,41,Male,Bhopal,Madhya Pradesh,Regular,2025-09-10
12256,Rahul Mehta,user12256@example.com,9284656324,49,Male,Hyderabad,Telangana,Premium,2025-01-30
12257,Priya Shah,user12257@example.com,9994757282,47,Female,Hyderabad,Telangana,Regular,2025-12-27
12258,Varun Srivastava,user12258@example.com,9438016705,23,Female,Indore,Madhya Pradesh,Regular,2026-04-19
12259,Akash Sinha,user12259@example.com,9638508258,55,Male,Chennai,Tamil Nadu,Regular,2026-05-23
12260,Abhishek Agarwal,user12260@example.com,9730525512,50,Male,Lucknow,Uttar Pradesh,Regular,2025-01-22
12261,Rahul Patel,user12261@example.com,9914306418,40,Male,Ahmedabad,Gujarat,Regular,2025-11-09
12262,Sahil Chauhan,user12262@example.com,9875508018,27,Female,Bengaluru,Karnataka,Premium,2025-03-01
12263,Neeraj Srivastava,user12263@example.com,9236533360,32,Female,Noida,Uttar Pradesh,New,2026-01-01
12264,Aditi Agarwal,user12264@example.com,9865976465,40,Female,Chandigarh,Chandigarh,Regular,2026-08-11
12265,Sahil Singh,user12265@example.com,9848318378,53,Female,Ranchi,Jharkhand,Regular,2025-08-24
12266,Abhishek Jain,user12266@example.com,9449585163,18,Female,Noida,Uttar Pradesh,Regular,2025-01-10
12267,Rohit Joshi,user12267@example.com,9750245634,25,Male,Kolkata,West Bengal,New,2025-08-13
12268,Aditi Jain,user12268@example.com,9364246135,20,Male,Chennai,Tamil Nadu,Regular,2026-08-25
12269,Arjun Joshi,user12269@example.com,9587234533,31,Female,Patna,Bihar,Regular,2025-07-01
12270,Arjun Mehta,user12270@example.com,9688228486,34,Male,Dehradun,Uttarakhand,Regular,2025-08-13
12271,Yash Mehta,user12271@example.com,9413719776,51,Male,Bengaluru,Karnataka,Regular,2025-11-17
12272,Yash Mishra,user12272@example.com,9393199660,23,Female,Indore,Madhya Pradesh,Regular,2025-10-31
12273,Neeraj Agarwal,user12273@example.com,9809005182,22,Female,Hyderabad,Telangana,Regular,2025-12-11
12274,Sahil Singh,user12274@example.com,9821200981,58,Male,Bengaluru,Karnataka,Premium,2026-08-11
12275,Mohit Gupta,user12275@example.com,9740361074,57,Female,Bhopal,Madhya Pradesh,Regular,2025-10-15
12276,Rohan Gupta,user12276@example.com,9992577202,46,Female,Indore,Madhya Pradesh,New,2026-08-13
12277,Pooja Mehta,user12277@example.com,9762766818,52,Male,Surat,Gujarat,New,2025-11-22
12278,Mohit Jain,user12278@example.com,9832172950,35,Male,Surat,Gujarat,Regular,2026-06-26
12279,Priya Chauhan,user12279@example.com,9638284299,57,Male,Ahmedabad,Gujarat,Regular,2026-02-14
12280,Arjun Jain,user12280@example.com,9913278807,47,Male,Kanpur,Uttar Pradesh,Premium,2026-01-04
12281,Kavya Singh,user12281@example.com,9795568189,32,Female,Bhopal,Madhya Pradesh,Regular,2026-01-20
12282,Vivaan Verma,user12282@example.com,9305603569,32,Male,Dehradun,Uttarakhand,Premium,2025-07-21
12283,Vivaan Sinha,user12283@example.com,9921394791,33,Male,Gurugram,Haryana,New,2025-03-22
12284,Rahul Tiwari,user12284@example.com,9202913352,50,Male,Pune,Maharashtra,Regular,2026-05-09
12285,Isha Bansal,user12285@example.com,9834922572,27,Male,Dehradun,Uttarakhand,New,2025-05-07
12286,Himanshu Kumar,user12286@example.com,9161076519,36,Male,Ahmedabad,Gujarat,New,2025-08-26
12287,Himanshu Mehta,user12287@example.com,9239051189,54,Female,Hyderabad,Telangana,Regular,2026-03-15
12288,Vikas Bansal,user12288@example.com,9447522537,20,Male,Patna,Bihar,New,2025-06-14
12289,Sahil Patel,user12289@example.com,9470392272,53,Female,Indore,Madhya Pradesh,Regular,2025-10-07
12290,Rohan Gupta,user12290@example.com,9639403142,21,Female,Chandigarh,Chandigarh,Regular,2025-11-30
12291,Rahul Jain,user12291@example.com,9330968592,28,Male,Bengaluru,Karnataka,Regular,2026-04-05
12292,Neha Joshi,user12292@example.com,9322139510,58,Female,Bhopal,Madhya Pradesh,New,2025-12-20
12293,Himanshu Bansal,user12293@example.com,9515067517,50,Female,Bengaluru,Karnataka,Regular,2026-04-16
12294,Himanshu Kapoor,user12294@example.com,9965496599,45,Male,Bhopal,Madhya Pradesh,Premium,2025-07-12
12295,Aman Tiwari,user12295@example.com,9419248641,49,Male,Pune,Maharashtra,Premium,2025-04-17
12296,Kavya Jain,user12296@example.com,9347199202,33,Female,Ahmedabad,Gujarat,Regular,2025-10-30
12297,Riya Singh,user12297@example.com,9267135740,26,Female,Kolkata,West Bengal,Regular,2026-04-05
12298,Neeraj Shah,user12298@example.com,9331336027,28,Male,Kolkata,West Bengal,Regular,2026-03-16
12299,Priya Shah,user12299@example.com,9647346386,23,Male,Chandigarh,Chandigarh,Regular,2026-04-26
12300,Karan Verma,user12300@example.com,9399242656,44,Male,Indore,Madhya Pradesh,Regular,2025-02-09
12301,Aarav Jain,user12301@example.com,9384266644,29,Male,Noida,Uttar Pradesh,Regular,2025-12-02
12302,Riya Jain,user12302@example.com,9918284660,39,Male,Patna,Bihar,Regular,2025-04-14
12303,Akash Gupta,user12303@example.com,9581679817,57,Male,Surat,Gujarat,Regular,2026-04-20
12304,Rohan Srivastava,user12304@example.com,9110971700,54,Male,Indore,Madhya Pradesh,New,2026-05-18
12305,Rohit Srivastava,user12305@example.com,9311532589,38,Male,Patna,Bihar,Regular,2026-05-12
12306,Priya Tiwari,user12306@example.com,9198907912,50,Male,Kanpur,Uttar Pradesh,New,2025-10-11
12307,Aditi Kapoor,user12307@example.com,9676341989,34,Male,Ahmedabad,Gujarat,Regular,2026-07-01
12308,Priya Tiwari,user12308@example.com,9196786226,46,Male,Chandigarh,Chandigarh,New,2025-02-25
12309,Akash Kumar,user12309@example.com,9688666868,57,Male,Kolkata,West Bengal,Regular,2025-08-26
12310,Vikas Singh,user12310@example.com,9420743657,27,Female,Jaipur,Rajasthan,Regular,2025-11-19
12311,Akash Malhotra,user12311@example.com,9525506166,35,Female,Delhi,Delhi,Regular,2025-11-08
12312,Rahul Malhotra,user12312@example.com,9600275025,30,Male,Gurugram,Haryana,New,2025-06-04
12313,Neha Mehta,user12313@example.com,9582338740,44,Male,Kanpur,Uttar Pradesh,Regular,2025-08-27
12314,Pooja Gupta,user12314@example.com,9901058706,27,Male,Pune,Maharashtra,New,2025-04-05
12315,Aditi Sharma,user12315@example.com,9509200836,49,Male,Ahmedabad,Gujarat,Regular,2025-03-20
12316,Yash Jain,user12316@example.com,9861108504,58,Male,Patna,Bihar,Regular,2026-06-04
12317,Simran Shah,user12317@example.com,9486099594,20,Male,Jaipur,Rajasthan,Premium,2026-06-09
12318,Karan Sharma,user12318@example.com,9628433865,39,Female,Patna,Bihar,New,2025-11-06
12319,Aman Tiwari,user12319@example.com,9744036368,44,Male,Bengaluru,Karnataka,Regular,2026-03-01
12320,Ankit Srivastava,user12320@example.com,9313847513,20,Male,Chennai,Tamil Nadu,Premium,2025-01-05
12321,Neeraj Agarwal,user12321@example.com,9784613854,50,Female,Ranchi,Jharkhand,Premium,2025-04-03
12322,Arjun Yadav,user12322@example.com,9530310239,19,Female,Bengaluru,Karnataka,New,2025-08-21
12323,Abhishek Patel,user12323@example.com,9773726228,28,Male,Delhi,Delhi,Regular,2026-05-04
12324,Aarav Srivastava,user12324@example.com,9609694481,27,Male,Ahmedabad,Gujarat,New,2025-09-03
12325,Sahil Jain,user12325@example.com,9151434683,56,Male,Jaipur,Rajasthan,Regular,2025-02-13
12326,Rohit Agarwal,user12326@example.com,9224470673,50,Male,Gurugram,Haryana,New,2025-09-30
12327,Sneha Joshi,user12327@example.com,9584770445,24,Male,Delhi,Delhi,Regular,2026-05-23
12328,Aarav Jain,user12328@example.com,9302892423,32,Male,Lucknow,Uttar Pradesh,New,2025-02-13
12329,Aditi Srivastava,user12329@example.com,9878444737,43,Male,Bengaluru,Karnataka,Regular,2025-03-17
12330,Simran Sharma,user12330@example.com,9322390066,28,Female,Gurugram,Haryana,Regular,2026-03-07
12331,Ankit Verma,user12331@example.com,9902970190,55,Female,Chennai,Tamil Nadu,Premium,2025-03-05
12332,Akash Kapoor,user12332@example.com,9519037627,44,Male,Noida,Uttar Pradesh,Regular,2025-05-31
12333,Arjun Sinha,user12333@example.com,9268716705,56,Male,Kolkata,West Bengal,New,2025-12-29
12334,Neha Yadav,user12334@example.com,9138362403,24,Male,Chennai,Tamil Nadu,New,2025-08-19
12335,Mohit Kumar,user12335@example.com,9528102205,18,Male,Bhopal,Madhya Pradesh,New,2026-03-01
12336,Himanshu Patel,user12336@example.com,9302209408,27,Male,Pune,Maharashtra,Regular,2026-03-25
12337,Aman Srivastava,user12337@example.com,9905802994,38,Female,Noida,Uttar Pradesh,Regular,2026-02-25
12338,Pooja Sinha,user12338@example.com,9858288724,32,Female,Hyderabad,Telangana,Regular,2026-04-05
12339,Aarav Sharma,user12339@example.com,9898663936,47,Female,Ranchi,Jharkhand,New,2025-11-05
12340,Rohan Mehta,user12340@example.com,9976841951,47,Female,Chandigarh,Chandigarh,Regular,2025-06-27
12341,Neha Tiwari,user12341@example.com,9576966611,25,Female,Hyderabad,Telangana,Regular,2026-02-27
12342,Kavya Kapoor,user12342@example.com,9199970613,41,Female,Surat,Gujarat,Premium,2026-07-23
12343,Priya Bansal,user12343@example.com,9883425635,36,Female,Lucknow,Uttar Pradesh,Regular,2025-04-29
12344,Riya Joshi,user12344@example.com,9175212838,20,Male,Chennai,Tamil Nadu,Regular,2025-08-09
12345,Nikhil Verma,user12345@example.com,9989470877,32,Male,Ahmedabad,Gujarat,Regular,2025-10-28
12346,Sneha Mishra,user12346@example.com,9400902662,53,Male,Dehradun,Uttarakhand,New,2026-06-10
12347,Rohit Yadav,user12347@example.com,9725275029,23,Female,Bhopal,Madhya Pradesh,Regular,2026-05-29
12348,Isha Kapoor,user12348@example.com,9429079596,59,Male,Bhopal,Madhya Pradesh,Regular,2025-01-01
12349,Yash Srivastava,user12349@example.com,9509826633,35,Male,Noida,Uttar Pradesh,New,2025-12-31
12350,Yash Agarwal,user12350@example.com,9112584519,55,Male,Surat,Gujarat,New,2025-04-08
12351,Aman Sharma,user12351@example.com,9323607002,36,Female,Kolkata,West Bengal,New,2025-02-13
12352,Ananya Kumar,user12352@example.com,9849734793,47,Male,Ranchi,Jharkhand,Premium,2025-02-20
12353,Pooja Malhotra,user12353@example.com,9267292813,30,Female,Kanpur,Uttar Pradesh,New,2026-03-18
12354,Riya Sinha,user12354@example.com,9475068461,56,Female,Mumbai,Maharashtra,Regular,2025-10-17
12355,Rahul Tiwari,user12355@example.com,9142937466,29,Female,Kanpur,Uttar Pradesh,New,2025-06-05
12356,Sneha Mehta,user12356@example.com,9648204787,51,Male,Jaipur,Rajasthan,Regular,2025-11-10
12357,Priya Tiwari,user12357@example.com,9525180021,29,Male,Lucknow,Uttar Pradesh,Regular,2026-05-19
12358,Abhishek Kapoor,user12358@example.com,9313586506,41,Male,Patna,Bihar,Premium,2025-12-23
12359,Varun Agarwal,user12359@example.com,9975543045,21,Male,Lucknow,Uttar Pradesh,New,2026-07-29
12360,Aman Srivastava,user12360@example.com,9415468820,53,Male,Surat,Gujarat,Regular,2025-12-22
12361,Pooja Mehta,user12361@example.com,9507886013,31,Female,Chennai,Tamil Nadu,Regular,2026-01-03
12362,Simran Srivastava,user12362@example.com,9762559968,34,Male,Gurugram,Haryana,Premium,2026-03-02
12363,Neeraj Malhotra,user12363@example.com,9461622118,20,Female,Jaipur,Rajasthan,New,2026-08-20
12364,Aarav Gupta,user12364@example.com,9433062999,55,Female,Mumbai,Maharashtra,New,2026-05-28
12365,Aarav Singh,user12365@example.com,9177158865,40,Male,Bengaluru,Karnataka,Regular,2025-08-16
12366,Sahil Malhotra,user12366@example.com,9843647330,30,Female,Pune,Maharashtra,New,2026-02-12
12367,Aditya Jain,user12367@example.com,9183137341,26,Female,Chennai,Tamil Nadu,New,2025-06-20
12368,Himanshu Shah,user12368@example.com,9440452714,38,Male,Mumbai,Maharashtra,Regular,2025-01-29
12369,Priya Verma,user12369@example.com,9437992786,58,Male,Bhopal,Madhya Pradesh,Regular,2025-11-19
12370,Aditya Gupta,user12370@example.com,9831276980,25,Male,Lucknow,Uttar Pradesh,Regular,2026-08-13
12371,Vikas Chauhan,user12371@example.com,9988641175,34,Male,Chandigarh,Chandigarh,Regular,2025-10-22
12372,Karan Mishra,user12372@example.com,9296028093,33,Female,Surat,Gujarat,Regular,2025-01-17
12373,Aditya Sharma,user12373@example.com,9587008161,33,Male,Dehradun,Uttarakhand,Regular,2026-04-09
12374,Pooja Patel,user12374@example.com,9665408789,45,Female,Pune,Maharashtra,Regular,2025-03-22
12375,Sahil Mehta,user12375@example.com,9196770627,33,Male,Lucknow,Uttar Pradesh,Regular,2026-03-18
12376,Aman Patel,user12376@example.com,9391029176,31,Male,Bhopal,Madhya Pradesh,New,2025-07-11
12377,Sahil Kapoor,user12377@example.com,9203825929,55,Male,Gurugram,Haryana,New,2025-02-04
12378,Isha Patel,user12378@example.com,9587713031,37,Male,Jaipur,Rajasthan,Regular,2025-10-03
12379,Yash Patel,user12379@example.com,9652977632,58,Male,Ranchi,Jharkhand,Regular,2025-04-01
12380,Yash Sinha,user12380@example.com,9589842298,51,Male,Surat,Gujarat,Regular,2026-08-23
12381,Mohit Verma,user12381@example.com,9468260133,46,Female,Lucknow,Uttar Pradesh,Regular,2026-02-21
12382,Sahil Verma,user12382@example.com,9519496938,20,Female,Noida,Uttar Pradesh,New,2025-11-14
12383,Vivaan Singh,user12383@example.com,9155213885,27,Male,Indore,Madhya Pradesh,New,2026-05-21
12384,Priya Joshi,user12384@example.com,9252923291,37,Male,Kanpur,Uttar Pradesh,New,2025-11-17
12385,Sneha Chauhan,user12385@example.com,9563732617,19,Male,Kanpur,Uttar Pradesh,Regular,2026-07-20
12386,Isha Agarwal,user12386@example.com,9334215724,44,Male,Dehradun,Uttarakhand,Regular,2025-12-25
12387,Nikhil Malhotra,user12387@example.com,9540597312,49,Female,Bhopal,Madhya Pradesh,Regular,2026-03-25
12388,Isha Verma,user12388@example.com,9596105441,27,Female,Kanpur,Uttar Pradesh,Regular,2025-01-03
12389,Aman Tiwari,user12389@example.com,9539102530,57,Female,Chandigarh,Chandigarh,Premium,2025-02-16
12390,Neeraj Kapoor,user12390@example.com,9533285000,34,Male,Ahmedabad,Gujarat,Premium,2026-05-21
12391,Priya Kumar,user12391@example.com,9535370628,50,Female,Mumbai,Maharashtra,Regular,2025-07-04
12392,Sahil Kapoor,user12392@example.com,9475200617,23,Male,Lucknow,Uttar Pradesh,Premium,2025-12-03
12393,Akash Joshi,user12393@example.com,9968368011,56,Female,Kanpur,Uttar Pradesh,Regular,2025-11-03
12394,Isha Kapoor,user12394@example.com,9830941009,35,Male,Ranchi,Jharkhand,Premium,2025-02-27
12395,Vikas Yadav,user12395@example.com,9205442873,26,Male,Chandigarh,Chandigarh,Regular,2025-11-03
12396,Akash Sinha,user12396@example.com,9852370324,25,Female,Lucknow,Uttar Pradesh,Premium,2026-05-25
12397,Simran Agarwal,user12397@example.com,9998012564,42,Male,Dehradun,Uttarakhand,Regular,2026-06-25
12398,Vivaan Tiwari,user12398@example.com,9972551554,48,Female,Delhi,Delhi,Regular,2025-05-22
12399,Neeraj Kumar,user12399@example.com,9737792324,59,Female,Indore,Madhya Pradesh,Regular,2025-11-19
12400,Neeraj Srivastava,user12400@example.com,9771063384,21,Male,Surat,Gujarat,New,2025-04-01
12401,Sneha Bansal,user12401@example.com,9221395961,37,Female,Dehradun,Uttarakhand,Regular,2025-11-13
12402,Rohan Sinha,user12402@example.com,9991322687,45,Male,Patna,Bihar,Premium,2025-12-11
12403,Ananya Kapoor,user12403@example.com,9164039088,57,Male,Kolkata,West Bengal,New,2026-03-15
12404,Himanshu Agarwal,user12404@example.com,9223429447,18,Female,Chandigarh,Chandigarh,Regular,2026-03-07
12405,Himanshu Srivastava,user12405@example.com,9655781648,57,Female,Delhi,Delhi,Regular,2025-11-07
12406,Kavya Singh,user12406@example.com,9107148703,40,Male,Dehradun,Uttarakhand,Regular,2026-05-08
12407,Yash Verma,user12407@example.com,9916931397,30,Male,Mumbai,Maharashtra,Premium,2026-04-07
12408,Vikas Tiwari,user12408@example.com,9871157616,33,Male,Lucknow,Uttar Pradesh,Premium,2025-03-26
12409,Akash Mishra,user12409@example.com,9844474343,43,Female,Surat,Gujarat,Regular,2025-09-24
12410,Kavya Chauhan,user12410@example.com,9844242310,48,Female,Ranchi,Jharkhand,New,2025-02-11
12411,Varun Agarwal,user12411@example.com,9692824070,18,Male,Patna,Bihar,Regular,2026-06-18
12412,Vivaan Kapoor,user12412@example.com,9413176174,34,Female,Patna,Bihar,Regular,2026-04-18
12413,Aditi Shah,user12413@example.com,9844711142,33,Male,Mumbai,Maharashtra,Regular,2026-08-27
12414,Arjun Kapoor,user12414@example.com,9328745973,54,Male,Patna,Bihar,New,2025-09-16
12415,Neeraj Gupta,user12415@example.com,9512909850,27,Female,Bhopal,Madhya Pradesh,Regular,2025-08-17
12416,Akash Joshi,user12416@example.com,9290971848,55,Male,Kolkata,West Bengal,Regular,2026-02-18
12417,Rahul Malhotra,user12417@example.com,9417947675,48,Male,Pune,Maharashtra,Regular,2026-05-19
12418,Rohan Malhotra,user12418@example.com,9158668750,27,Female,Hyderabad,Telangana,Regular,2026-06-18
12419,Abhishek Mehta,user12419@example.com,9183450049,51,Male,Ranchi,Jharkhand,Regular,2025-12-07
12420,Priya Mehta,user12420@example.com,9433495238,23,Male,Jaipur,Rajasthan,New,2026-04-16
12421,Ananya Chauhan,user12421@example.com,9240252206,45,Female,Surat,Gujarat,Premium,2025-06-09
12422,Kavya Srivastava,user12422@example.com,9708574417,45,Female,Chennai,Tamil Nadu,Regular,2025-12-27
12423,Rohan Shah,user12423@example.com,9480254549,30,Female,Indore,Madhya Pradesh,New,2026-02-08
12424,Akash Bansal,user12424@example.com,9761314801,58,Male,Gurugram,Haryana,Regular,2026-08-16
12425,Rohan Kapoor,user12425@example.com,9459627273,29,Male,Chandigarh,Chandigarh,Premium,2026-01-02
12426,Arjun Singh,user12426@example.com,9644686069,57,Female,Kolkata,West Bengal,Regular,2026-01-28
12427,Karan Gupta,user12427@example.com,9757282417,19,Male,Dehradun,Uttarakhand,Regular,2025-10-18
12428,Sahil Mishra,user12428@example.com,9650540064,25,Male,Chandigarh,Chandigarh,New,2025-08-07
12429,Arjun Verma,user12429@example.com,9943971462,59,Male,Mumbai,Maharashtra,Regular,2026-05-05
12430,Aman Sharma,user12430@example.com,9302883202,26,Male,Dehradun,Uttarakhand,Regular,2025-08-22
12431,Pooja Patel,user12431@example.com,9328039469,25,Male,Chandigarh,Chandigarh,Regular,2025-01-01
12432,Rahul Agarwal,user12432@example.com,9502964540,20,Female,Kanpur,Uttar Pradesh,Premium,2025-12-17
12433,Aditi Yadav,user12433@example.com,9581249443,26,Female,Kanpur,Uttar Pradesh,New,2025-12-24
12434,Mohit Sharma,user12434@example.com,9589760268,30,Male,Chennai,Tamil Nadu,New,2025-11-30
12435,Arjun Patel,user12435@example.com,9645009935,26,Female,Gurugram,Haryana,Premium,2026-04-02
12436,Sneha Verma,user12436@example.com,9576118735,48,Female,Bhopal,Madhya Pradesh,Regular,2026-05-06
12437,Simran Agarwal,user12437@example.com,9105875445,42,Female,Kanpur,Uttar Pradesh,New,2025-02-09
12438,Vikas Shah,user12438@example.com,9113801604,25,Male,Jaipur,Rajasthan,Regular,2026-06-30
12439,Arjun Tiwari,user12439@example.com,9944387571,48,Male,Jaipur,Rajasthan,Premium,2025-10-03
12440,Neeraj Mishra,user12440@example.com,9329351384,48,Male,Surat,Gujarat,New,2026-02-24
12441,Sneha Patel,user12441@example.com,9214761509,34,Male,Dehradun,Uttarakhand,New,2025-11-15
12442,Rohit Yadav,user12442@example.com,9582294757,36,Male,Chennai,Tamil Nadu,New,2025-01-30
12443,Rahul Joshi,user12443@example.com,9548165297,20,Male,Jaipur,Rajasthan,Premium,2026-02-06
12444,Abhishek Patel,user12444@example.com,9594141477,47,Male,Lucknow,Uttar Pradesh,Premium,2025-12-08
12445,Himanshu Tiwari,user12445@example.com,9422803558,27,Male,Mumbai,Maharashtra,Regular,2026-07-06
12446,Pooja Shah,user12446@example.com,9655843127,46,Male,Lucknow,Uttar Pradesh,Regular,2026-01-31
12447,Neeraj Jain,user12447@example.com,9519009854,57,Male,Pune,Maharashtra,Regular,2025-06-04
12448,Mohit Agarwal,user12448@example.com,9268549885,35,Female,Pune,Maharashtra,New,2025-03-02
12449,Abhishek Kumar,user12449@example.com,9592879223,29,Male,Indore,Madhya Pradesh,Regular,2026-04-07
12450,Akash Sharma,user12450@example.com,9475892584,40,Female,Gurugram,Haryana,New,2025-10-23
12451,Aditi Patel,user12451@example.com,9805987033,28,Female,Delhi,Delhi,Regular,2026-03-05
12452,Sneha Gupta,user12452@example.com,9888398138,26,Female,Lucknow,Uttar Pradesh,Regular,2025-07-02
12453,Ankit Malhotra,user12453@example.com,9877980492,41,Female,Mumbai,Maharashtra,New,2025-12-02
12454,Aditya Srivastava,user12454@example.com,9850090155,42,Female,Hyderabad,Telangana,Regular,2025-01-18
12455,Isha Mehta,user12455@example.com,9263199474,42,Male,Bhopal,Madhya Pradesh,Regular,2026-04-25
12456,Akash Yadav,user12456@example.com,9709696985,26,Female,Ahmedabad,Gujarat,Regular,2025-12-10
12457,Aarav Gupta,user12457@example.com,9553244798,29,Female,Surat,Gujarat,New,2026-03-15
12458,Varun Verma,user12458@example.com,9157526838,28,Female,Lucknow,Uttar Pradesh,New,2025-06-18
12459,Riya Patel,user12459@example.com,9355925376,55,Male,Ahmedabad,Gujarat,Regular,2026-05-04
12460,Vikas Verma,user12460@example.com,9554316935,45,Male,Chennai,Tamil Nadu,Premium,2025-07-28
12461,Varun Chauhan,user12461@example.com,9330404478,25,Female,Pune,Maharashtra,New,2025-09-16
12462,Riya Tiwari,user12462@example.com,9219924099,27,Female,Gurugram,Haryana,Premium,2026-06-29
12463,Sneha Agarwal,user12463@example.com,9515129684,42,Female,Bhopal,Madhya Pradesh,Regular,2025-01-26
12464,Riya Kapoor,user12464@example.com,9702646013,53,Male,Chennai,Tamil Nadu,Regular,2025-01-07
12465,Simran Yadav,user12465@example.com,9179679189,60,Male,Ranchi,Jharkhand,New,2025-02-02
12466,Aditya Mishra,user12466@example.com,9314698610,26,Male,Ranchi,Jharkhand,Regular,2026-05-13
12467,Ananya Sharma,user12467@example.com,9546021044,58,Male,Chennai,Tamil Nadu,New,2025-07-07
12468,Kavya Patel,user12468@example.com,9801868857,25,Male,Chandigarh,Chandigarh,Regular,2025-10-31
12469,Neeraj Gupta,user12469@example.com,9904804900,20,Male,Mumbai,Maharashtra,Premium,2025-07-12
12470,Sahil Chauhan,user12470@example.com,9412167472,35,Male,Ahmedabad,Gujarat,New,2026-07-06
12471,Mohit Singh,user12471@example.com,9413943106,52,Male,Hyderabad,Telangana,Regular,2025-12-23
12472,Yash Shah,user12472@example.com,9846582144,34,Male,Chandigarh,Chandigarh,New,2025-06-10
12473,Aarav Verma,user12473@example.com,9971237660,53,Female,Lucknow,Uttar Pradesh,Regular,2026-04-07
12474,Priya Patel,user12474@example.com,9697622102,45,Female,Kolkata,West Bengal,New,2026-07-21
12475,Akash Sharma,user12475@example.com,9589813536,32,Female,Surat,Gujarat,New,2025-09-29
12476,Sahil Patel,user12476@example.com,9404008310,36,Male,Indore,Madhya Pradesh,Regular,2025-01-17
12477,Aarav Patel,user12477@example.com,9144077747,39,Female,Kolkata,West Bengal,Regular,2025-05-27
12478,Himanshu Patel,user12478@example.com,9353417384,23,Male,Lucknow,Uttar Pradesh,New,2026-07-17
12479,Varun Kapoor,user12479@example.com,9889347990,24,Female,Indore,Madhya Pradesh,New,2026-08-18
12480,Kavya Shah,user12480@example.com,9770494852,26,Female,Delhi,Delhi,New,2025-11-22
12481,Kavya Joshi,user12481@example.com,9500596294,37,Male,Pune,Maharashtra,Premium,2025-08-05
12482,Aditi Mehta,user12482@example.com,9911427000,54,Female,Mumbai,Maharashtra,Regular,2025-07-15
12483,Rohan Malhotra,user12483@example.com,9128004997,28,Male,Patna,Bihar,Regular,2025-10-03
12484,Riya Yadav,user12484@example.com,9921451440,19,Male,Indore,Madhya Pradesh,Regular,2025-09-22
12485,Ananya Agarwal,user12485@example.com,9329050901,39,Female,Kolkata,West Bengal,New,2026-01-30
12486,Abhishek Yadav,user12486@example.com,9481369584,53,Male,Surat,Gujarat,Regular,2025-12-10
12487,Nikhil Joshi,user12487@example.com,9362819531,22,Male,Patna,Bihar,New,2026-06-27
12488,Rohit Yadav,user12488@example.com,9538133251,24,Female,Ranchi,Jharkhand,Regular,2026-07-05
12489,Kavya Jain,user12489@example.com,9957618429,23,Male,Pune,Maharashtra,Regular,2026-08-04
12490,Riya Mishra,user12490@example.com,9800872519,39,Female,Chennai,Tamil Nadu,Regular,2025-07-16
12491,Abhishek Sinha,user12491@example.com,9339164351,27,Female,Ahmedabad,Gujarat,New,2026-05-14
12492,Kavya Verma,user12492@example.com,9517540260,57,Male,Bhopal,Madhya Pradesh,New,2026-04-04
12493,Rohan Mehta,user12493@example.com,9794135710,37,Male,Jaipur,Rajasthan,Regular,2025-06-03
12494,Akash Yadav,user12494@example.com,9283977599,45,Male,Indore,Madhya Pradesh,Regular,2026-02-14
12495,Simran Malhotra,user12495@example.com,9847676204,40,Male,Jaipur,Rajasthan,New,2025-04-30
12496,Abhishek Srivastava,user12496@example.com,9870981081,52,Male,Gurugram,Haryana,New,2026-07-31
12497,Mohit Tiwari,user12497@example.com,9381273991,18,Male,Jaipur,Rajasthan,Premium,2025-09-13
12498,Karan Sinha,user12498@example.com,9111025063,46,Male,Dehradun,Uttarakhand,Regular,2025-08-24
12499,Ananya Srivastava,user12499@example.com,9282543328,26,Male,Kanpur,Uttar Pradesh,Premium,2025-01-30
12500,Aditi Verma,user12500@example.com,9854302700,26,Female,Kanpur,Uttar Pradesh,New,2025-11-15
12501,Vivaan Kapoor,user12501@example.com,9660293468,39,Female,Ahmedabad,Gujarat,Regular,2026-03-22
12502,Rohan Patel,user12502@example.com,9781278468,19,Female,Hyderabad,Telangana,New,2026-04-26
12503,Arjun Joshi,user12503@example.com,9154486683,33,Male,Delhi,Delhi,Regular,2026-05-17
12504,Abhishek Singh,user12504@example.com,9393568359,57,Male,Indore,Madhya Pradesh,New,2026-06-21
12505,Riya Tiwari,user12505@example.com,9624616784,23,Female,Lucknow,Uttar Pradesh,New,2026-04-26
12506,Aman Gupta,user12506@example.com,9154084854,30,Male,Chennai,Tamil Nadu,New,2026-01-25
12507,Kavya Tiwari,user12507@example.com,9580242518,50,Male,Pune,Maharashtra,Regular,2025-06-24
12508,Vikas Srivastava,user12508@example.com,9736615148,36,Female,Delhi,Delhi,Regular,2025-12-21
12509,Kavya Kapoor,user12509@example.com,9889492360,32,Male,Dehradun,Uttarakhand,Regular,2025-03-26
12510,Vikas Verma,user12510@example.com,9449349249,50,Male,Noida,Uttar Pradesh,Premium,2026-06-25
12511,Rohit Patel,user12511@example.com,9718270270,27,Female,Kolkata,West Bengal,Regular,2026-06-20
12512,Karan Gupta,user12512@example.com,9537343199,18,Female,Hyderabad,Telangana,Regular,2025-02-07
12513,Neeraj Shah,user12513@example.com,9212878898,29,Male,Pune,Maharashtra,Premium,2025-06-01
12514,Aditya Sinha,user12514@example.com,9602020638,60,Male,Dehradun,Uttarakhand,Regular,2025-02-07
12515,Abhishek Agarwal,user12515@example.com,9163424518,46,Male,Dehradun,Uttarakhand,New,2025-04-11
12516,Rahul Tiwari,user12516@example.com,9138664093,34,Female,Noida,Uttar Pradesh,Premium,2025-09-22
12517,Rohit Singh,user12517@example.com,9621151417,21,Male,Mumbai,Maharashtra,New,2025-10-07
12518,Riya Kumar,user12518@example.com,9192292914,46,Female,Bhopal,Madhya Pradesh,Regular,2026-01-31
12519,Aditi Chauhan,user12519@example.com,9580796215,24,Female,Mumbai,Maharashtra,Regular,2026-02-06
12520,Arjun Mishra,user12520@example.com,9679926088,30,Male,Noida,Uttar Pradesh,Regular,2026-02-25
12521,Rohan Srivastava,user12521@example.com,9928372540,22,Female,Delhi,Delhi,Regular,2025-08-19
12522,Yash Joshi,user12522@example.com,9648650989,23,Female,Chennai,Tamil Nadu,New,2025-01-01
12523,Pooja Mehta,user12523@example.com,9121356665,51,Male,Jaipur,Rajasthan,Regular,2026-05-25
12524,Riya Sharma,user12524@example.com,9883741614,24,Female,Noida,Uttar Pradesh,Regular,2025-02-11
12525,Mohit Gupta,user12525@example.com,9863959257,45,Male,Ranchi,Jharkhand,New,2026-02-15
12526,Vivaan Malhotra,user12526@example.com,9536259328,27,Female,Noida,Uttar Pradesh,Regular,2026-08-06
12527,Ankit Sinha,user12527@example.com,9314354909,21,Female,Chennai,Tamil Nadu,New,2025-03-10
12528,Rohit Jain,user12528@example.com,9436519608,20,Male,Noida,Uttar Pradesh,Regular,2025-07-16
12529,Ananya Shah,user12529@example.com,9447733029,42,Female,Ranchi,Jharkhand,Regular,2026-04-14
12530,Isha Srivastava,user12530@example.com,9423291837,40,Female,Ranchi,Jharkhand,Premium,2025-02-06
12531,Nikhil Mishra,user12531@example.com,9825729870,44,Male,Kanpur,Uttar Pradesh,New,2025-02-04
12532,Yash Patel,user12532@example.com,9415082072,31,Male,Pune,Maharashtra,New,2025-11-13
12533,Simran Kumar,user12533@example.com,9941123153,55,Male,Ahmedabad,Gujarat,New,2026-07-12
12534,Aman Chauhan,user12534@example.com,9530727104,49,Male,Patna,Bihar,New,2025-08-23
12535,Isha Gupta,user12535@example.com,9469833143,40,Female,Bengaluru,Karnataka,Regular,2026-06-18
12536,Arjun Jain,user12536@example.com,9249354562,57,Female,Mumbai,Maharashtra,Premium,2025-10-08
12537,Varun Sinha,user12537@example.com,9654960912,54,Male,Chennai,Tamil Nadu,Regular,2026-06-30
12538,Sneha Yadav,user12538@example.com,9467119239,20,Male,Gurugram,Haryana,Premium,2026-02-23
12539,Pooja Sinha,user12539@example.com,9453703408,52,Male,Kanpur,Uttar Pradesh,New,2025-07-02
12540,Aarav Patel,user12540@example.com,9130088999,30,Male,Dehradun,Uttarakhand,Premium,2025-05-31
12541,Rohan Agarwal,user12541@example.com,9316017616,51,Male,Pune,Maharashtra,New,2026-04-09
12542,Pooja Joshi,user12542@example.com,9530402904,41,Male,Surat,Gujarat,Premium,2026-05-04
12543,Mohit Joshi,user12543@example.com,9191347901,18,Male,Lucknow,Uttar Pradesh,New,2025-01-22
12544,Himanshu Malhotra,user12544@example.com,9553305896,29,Female,Bhopal,Madhya Pradesh,Premium,2026-05-23
12545,Rahul Kapoor,user12545@example.com,9593638539,25,Female,Surat,Gujarat,New,2026-02-17
12546,Mohit Srivastava,user12546@example.com,9855097714,36,Female,Patna,Bihar,Regular,2025-02-19
12547,Abhishek Yadav,user12547@example.com,9578091363,26,Male,Bengaluru,Karnataka,Regular,2025-10-04
12548,Himanshu Agarwal,user12548@example.com,9411721844,45,Female,Patna,Bihar,Regular,2025-04-06
12549,Aman Tiwari,user12549@example.com,9390137432,31,Female,Surat,Gujarat,Regular,2026-08-25
12550,Riya Tiwari,user12550@example.com,9241336714,44,Female,Bhopal,Madhya Pradesh,Premium,2025-06-29
12551,Mohit Gupta,user12551@example.com,9551582275,35,Male,Hyderabad,Telangana,Regular,2026-07-25
12552,Rohan Chauhan,user12552@example.com,9193672269,59,Male,Bengaluru,Karnataka,Regular,2026-05-21
12553,Abhishek Shah,user12553@example.com,9611733037,58,Male,Dehradun,Uttarakhand,New,2025-02-12
12554,Vivaan Kumar,user12554@example.com,9736639525,23,Male,Noida,Uttar Pradesh,Regular,2025-03-22
12555,Himanshu Joshi,user12555@example.com,9227080380,50,Female,Gurugram,Haryana,Regular,2025-08-22
12556,Varun Joshi,user12556@example.com,9459552528,54,Female,Bengaluru,Karnataka,Premium,2026-05-23
12557,Aditi Chauhan,user12557@example.com,9152764481,59,Male,Ahmedabad,Gujarat,Regular,2025-02-24
12558,Mohit Verma,user12558@example.com,9268150307,42,Male,Delhi,Delhi,Regular,2025-05-25
12559,Neha Joshi,user12559@example.com,9541663561,30,Female,Chennai,Tamil Nadu,New,2026-06-22
12560,Akash Srivastava,user12560@example.com,9898748422,40,Male,Surat,Gujarat,New,2026-03-29
12561,Arjun Bansal,user12561@example.com,9327516899,53,Female,Gurugram,Haryana,Regular,2025-06-26
12562,Rohan Sharma,user12562@example.com,9508301583,50,Female,Mumbai,Maharashtra,Regular,2025-12-27
12563,Aditi Kapoor,user12563@example.com,9553559821,38,Male,Pune,Maharashtra,New,2026-04-09
12564,Vikas Patel,user12564@example.com,9847423055,51,Female,Surat,Gujarat,New,2025-02-22
12565,Neeraj Yadav,user12565@example.com,9861346840,53,Male,Indore,Madhya Pradesh,Regular,2025-03-08
12566,Riya Kumar,user12566@example.com,9672933992,34,Female,Kolkata,West Bengal,New,2026-06-08
12567,Kavya Patel,user12567@example.com,9489061123,27,Female,Kanpur,Uttar Pradesh,Premium,2025-05-08
12568,Isha Mishra,user12568@example.com,9657939612,40,Female,Jaipur,Rajasthan,New,2025-05-24
12569,Rohan Bansal,user12569@example.com,9587167102,19,Male,Kanpur,Uttar Pradesh,New,2025-06-21
12570,Isha Sinha,user12570@example.com,9146013239,52,Male,Kolkata,West Bengal,Regular,2026-06-22
12571,Vivaan Yadav,user12571@example.com,9242481925,31,Male,Ahmedabad,Gujarat,Regular,2025-10-16
12572,Aman Joshi,user12572@example.com,9453448064,58,Male,Chennai,Tamil Nadu,Regular,2026-03-21
12573,Abhishek Sinha,user12573@example.com,9548856574,19,Female,Bengaluru,Karnataka,Regular,2025-01-02
12574,Aman Gupta,user12574@example.com,9601326246,36,Male,Hyderabad,Telangana,New,2025-01-22
12575,Sahil Jain,user12575@example.com,9999451264,33,Female,Lucknow,Uttar Pradesh,Regular,2025-08-06
12576,Neha Yadav,user12576@example.com,9139126898,60,Male,Jaipur,Rajasthan,Regular,2026-06-18
12577,Neeraj Verma,user12577@example.com,9211764414,42,Male,Bengaluru,Karnataka,Regular,2026-01-04
12578,Aditi Chauhan,user12578@example.com,9820954168,18,Female,Hyderabad,Telangana,Regular,2025-09-02
12579,Vivaan Malhotra,user12579@example.com,9746757570,19,Male,Patna,Bihar,Regular,2025-02-04
12580,Mohit Mishra,user12580@example.com,9222634304,44,Female,Patna,Bihar,Regular,2025-11-23
12581,Varun Chauhan,user12581@example.com,9212267878,19,Male,Ranchi,Jharkhand,Regular,2025-04-19
12582,Rohit Mishra,user12582@example.com,9635801108,47,Female,Bhopal,Madhya Pradesh,Premium,2026-01-25
12583,Aman Sinha,user12583@example.com,9250640620,27,Male,Bengaluru,Karnataka,Regular,2025-07-23
12584,Abhishek Sinha,user12584@example.com,9133529501,36,Female,Indore,Madhya Pradesh,New,2025-02-11
12585,Rahul Patel,user12585@example.com,9303963615,59,Male,Chennai,Tamil Nadu,Premium,2026-02-21
12586,Abhishek Sharma,user12586@example.com,9931865632,33,Male,Surat,Gujarat,New,2025-07-02
12587,Aditya Sharma,user12587@example.com,9511490223,30,Female,Mumbai,Maharashtra,New,2025-12-21
12588,Aditya Patel,user12588@example.com,9412107285,25,Female,Ahmedabad,Gujarat,Regular,2025-09-01
12589,Ananya Joshi,user12589@example.com,9377223389,48,Male,Noida,Uttar Pradesh,Regular,2025-02-28
12590,Ananya Srivastava,user12590@example.com,9407472053,42,Male,Pune,Maharashtra,Premium,2025-09-23
12591,Himanshu Singh,user12591@example.com,9362465901,56,Male,Ranchi,Jharkhand,Regular,2026-03-02
12592,Neeraj Mishra,user12592@example.com,9987888387,38,Male,Gurugram,Haryana,Premium,2025-02-01
12593,Aditya Chauhan,user12593@example.com,9243918294,55,Female,Chandigarh,Chandigarh,New,2025-08-11
12594,Simran Tiwari,user12594@example.com,9312457910,58,Male,Gurugram,Haryana,New,2026-07-25
12595,Mohit Mishra,user12595@example.com,9415478443,46,Male,Indore,Madhya Pradesh,Regular,2025-12-01
12596,Simran Kumar,user12596@example.com,9670064080,23,Female,Kolkata,West Bengal,Premium,2026-01-08
12597,Nikhil Chauhan,user12597@example.com,9791672564,35,Male,Bengaluru,Karnataka,Regular,2025-10-20
12598,Akash Yadav,user12598@example.com,9157512521,52,Female,Mumbai,Maharashtra,New,2025-04-17
12599,Rohan Kumar,user12599@example.com,9902204898,44,Female,Delhi,Delhi,New,2025-03-23
12600,Sahil Agarwal,user12600@example.com,9528478838,22,Male,Delhi,Delhi,New,2026-02-22
12601,Sneha Chauhan,user12601@example.com,9215239859,24,Female,Bengaluru,Karnataka,Regular,2025-02-01
12602,Vivaan Mehta,user12602@example.com,9943866204,27,Male,Jaipur,Rajasthan,New,2026-02-27
12603,Arjun Malhotra,user12603@example.com,9621481675,27,Male,Ranchi,Jharkhand,Premium,2025-06-27
12604,Himanshu Kumar,user12604@example.com,9394237760,45,Male,Kolkata,West Bengal,Regular,2025-06-06
12605,Rohan Sharma,user12605@example.com,9269179456,53,Male,Jaipur,Rajasthan,Regular,2025-03-21
12606,Sneha Kapoor,user12606@example.com,9824147209,27,Male,Lucknow,Uttar Pradesh,New,2025-02-24
12607,Akash Patel,user12607@example.com,9586388625,52,Male,Mumbai,Maharashtra,New,2025-10-05
12608,Yash Kumar,user12608@example.com,9277372462,52,Female,Bhopal,Madhya Pradesh,Regular,2026-07-27
12609,Aman Bansal,user12609@example.com,9575206977,54,Female,Kanpur,Uttar Pradesh,Premium,2025-01-04
12610,Neeraj Malhotra,user12610@example.com,9737257520,37,Female,Hyderabad,Telangana,Regular,2025-06-17
12611,Rahul Mishra,user12611@example.com,9612175559,30,Female,Ahmedabad,Gujarat,Premium,2025-01-11
12612,Himanshu Malhotra,user12612@example.com,9399898133,28,Male,Kolkata,West Bengal,Regular,2026-05-04
12613,Vikas Yadav,user12613@example.com,9847472469,36,Male,Bhopal,Madhya Pradesh,New,2025-07-15
12614,Kavya Shah,user12614@example.com,9819930905,45,Male,Ranchi,Jharkhand,New,2025-09-29
12615,Sahil Jain,user12615@example.com,9433600473,55,Male,Delhi,Delhi,Regular,2026-05-17
12616,Neeraj Joshi,user12616@example.com,9476915336,21,Female,Chandigarh,Chandigarh,Regular,2025-03-24
12617,Priya Malhotra,user12617@example.com,9873122964,54,Male,Chandigarh,Chandigarh,New,2025-09-16
12618,Sneha Verma,user12618@example.com,9989648883,36,Male,Noida,Uttar Pradesh,Regular,2025-03-28
12619,Aman Singh,user12619@example.com,9275608766,54,Male,Lucknow,Uttar Pradesh,Regular,2025-01-30
12620,Arjun Verma,user12620@example.com,9442361194,31,Male,Mumbai,Maharashtra,Premium,2026-08-08
12621,Sneha Singh,user12621@example.com,9435144325,48,Male,Jaipur,Rajasthan,New,2025-02-20
12622,Kavya Bansal,user12622@example.com,9704518135,45,Male,Gurugram,Haryana,New,2026-04-27
12623,Aditya Gupta,user12623@example.com,9678637325,53,Female,Delhi,Delhi,Regular,2025-06-29
12624,Aditya Kapoor,user12624@example.com,9381544774,55,Male,Lucknow,Uttar Pradesh,Regular,2026-08-22
12625,Arjun Agarwal,user12625@example.com,9535815063,36,Female,Surat,Gujarat,Regular,2025-04-08
12626,Pooja Bansal,user12626@example.com,9606524616,59,Male,Noida,Uttar Pradesh,Premium,2025-12-01
12627,Rahul Agarwal,user12627@example.com,9837200714,18,Male,Jaipur,Rajasthan,Regular,2025-10-05
12628,Karan Gupta,user12628@example.com,9937369207,40,Female,Gurugram,Haryana,Regular,2025-08-17
12629,Nikhil Shah,user12629@example.com,9697707478,45,Male,Hyderabad,Telangana,New,2025-03-31
12630,Ananya Malhotra,user12630@example.com,9728914543,21,Male,Surat,Gujarat,Regular,2025-12-18
12631,Aditya Shah,user12631@example.com,9725821171,58,Female,Mumbai,Maharashtra,Regular,2025-01-22
12632,Sneha Jain,user12632@example.com,9820936821,35,Male,Indore,Madhya Pradesh,Regular,2026-01-12
12633,Mohit Patel,user12633@example.com,9279629222,56,Male,Mumbai,Maharashtra,Premium,2025-06-17
12634,Pooja Sinha,user12634@example.com,9164903427,42,Female,Kanpur,Uttar Pradesh,Regular,2026-05-14
12635,Karan Sinha,user12635@example.com,9520412607,35,Female,Ahmedabad,Gujarat,Regular,2026-03-15
12636,Sahil Yadav,user12636@example.com,9160183753,23,Male,Kolkata,West Bengal,New,2026-03-10
12637,Arjun Gupta,user12637@example.com,9229568517,36,Male,Noida,Uttar Pradesh,New,2025-05-11
12638,Rohit Kapoor,user12638@example.com,9282301880,29,Female,Patna,Bihar,New,2025-06-26
12639,Rohit Sinha,user12639@example.com,9482179485,42,Male,Ahmedabad,Gujarat,New,2026-02-02
12640,Sahil Jain,user12640@example.com,9449568757,52,Male,Ahmedabad,Gujarat,Regular,2026-07-05
12641,Kavya Mishra,user12641@example.com,9656969581,18,Male,Hyderabad,Telangana,Regular,2026-07-01
12642,Aman Yadav,user12642@example.com,9149102946,22,Female,Noida,Uttar Pradesh,Regular,2025-11-15
12643,Akash Sinha,user12643@example.com,9692283888,18,Male,Gurugram,Haryana,Regular,2026-07-19
12644,Arjun Sinha,user12644@example.com,9862144234,25,Female,Ahmedabad,Gujarat,Regular,2025-09-17
12645,Karan Mehta,user12645@example.com,9762261961,56,Male,Ranchi,Jharkhand,Regular,2025-08-29
12646,Akash Sinha,user12646@example.com,9788644729,60,Male,Delhi,Delhi,New,2025-04-10
12647,Aditya Yadav,user12647@example.com,9635723516,35,Female,Gurugram,Haryana,Premium,2026-01-21
12648,Akash Tiwari,user12648@example.com,9698023263,26,Female,Surat,Gujarat,New,2026-08-12
12649,Vikas Bansal,user12649@example.com,9127566658,22,Male,Noida,Uttar Pradesh,Premium,2025-06-27
12650,Vivaan Tiwari,user12650@example.com,9706575833,21,Male,Hyderabad,Telangana,Regular,2025-02-12
12651,Pooja Malhotra,user12651@example.com,9967383822,46,Female,Kanpur,Uttar Pradesh,Regular,2026-04-27
12652,Sahil Patel,user12652@example.com,9525956113,18,Female,Patna,Bihar,New,2026-03-26
12653,Yash Srivastava,user12653@example.com,9877047922,47,Male,Indore,Madhya Pradesh,New,2026-08-15
12654,Vivaan Bansal,user12654@example.com,9510893970,18,Male,Kolkata,West Bengal,Regular,2026-03-10
12655,Yash Gupta,user12655@example.com,9977739339,20,Female,Ranchi,Jharkhand,Regular,2026-07-20
12656,Riya Mishra,user12656@example.com,9670871639,39,Female,Dehradun,Uttarakhand,New,2026-08-02
12657,Ankit Mehta,user12657@example.com,9983581380,25,Female,Jaipur,Rajasthan,Regular,2025-12-31
12658,Kavya Mehta,user12658@example.com,9934184343,35,Male,Ahmedabad,Gujarat,New,2026-02-02
12659,Neha Srivastava,user12659@example.com,9364927578,42,Male,Kolkata,West Bengal,Regular,2025-07-31
12660,Ananya Agarwal,user12660@example.com,9484422703,37,Female,Patna,Bihar,Premium,2025-11-30
12661,Varun Srivastava,user12661@example.com,9348218013,48,Male,Gurugram,Haryana,Premium,2025-10-17
12662,Ankit Malhotra,user12662@example.com,9505882382,47,Female,Delhi,Delhi,Regular,2026-01-20
12663,Isha Sinha,user12663@example.com,9267530926,33,Male,Surat,Gujarat,New,2026-05-25
12664,Aditya Shah,user12664@example.com,9639736442,19,Male,Ranchi,Jharkhand,New,2025-02-24
12665,Aditya Malhotra,user12665@example.com,9788960382,34,Male,Noida,Uttar Pradesh,Premium,2025-01-17
12666,Riya Agarwal,user12666@example.com,9203038817,27,Female,Noida,Uttar Pradesh,New,2026-03-03
12667,Neha Sharma,user12667@example.com,9696084634,24,Female,Gurugram,Haryana,Regular,2025-06-01
12668,Mohit Sharma,user12668@example.com,9121976147,59,Male,Bengaluru,Karnataka,Regular,2026-06-30
12669,Sneha Srivastava,user12669@example.com,9434790847,26,Male,Patna,Bihar,Premium,2025-09-22
12670,Rahul Chauhan,user12670@example.com,9996319528,34,Male,Pune,Maharashtra,Regular,2025-12-20
12671,Yash Patel,user12671@example.com,9842471519,26,Female,Mumbai,Maharashtra,Regular,2025-11-18
12672,Rohan Kumar,user12672@example.com,9840435779,26,Male,Hyderabad,Telangana,Regular,2025-10-16
12673,Rohan Kumar,user12673@example.com,9827914244,54,Female,Surat,Gujarat,Premium,2025-12-16
12674,Sahil Patel,user12674@example.com,9173665913,41,Male,Delhi,Delhi,Premium,2026-07-06
12675,Vikas Srivastava,user12675@example.com,9591692167,56,Male,Bengaluru,Karnataka,Regular,2025-10-13
12676,Pooja Singh,user12676@example.com,9401307669,28,Female,Gurugram,Haryana,Regular,2025-03-10
12677,Priya Singh,user12677@example.com,9871698793,25,Male,Lucknow,Uttar Pradesh,Regular,2026-02-16
12678,Sahil Verma,user12678@example.com,9657478406,42,Male,Patna,Bihar,Regular,2026-05-28
12679,Mohit Patel,user12679@example.com,9534734997,19,Male,Mumbai,Maharashtra,Premium,2025-06-05
12680,Sahil Mishra,user12680@example.com,9560421933,27,Male,Patna,Bihar,Regular,2026-01-06
12681,Sneha Joshi,user12681@example.com,9374359837,41,Male,Gurugram,Haryana,Regular,2025-08-29
12682,Himanshu Jain,user12682@example.com,9637104509,33,Male,Bhopal,Madhya Pradesh,Regular,2026-07-01
12683,Aarav Jain,user12683@example.com,9891174500,36,Female,Surat,Gujarat,Regular,2026-06-04
12684,Pooja Yadav,user12684@example.com,9153207428,48,Female,Bhopal,Madhya Pradesh,Premium,2025-09-17
12685,Karan Sinha,user12685@example.com,9828661570,28,Female,Lucknow,Uttar Pradesh,Regular,2025-12-16
12686,Ananya Sharma,user12686@example.com,9741648150,23,Male,Ahmedabad,Gujarat,New,2025-12-05
12687,Nikhil Patel,user12687@example.com,9908203964,23,Female,Dehradun,Uttarakhand,Regular,2025-01-11
12688,Sahil Verma,user12688@example.com,9135668996,49,Male,Pune,Maharashtra,New,2026-03-28
12689,Aditya Malhotra,user12689@example.com,9774199446,56,Male,Hyderabad,Telangana,Regular,2026-05-29
12690,Aditya Singh,user12690@example.com,9718422353,30,Female,Gurugram,Haryana,Premium,2025-07-29
12691,Sneha Joshi,user12691@example.com,9880408344,20,Female,Chandigarh,Chandigarh,Regular,2026-08-15
12692,Rahul Bansal,user12692@example.com,9680271508,58,Male,Patna,Bihar,Premium,2026-06-26
12693,Neha Kapoor,user12693@example.com,9702684929,52,Female,Indore,Madhya Pradesh,New,2025-09-24
12694,Ankit Chauhan,user12694@example.com,9135221781,55,Male,Kanpur,Uttar Pradesh,Premium,2025-09-16
12695,Aditi Sinha,user12695@example.com,9475237447,34,Male,Delhi,Delhi,Regular,2025-02-13
12696,Rohan Yadav,user12696@example.com,9707569750,20,Male,Mumbai,Maharashtra,New,2026-01-11
12697,Priya Patel,user12697@example.com,9963176927,51,Female,Noida,Uttar Pradesh,Regular,2026-07-13
12698,Sneha Jain,user12698@example.com,9393078599,29,Male,Bhopal,Madhya Pradesh,Premium,2025-05-18
12699,Himanshu Kumar,user12699@example.com,9272117059,41,Female,Mumbai,Maharashtra,New,2025-10-11
12700,Himanshu Bansal,user12700@example.com,9197041727,23,Female,Bhopal,Madhya Pradesh,Regular,2025-09-08
12701,Yash Verma,user12701@example.com,9244753245,59,Female,Lucknow,Uttar Pradesh,Premium,2025-12-01
12702,Vivaan Yadav,user12702@example.com,9436328722,28,Male,Bengaluru,Karnataka,New,2025-05-21
12703,Aditya Sinha,user12703@example.com,9583644031,44,Female,Gurugram,Haryana,Regular,2025-05-09
12704,Karan Kumar,user12704@example.com,9961629782,41,Female,Kanpur,Uttar Pradesh,Regular,2025-10-12
12705,Ankit Agarwal,user12705@example.com,9796061521,35,Male,Bhopal,Madhya Pradesh,Regular,2025-05-23
12706,Sahil Yadav,user12706@example.com,9764139517,44,Female,Surat,Gujarat,Regular,2026-07-02
12707,Rohan Shah,user12707@example.com,9935927988,58,Male,Dehradun,Uttarakhand,New,2025-06-19
12708,Sahil Patel,user12708@example.com,9310704092,38,Female,Bengaluru,Karnataka,Regular,2026-03-15
12709,Vivaan Shah,user12709@example.com,9585234006,51,Male,Bhopal,Madhya Pradesh,New,2025-12-25
12710,Aman Malhotra,user12710@example.com,9544975200,50,Male,Mumbai,Maharashtra,Regular,2026-07-29
12711,Vikas Kapoor,user12711@example.com,9652276142,35,Male,Ranchi,Jharkhand,Regular,2025-08-31
12712,Yash Patel,user12712@example.com,9668638801,20,Male,Kanpur,Uttar Pradesh,Regular,2025-06-22
12713,Pooja Chauhan,user12713@example.com,9492621749,41,Female,Bhopal,Madhya Pradesh,Regular,2025-11-06
12714,Vivaan Gupta,user12714@example.com,9987185323,18,Female,Kanpur,Uttar Pradesh,Regular,2025-10-09
12715,Abhishek Chauhan,user12715@example.com,9865511008,23,Female,Gurugram,Haryana,Premium,2026-05-05
12716,Nikhil Kumar,user12716@example.com,9497708678,36,Male,Chennai,Tamil Nadu,Premium,2025-10-30
12717,Pooja Mehta,user12717@example.com,9909548914,39,Female,Kanpur,Uttar Pradesh,Regular,2025-04-02
12718,Mohit Shah,user12718@example.com,9553443931,60,Male,Hyderabad,Telangana,Premium,2026-04-23
12719,Rohan Sinha,user12719@example.com,9447193344,25,Female,Surat,Gujarat,Premium,2026-06-27
12720,Rohan Kumar,user12720@example.com,9908943678,22,Male,Chandigarh,Chandigarh,Regular,2025-11-04
12721,Akash Mehta,user12721@example.com,9782100471,26,Male,Pune,Maharashtra,New,2026-02-06
12722,Sahil Patel,user12722@example.com,9102125542,38,Female,Bhopal,Madhya Pradesh,New,2026-05-11
12723,Ankit Malhotra,user12723@example.com,9927990241,45,Male,Hyderabad,Telangana,Regular,2026-02-27
12724,Aman Singh,user12724@example.com,9285670054,21,Male,Kanpur,Uttar Pradesh,Premium,2026-06-02
12725,Simran Mishra,user12725@example.com,9959063314,41,Female,Patna,Bihar,Regular,2025-09-08
12726,Isha Verma,user12726@example.com,9744904990,25,Male,Surat,Gujarat,Regular,2025-06-04
12727,Kavya Kumar,user12727@example.com,9786041720,34,Male,Bhopal,Madhya Pradesh,New,2026-07-13
12728,Rohit Kumar,user12728@example.com,9529486103,51,Male,Mumbai,Maharashtra,New,2026-07-13
12729,Aman Bansal,user12729@example.com,9416013380,37,Male,Lucknow,Uttar Pradesh,Regular,2026-01-12
12730,Aman Joshi,user12730@example.com,9511745238,33,Male,Bengaluru,Karnataka,Premium,2026-04-21
12731,Vivaan Yadav,user12731@example.com,9491709906,27,Female,Dehradun,Uttarakhand,Regular,2026-08-21
12732,Ananya Yadav,user12732@example.com,9939092160,51,Male,Hyderabad,Telangana,Premium,2026-06-26
12733,Yash Yadav,user12733@example.com,9795431328,60,Female,Delhi,Delhi,New,2025-08-30
12734,Pooja Yadav,user12734@example.com,9592692734,27,Male,Surat,Gujarat,Regular,2026-07-20
12735,Varun Sharma,user12735@example.com,9388053361,47,Male,Bhopal,Madhya Pradesh,Regular,2026-04-27
12736,Riya Verma,user12736@example.com,9366430967,47,Female,Kolkata,West Bengal,Premium,2026-07-28
12737,Akash Patel,user12737@example.com,9745564320,42,Female,Gurugram,Haryana,New,2025-10-31
12738,Simran Srivastava,user12738@example.com,9769664927,60,Female,Hyderabad,Telangana,New,2026-03-25
12739,Karan Singh,user12739@example.com,9615785658,58,Female,Bhopal,Madhya Pradesh,New,2026-07-12
12740,Rahul Tiwari,user12740@example.com,9271576539,24,Male,Hyderabad,Telangana,Premium,2026-06-04
12741,Akash Sinha,user12741@example.com,9124322404,37,Male,Lucknow,Uttar Pradesh,New,2026-02-09
12742,Yash Yadav,user12742@example.com,9375888296,34,Female,Lucknow,Uttar Pradesh,New,2025-03-28
12743,Aarav Malhotra,user12743@example.com,9322408203,20,Male,Bengaluru,Karnataka,Regular,2025-09-05
12744,Ananya Kapoor,user12744@example.com,9933455048,57,Male,Noida,Uttar Pradesh,Regular,2026-02-03
12745,Abhishek Gupta,user12745@example.com,9813605361,53,Male,Hyderabad,Telangana,Regular,2026-02-04
12746,Varun Malhotra,user12746@example.com,9770657910,43,Female,Bhopal,Madhya Pradesh,Premium,2026-08-12
12747,Rahul Joshi,user12747@example.com,9780595594,27,Male,Hyderabad,Telangana,Regular,2026-02-09
12748,Rohan Sharma,user12748@example.com,9550652256,51,Male,Ranchi,Jharkhand,Premium,2025-11-24
12749,Abhishek Chauhan,user12749@example.com,9111508917,31,Male,Dehradun,Uttarakhand,Regular,2025-09-10
12750,Aman Verma,user12750@example.com,9302126392,25,Female,Ranchi,Jharkhand,New,2025-05-17
12751,Ananya Mishra,user12751@example.com,9431535401,44,Male,Ahmedabad,Gujarat,Premium,2026-06-28
12752,Priya Kumar,user12752@example.com,9980589665,27,Male,Gurugram,Haryana,Regular,2025-03-21
12753,Rahul Gupta,user12753@example.com,9259432390,32,Female,Kolkata,West Bengal,Regular,2025-11-18
12754,Aditi Singh,user12754@example.com,9716662017,54,Female,Bhopal,Madhya Pradesh,Regular,2026-06-14
12755,Neeraj Verma,user12755@example.com,9362664146,39,Female,Indore,Madhya Pradesh,Regular,2025-06-02
12756,Himanshu Agarwal,user12756@example.com,9201518623,48,Female,Jaipur,Rajasthan,New,2026-02-08
12757,Varun Gupta,user12757@example.com,9272725385,19,Male,Ranchi,Jharkhand,Regular,2026-04-24
12758,Himanshu Bansal,user12758@example.com,9724023144,48,Male,Surat,Gujarat,Regular,2025-11-22
12759,Kavya Agarwal,user12759@example.com,9242926553,31,Male,Jaipur,Rajasthan,Regular,2025-08-05
12760,Nikhil Srivastava,user12760@example.com,9206634461,27,Female,Gurugram,Haryana,New,2026-06-06
12761,Mohit Jain,user12761@example.com,9880384586,47,Male,Ahmedabad,Gujarat,Premium,2025-01-14
12762,Abhishek Mehta,user12762@example.com,9475077480,53,Female,Delhi,Delhi,New,2025-05-09
12763,Isha Shah,user12763@example.com,9108614291,57,Female,Hyderabad,Telangana,Regular,2025-04-10
12764,Aarav Jain,user12764@example.com,9671689467,32,Male,Hyderabad,Telangana,New,2025-02-02
12765,Nikhil Chauhan,user12765@example.com,9428447891,31,Male,Lucknow,Uttar Pradesh,New,2025-08-08
12766,Ananya Kumar,user12766@example.com,9315663742,48,Male,Gurugram,Haryana,Regular,2025-07-08
12767,Aman Mehta,user12767@example.com,9434249224,46,Male,Dehradun,Uttarakhand,Regular,2026-04-01
12768,Aditya Shah,user12768@example.com,9566814663,44,Male,Noida,Uttar Pradesh,Premium,2026-02-26
12769,Vivaan Singh,user12769@example.com,9755639566,38,Female,Delhi,Delhi,Premium,2025-02-01
12770,Riya Srivastava,user12770@example.com,9736131553,26,Male,Bengaluru,Karnataka,Regular,2026-03-26
12771,Vivaan Sharma,user12771@example.com,9446102743,37,Male,Chandigarh,Chandigarh,Regular,2026-08-01
12772,Aditi Joshi,user12772@example.com,9364342368,52,Male,Patna,Bihar,Regular,2025-05-13
12773,Sahil Sharma,user12773@example.com,9552901992,32,Female,Bengaluru,Karnataka,Regular,2025-08-15
12774,Vikas Jain,user12774@example.com,9832680936,41,Female,Ahmedabad,Gujarat,Regular,2026-06-18
12775,Nikhil Patel,user12775@example.com,9235522796,33,Female,Ahmedabad,Gujarat,Regular,2025-08-06
12776,Kavya Singh,user12776@example.com,9164434494,53,Female,Bhopal,Madhya Pradesh,Regular,2025-06-04
12777,Rahul Malhotra,user12777@example.com,9490365159,28,Male,Patna,Bihar,Regular,2025-11-13
12778,Isha Mishra,user12778@example.com,9978150874,25,Male,Patna,Bihar,Regular,2025-06-20
12779,Riya Yadav,user12779@example.com,9315366932,20,Male,Hyderabad,Telangana,Regular,2026-02-02
12780,Priya Malhotra,user12780@example.com,9527254532,36,Male,Kanpur,Uttar Pradesh,Regular,2026-03-24
12781,Rohan Mehta,user12781@example.com,9729679996,58,Female,Surat,Gujarat,Regular,2026-05-24
12782,Sahil Jain,user12782@example.com,9965279906,20,Male,Bengaluru,Karnataka,Regular,2025-05-04
12783,Yash Chauhan,user12783@example.com,9615411284,53,Male,Kanpur,Uttar Pradesh,Premium,2025-06-22
12784,Sneha Agarwal,user12784@example.com,9391785155,42,Female,Mumbai,Maharashtra,Premium,2025-09-15
12785,Simran Mehta,user12785@example.com,9249466480,53,Female,Surat,Gujarat,New,2026-08-04
12786,Kavya Patel,user12786@example.com,9810063023,28,Female,Kanpur,Uttar Pradesh,New,2025-06-25
12787,Aditi Sinha,user12787@example.com,9794729551,33,Male,Lucknow,Uttar Pradesh,Regular,2025-07-24
12788,Neha Kapoor,user12788@example.com,9896269560,34,Female,Pune,Maharashtra,Regular,2026-08-20
12789,Sahil Patel,user12789@example.com,9103987422,59,Male,Lucknow,Uttar Pradesh,New,2026-06-19
12790,Kavya Bansal,user12790@example.com,9608972505,41,Male,Ahmedabad,Gujarat,Regular,2026-03-01
12791,Neha Shah,user12791@example.com,9374547901,34,Female,Chandigarh,Chandigarh,Regular,2026-05-17
12792,Rohan Tiwari,user12792@example.com,9591400051,37,Female,Gurugram,Haryana,Regular,2025-02-13
12793,Himanshu Sharma,user12793@example.com,9930107333,39,Male,Ahmedabad,Gujarat,Regular,2026-05-02
12794,Varun Kapoor,user12794@example.com,9217248864,23,Male,Noida,Uttar Pradesh,Regular,2026-07-17
12795,Priya Singh,user12795@example.com,9636511252,24,Male,Noida,Uttar Pradesh,Regular,2025-12-16
12796,Kavya Chauhan,user12796@example.com,9747972687,31,Male,Hyderabad,Telangana,New,2025-03-13
12797,Aman Patel,user12797@example.com,9163238638,28,Female,Delhi,Delhi,Regular,2025-10-08
12798,Rahul Malhotra,user12798@example.com,9370349350,29,Male,Bengaluru,Karnataka,New,2025-01-18
12799,Isha Shah,user12799@example.com,9418523369,22,Female,Mumbai,Maharashtra,Regular,2025-12-26
12800,Riya Yadav,user12800@example.com,9493140344,22,Female,Mumbai,Maharashtra,Regular,2025-01-18
12801,Vivaan Malhotra,user12801@example.com,9103243899,37,Female,Indore,Madhya Pradesh,Regular,2026-06-16
12802,Priya Joshi,user12802@example.com,9141879950,32,Male,Dehradun,Uttarakhand,Regular,2026-03-09
12803,Varun Gupta,user12803@example.com,9321149121,43,Male,Ahmedabad,Gujarat,Regular,2025-09-09
12804,Neha Bansal,user12804@example.com,9985215959,50,Male,Mumbai,Maharashtra,New,2025-01-12
12805,Nikhil Srivastava,user12805@example.com,9966434871,47,Male,Bengaluru,Karnataka,New,2026-04-18
12806,Neeraj Patel,user12806@example.com,9983171888,41,Male,Kanpur,Uttar Pradesh,Regular,2026-04-24
12807,Vikas Shah,user12807@example.com,9167750491,40,Female,Chennai,Tamil Nadu,New,2026-06-10
12808,Simran Srivastava,user12808@example.com,9124523904,26,Male,Delhi,Delhi,New,2026-03-04
12809,Ananya Verma,user12809@example.com,9417763392,20,Female,Chandigarh,Chandigarh,Regular,2025-04-19
12810,Simran Kumar,user12810@example.com,9964731675,53,Male,Dehradun,Uttarakhand,Regular,2026-03-28
12811,Neha Shah,user12811@example.com,9653195875,24,Female,Gurugram,Haryana,Regular,2025-07-13
12812,Neeraj Chauhan,user12812@example.com,9995570579,39,Female,Bengaluru,Karnataka,Regular,2025-10-03
12813,Rohan Shah,user12813@example.com,9881138351,31,Male,Bhopal,Madhya Pradesh,Premium,2026-05-21
12814,Arjun Joshi,user12814@example.com,9146421831,46,Female,Gurugram,Haryana,Premium,2025-03-25
12815,Aditi Jain,user12815@example.com,9276385088,33,Female,Ranchi,Jharkhand,Regular,2025-06-03
12816,Aditya Gupta,user12816@example.com,9884878809,51,Female,Chandigarh,Chandigarh,Regular,2026-04-07
12817,Sneha Sharma,user12817@example.com,9919123626,27,Female,Surat,Gujarat,Regular,2026-07-17
12818,Simran Kumar,user12818@example.com,9615207984,24,Male,Dehradun,Uttarakhand,Premium,2025-11-06
12819,Yash Sinha,user12819@example.com,9802048152,42,Male,Chandigarh,Chandigarh,Regular,2025-04-10
12820,Ankit Shah,user12820@example.com,9620863179,44,Male,Mumbai,Maharashtra,Regular,2025-10-16
12821,Aarav Kapoor,user12821@example.com,9651304616,32,Male,Dehradun,Uttarakhand,Regular,2025-09-04
12822,Aman Sharma,user12822@example.com,9432778182,49,Female,Bhopal,Madhya Pradesh,Regular,2026-07-07
12823,Neha Sharma,user12823@example.com,9666269119,45,Female,Dehradun,Uttarakhand,Regular,2025-09-04
12824,Ankit Malhotra,user12824@example.com,9572951996,26,Male,Bengaluru,Karnataka,New,2026-05-21
12825,Kavya Sinha,user12825@example.com,9467153163,24,Female,Kolkata,West Bengal,New,2026-01-07
12826,Aarav Kumar,user12826@example.com,9530029038,33,Female,Surat,Gujarat,Regular,2026-04-29
12827,Priya Kumar,user12827@example.com,9771137360,43,Male,Delhi,Delhi,Premium,2025-11-08
12828,Rohan Sharma,user12828@example.com,9115960516,52,Male,Pune,Maharashtra,Regular,2025-11-08
12829,Aman Sinha,user12829@example.com,9252582526,34,Male,Dehradun,Uttarakhand,Regular,2025-01-19
12830,Rohit Tiwari,user12830@example.com,9145517581,40,Female,Chennai,Tamil Nadu,Regular,2025-06-08
12831,Vivaan Agarwal,user12831@example.com,9264069423,25,Female,Kolkata,West Bengal,New,2025-01-07
12832,Kavya Kapoor,user12832@example.com,9241191376,19,Male,Hyderabad,Telangana,Regular,2026-05-06
12833,Arjun Kapoor,user12833@example.com,9220509986,48,Male,Hyderabad,Telangana,Regular,2026-06-15
12834,Ankit Kapoor,user12834@example.com,9691101046,49,Female,Jaipur,Rajasthan,Premium,2026-03-06
12835,Varun Singh,user12835@example.com,9792466240,46,Female,Dehradun,Uttarakhand,New,2025-10-06
12836,Abhishek Joshi,user12836@example.com,9331299386,20,Female,Hyderabad,Telangana,Regular,2025-01-24
12837,Kavya Kapoor,user12837@example.com,9180732913,25,Female,Dehradun,Uttarakhand,New,2026-04-08
12838,Aarav Agarwal,user12838@example.com,9274071793,19,Male,Kanpur,Uttar Pradesh,New,2026-07-06
12839,Aditya Verma,user12839@example.com,9915128014,48,Male,Pune,Maharashtra,Regular,2025-07-12
12840,Aditya Singh,user12840@example.com,9407994363,54,Male,Hyderabad,Telangana,Regular,2026-07-22
12841,Riya Kumar,user12841@example.com,9902610066,37,Female,Pune,Maharashtra,New,2026-05-23
12842,Rohan Mishra,user12842@example.com,9287091698,46,Male,Chandigarh,Chandigarh,New,2025-05-05
12843,Aarav Chauhan,user12843@example.com,9428839721,34,Female,Kolkata,West Bengal,Regular,2026-07-25
12844,Pooja Mishra,user12844@example.com,9896598674,27,Male,Bhopal,Madhya Pradesh,Premium,2025-04-06
12845,Ankit Bansal,user12845@example.com,9617113894,58,Female,Kanpur,Uttar Pradesh,Regular,2026-02-16
12846,Aman Joshi,user12846@example.com,9627378611,39,Male,Kolkata,West Bengal,Regular,2025-09-14
12847,Yash Kapoor,user12847@example.com,9765409547,23,Male,Chandigarh,Chandigarh,New,2026-06-12
12848,Aditya Jain,user12848@example.com,9380472914,60,Female,Bhopal,Madhya Pradesh,Premium,2026-04-23
12849,Neeraj Joshi,user12849@example.com,9658803886,51,Male,Chandigarh,Chandigarh,Regular,2025-06-05
12850,Vivaan Agarwal,user12850@example.com,9186310603,48,Female,Delhi,Delhi,Regular,2025-02-11
12851,Abhishek Malhotra,user12851@example.com,9711599485,29,Male,Bengaluru,Karnataka,New,2025-10-06
12852,Aditi Bansal,user12852@example.com,9747459659,29,Male,Ahmedabad,Gujarat,Regular,2026-04-14
12853,Mohit Chauhan,user12853@example.com,9713256273,33,Female,Kanpur,Uttar Pradesh,Regular,2025-12-22
12854,Simran Shah,user12854@example.com,9866878704,42,Female,Ahmedabad,Gujarat,New,2026-04-26
12855,Himanshu Malhotra,user12855@example.com,9534329394,39,Male,Bengaluru,Karnataka,New,2026-08-17
12856,Rahul Patel,user12856@example.com,9105646319,44,Female,Bengaluru,Karnataka,Regular,2025-01-08
12857,Vikas Agarwal,user12857@example.com,9581944874,41,Male,Chandigarh,Chandigarh,Regular,2025-04-02
12858,Vivaan Sharma,user12858@example.com,9543033633,29,Male,Ahmedabad,Gujarat,New,2025-01-21
12859,Vivaan Yadav,user12859@example.com,9414082031,35,Female,Ranchi,Jharkhand,Regular,2025-12-04
12860,Riya Bansal,user12860@example.com,9233034032,33,Male,Delhi,Delhi,New,2026-04-17
12861,Aman Verma,user12861@example.com,9918356881,21,Male,Chandigarh,Chandigarh,New,2025-12-15
12862,Simran Chauhan,user12862@example.com,9601081724,29,Male,Pune,Maharashtra,Regular,2026-01-17
12863,Himanshu Patel,user12863@example.com,9299738044,50,Male,Jaipur,Rajasthan,Regular,2025-06-29
12864,Abhishek Jain,user12864@example.com,9963158108,39,Female,Bengaluru,Karnataka,Regular,2026-04-25
12865,Mohit Tiwari,user12865@example.com,9892078444,35,Female,Bhopal,Madhya Pradesh,Regular,2026-03-13
12866,Arjun Singh,user12866@example.com,9897525508,50,Female,Chandigarh,Chandigarh,Regular,2025-12-26
12867,Ananya Verma,user12867@example.com,9746171608,44,Female,Patna,Bihar,Regular,2025-01-02
12868,Priya Yadav,user12868@example.com,9811563287,59,Male,Dehradun,Uttarakhand,Premium,2025-03-10
12869,Akash Agarwal,user12869@example.com,9164817087,36,Male,Patna,Bihar,Regular,2025-11-24
12870,Varun Chauhan,user12870@example.com,9868958778,31,Male,Surat,Gujarat,Regular,2025-06-30
12871,Aman Mehta,user12871@example.com,9403053093,42,Female,Indore,Madhya Pradesh,New,2026-07-18
12872,Nikhil Bansal,user12872@example.com,9453157024,51,Male,Indore,Madhya Pradesh,Regular,2026-01-26
12873,Akash Sinha,user12873@example.com,9926027017,41,Male,Noida,Uttar Pradesh,Regular,2026-08-10
12874,Aditya Yadav,user12874@example.com,9996652964,55,Female,Lucknow,Uttar Pradesh,Regular,2026-08-16
12875,Himanshu Srivastava,user12875@example.com,9342318331,40,Female,Delhi,Delhi,Regular,2026-08-08
12876,Rahul Shah,user12876@example.com,9502038240,22,Male,Lucknow,Uttar Pradesh,New,2026-08-26
12877,Rohit Bansal,user12877@example.com,9175636438,53,Male,Indore,Madhya Pradesh,New,2025-11-18
12878,Neha Kumar,user12878@example.com,9174494969,41,Female,Jaipur,Rajasthan,New,2025-05-17
12879,Simran Sinha,user12879@example.com,9567186301,53,Female,Kanpur,Uttar Pradesh,Regular,2026-06-28
12880,Priya Tiwari,user12880@example.com,9726706698,22,Male,Patna,Bihar,Regular,2026-04-11
12881,Sahil Mishra,user12881@example.com,9751976471,56,Male,Bengaluru,Karnataka,New,2025-06-18
12882,Neha Srivastava,user12882@example.com,9910711494,23,Female,Surat,Gujarat,Regular,2025-12-19
12883,Aman Chauhan,user12883@example.com,9310683505,53,Female,Dehradun,Uttarakhand,New,2025-07-07
12884,Mohit Chauhan,user12884@example.com,9370654996,21,Female,Delhi,Delhi,New,2025-08-07
12885,Neha Yadav,user12885@example.com,9686394771,27,Male,Ahmedabad,Gujarat,Regular,2026-08-08
12886,Karan Mishra,user12886@example.com,9848886772,18,Female,Kanpur,Uttar Pradesh,Regular,2026-02-25
12887,Rahul Kumar,user12887@example.com,9367501321,38,Male,Patna,Bihar,New,2025-02-10
12888,Aditi Verma,user12888@example.com,9167047128,57,Male,Hyderabad,Telangana,New,2026-02-28
12889,Varun Malhotra,user12889@example.com,9109013678,56,Female,Pune,Maharashtra,Regular,2025-07-09
12890,Kavya Patel,user12890@example.com,9393335011,54,Male,Noida,Uttar Pradesh,New,2026-06-06
12891,Nikhil Srivastava,user12891@example.com,9979994607,20,Female,Hyderabad,Telangana,Regular,2025-03-12
12892,Aarav Jain,user12892@example.com,9606898350,48,Male,Chennai,Tamil Nadu,Regular,2026-03-16
12893,Nikhil Verma,user12893@example.com,9639400107,44,Female,Noida,Uttar Pradesh,Regular,2025-11-24
12894,Rahul Shah,user12894@example.com,9450856935,34,Male,Kanpur,Uttar Pradesh,Regular,2026-06-10
12895,Aditya Gupta,user12895@example.com,9879526385,40,Female,Kolkata,West Bengal,Premium,2025-10-19
12896,Yash Mehta,user12896@example.com,9331502525,30,Male,Chandigarh,Chandigarh,New,2025-12-30
12897,Varun Kapoor,user12897@example.com,9165401572,44,Female,Chennai,Tamil Nadu,Regular,2025-03-11
12898,Sahil Mishra,user12898@example.com,9455833921,37,Female,Bhopal,Madhya Pradesh,New,2026-07-30
12899,Sneha Verma,user12899@example.com,9655686859,30,Male,Indore,Madhya Pradesh,Regular,2026-08-17
12900,Nikhil Chauhan,user12900@example.com,9591387257,41,Male,Kanpur,Uttar Pradesh,Premium,2025-10-03
12901,Isha Patel,user12901@example.com,9147282563,58,Male,Hyderabad,Telangana,Regular,2025-12-26
12902,Ankit Srivastava,user12902@example.com,9801134614,20,Female,Pune,Maharashtra,Regular,2025-01-02
12903,Priya Sharma,user12903@example.com,9760026124,60,Male,Gurugram,Haryana,Regular,2025-08-08
12904,Vivaan Malhotra,user12904@example.com,9599482014,27,Male,Surat,Gujarat,New,2026-01-20
12905,Ananya Kumar,user12905@example.com,9620286223,18,Male,Mumbai,Maharashtra,Regular,2025-12-25
12906,Kavya Malhotra,user12906@example.com,9766406184,30,Female,Noida,Uttar Pradesh,Premium,2025-04-25
12907,Aman Bansal,user12907@example.com,9126145753,31,Male,Mumbai,Maharashtra,Regular,2026-04-09
12908,Neha Tiwari,user12908@example.com,9429309403,50,Male,Gurugram,Haryana,New,2025-10-06
12909,Neha Sharma,user12909@example.com,9133767168,19,Female,Ranchi,Jharkhand,New,2025-12-29
12910,Aditi Srivastava,user12910@example.com,9427573870,19,Female,Bengaluru,Karnataka,New,2026-05-21
12911,Kavya Malhotra,user12911@example.com,9282641892,56,Male,Noida,Uttar Pradesh,New,2025-03-07
12912,Aman Gupta,user12912@example.com,9937369462,58,Female,Dehradun,Uttarakhand,Regular,2025-03-14
12913,Rohit Malhotra,user12913@example.com,9829057719,48,Female,Hyderabad,Telangana,New,2025-04-11
12914,Pooja Gupta,user12914@example.com,9350802865,21,Male,Ahmedabad,Gujarat,New,2025-07-02
12915,Ankit Kapoor,user12915@example.com,9644853441,51,Male,Gurugram,Haryana,Regular,2026-04-06
12916,Karan Bansal,user12916@example.com,9276403491,36,Female,Kolkata,West Bengal,Regular,2026-04-25
12917,Karan Agarwal,user12917@example.com,9236246094,54,Male,Delhi,Delhi,Regular,2025-09-19
12918,Aarav Yadav,user12918@example.com,9166207637,26,Male,Chandigarh,Chandigarh,Regular,2025-02-09
12919,Priya Srivastava,user12919@example.com,9390063979,41,Male,Patna,Bihar,New,2026-01-12
12920,Rohan Joshi,user12920@example.com,9387163580,30,Female,Jaipur,Rajasthan,New,2025-08-14
12921,Aman Singh,user12921@example.com,9276970929,47,Female,Dehradun,Uttarakhand,New,2025-01-29
12922,Priya Verma,user12922@example.com,9317010783,36,Female,Mumbai,Maharashtra,Regular,2026-05-27
12923,Karan Kumar,user12923@example.com,9356660794,58,Male,Kolkata,West Bengal,New,2025-02-09
12924,Neeraj Tiwari,user12924@example.com,9742842643,27,Female,Indore,Madhya Pradesh,Regular,2025-04-12
12925,Ananya Mishra,user12925@example.com,9565142435,59,Female,Lucknow,Uttar Pradesh,New,2025-02-17
12926,Priya Agarwal,user12926@example.com,9468689760,31,Male,Gurugram,Haryana,Premium,2025-06-03
12927,Sneha Kumar,user12927@example.com,9851052017,57,Female,Chandigarh,Chandigarh,Regular,2025-03-11
12928,Yash Chauhan,user12928@example.com,9620284397,37,Male,Hyderabad,Telangana,Regular,2025-01-18
12929,Karan Verma,user12929@example.com,9267019650,21,Female,Mumbai,Maharashtra,Regular,2026-02-06
12930,Neha Shah,user12930@example.com,9839672046,55,Male,Ahmedabad,Gujarat,Regular,2025-08-31
12931,Rohit Malhotra,user12931@example.com,9858490714,56,Male,Noida,Uttar Pradesh,Regular,2025-10-23
12932,Abhishek Sharma,user12932@example.com,9152530820,22,Female,Gurugram,Haryana,Premium,2025-07-09
12933,Pooja Kumar,user12933@example.com,9303658362,59,Female,Gurugram,Haryana,Regular,2025-11-15
12934,Simran Gupta,user12934@example.com,9716207262,49,Male,Ahmedabad,Gujarat,Regular,2026-02-17
12935,Nikhil Malhotra,user12935@example.com,9219363925,23,Male,Patna,Bihar,Regular,2026-06-16
12936,Vikas Bansal,user12936@example.com,9235120290,31,Male,Hyderabad,Telangana,Regular,2026-05-02
12937,Varun Patel,user12937@example.com,9297297781,23,Female,Bengaluru,Karnataka,New,2025-09-05
12938,Aditi Mishra,user12938@example.com,9882043590,31,Male,Kolkata,West Bengal,New,2025-09-18
12939,Neha Srivastava,user12939@example.com,9507060761,29,Male,Ranchi,Jharkhand,Regular,2025-06-27
12940,Himanshu Tiwari,user12940@example.com,9523912448,44,Male,Lucknow,Uttar Pradesh,New,2026-07-20
12941,Simran Chauhan,user12941@example.com,9687100882,43,Female,Delhi,Delhi,New,2025-03-30
12942,Ananya Sharma,user12942@example.com,9429463558,29,Male,Pune,Maharashtra,Regular,2026-02-18
12943,Nikhil Chauhan,user12943@example.com,9320463011,25,Male,Noida,Uttar Pradesh,Regular,2026-02-18
12944,Arjun Patel,user12944@example.com,9128740939,27,Male,Jaipur,Rajasthan,Premium,2025-10-19
12945,Yash Kapoor,user12945@example.com,9552691155,33,Male,Pune,Maharashtra,Regular,2025-08-04
12946,Sahil Yadav,user12946@example.com,9975884630,43,Female,Lucknow,Uttar Pradesh,Regular,2025-08-01
12947,Ananya Patel,user12947@example.com,9982627224,25,Female,Jaipur,Rajasthan,Regular,2026-01-25
12948,Rahul Srivastava,user12948@example.com,9874010554,58,Female,Delhi,Delhi,New,2026-05-31
12949,Ananya Verma,user12949@example.com,9967317820,46,Male,Delhi,Delhi,New,2025-12-29
12950,Rohan Shah,user12950@example.com,9281820188,37,Female,Patna,Bihar,Regular,2026-05-13
12951,Isha Mishra,user12951@example.com,9568891742,34,Male,Surat,Gujarat,Regular,2026-01-25
12952,Vikas Malhotra,user12952@example.com,9444933137,36,Male,Kanpur,Uttar Pradesh,New,2025-09-22
12953,Karan Sharma,user12953@example.com,9863475496,34,Female,Chennai,Tamil Nadu,Regular,2025-06-24
12954,Simran Kumar,user12954@example.com,9879598994,56,Male,Indore,Madhya Pradesh,Regular,2026-01-27
12955,Nikhil Malhotra,user12955@example.com,9297766389,18,Male,Gurugram,Haryana,Regular,2026-02-05
12956,Aman Mehta,user12956@example.com,9527124355,46,Female,Kolkata,West Bengal,Regular,2025-04-16
12957,Riya Agarwal,user12957@example.com,9748276928,31,Male,Patna,Bihar,Regular,2025-02-14
12958,Nikhil Chauhan,user12958@example.com,9876604794,34,Female,Kolkata,West Bengal,Regular,2025-11-08
12959,Aman Joshi,user12959@example.com,9634019726,30,Female,Dehradun,Uttarakhand,Premium,2025-11-01
12960,Rohit Shah,user12960@example.com,9346682293,46,Male,Dehradun,Uttarakhand,New,2025-03-20
12961,Priya Shah,user12961@example.com,9194850751,51,Male,Mumbai,Maharashtra,Regular,2026-08-22
12962,Aarav Singh,user12962@example.com,9980082375,44,Male,Jaipur,Rajasthan,Premium,2026-06-08
12963,Pooja Gupta,user12963@example.com,9479300238,50,Male,Bengaluru,Karnataka,Regular,2025-01-18
12964,Vikas Sinha,user12964@example.com,9295227342,46,Male,Noida,Uttar Pradesh,Regular,2025-03-09
12965,Pooja Joshi,user12965@example.com,9444193969,54,Female,Ranchi,Jharkhand,Regular,2026-06-02
12966,Kavya Agarwal,user12966@example.com,9692647398,56,Male,Surat,Gujarat,Regular,2025-09-05
12967,Sneha Sinha,user12967@example.com,9542860053,36,Male,Ahmedabad,Gujarat,New,2025-04-15
12968,Sahil Sharma,user12968@example.com,9673727121,41,Male,Mumbai,Maharashtra,Premium,2026-01-16
12969,Neha Mehta,user12969@example.com,9167502209,31,Female,Delhi,Delhi,Regular,2026-06-23
12970,Simran Bansal,user12970@example.com,9378194467,54,Female,Lucknow,Uttar Pradesh,Premium,2026-01-25
12971,Neeraj Chauhan,user12971@example.com,9992645651,22,Male,Dehradun,Uttarakhand,Regular,2026-04-03
12972,Akash Bansal,user12972@example.com,9208824386,41,Female,Chandigarh,Chandigarh,New,2025-03-18
12973,Ankit Yadav,user12973@example.com,9402148509,51,Male,Indore,Madhya Pradesh,New,2025-07-18
12974,Riya Agarwal,user12974@example.com,9716050742,48,Male,Jaipur,Rajasthan,Premium,2026-07-25
12975,Riya Agarwal,user12975@example.com,9129134401,47,Male,Gurugram,Haryana,Regular,2025-11-04
12976,Karan Gupta,user12976@example.com,9375458786,26,Male,Kolkata,West Bengal,New,2025-12-18
12977,Isha Agarwal,user12977@example.com,9486583577,44,Female,Chandigarh,Chandigarh,Regular,2025-07-15
12978,Simran Bansal,user12978@example.com,9451245052,45,Male,Lucknow,Uttar Pradesh,Regular,2025-07-09
12979,Rahul Kumar,user12979@example.com,9284263876,59,Female,Bhopal,Madhya Pradesh,Regular,2026-08-14
12980,Himanshu Tiwari,user12980@example.com,9415368065,43,Male,Kolkata,West Bengal,Regular,2025-04-02
12981,Rohan Yadav,user12981@example.com,9333630962,35,Female,Chennai,Tamil Nadu,Regular,2026-06-01
12982,Himanshu Jain,user12982@example.com,9169711671,53,Male,Kanpur,Uttar Pradesh,Premium,2025-11-30
12983,Arjun Gupta,user12983@example.com,9989422547,25,Male,Indore,Madhya Pradesh,New,2025-05-09
12984,Vikas Verma,user12984@example.com,9957732285,35,Male,Mumbai,Maharashtra,Regular,2025-09-03
12985,Kavya Verma,user12985@example.com,9468997153,37,Male,Patna,Bihar,Regular,2026-07-08
12986,Neha Mishra,user12986@example.com,9503571425,49,Female,Chennai,Tamil Nadu,Premium,2025-09-17
12987,Rohit Shah,user12987@example.com,9676549621,46,Male,Jaipur,Rajasthan,Regular,2025-03-05
12988,Vivaan Agarwal,user12988@example.com,9620009271,35,Male,Jaipur,Rajasthan,Regular,2025-12-12
12989,Pooja Patel,user12989@example.com,9418569014,24,Male,Chennai,Tamil Nadu,Regular,2025-11-22
12990,Vikas Verma,user12990@example.com,9815654419,18,Male,Jaipur,Rajasthan,Regular,2025-09-02
12991,Priya Agarwal,user12991@example.com,9311013016,45,Female,Gurugram,Haryana,Premium,2025-12-08
12992,Kavya Joshi,user12992@example.com,9768270931,50,Female,Mumbai,Maharashtra,Premium,2025-05-05
12993,Aarav Sharma,user12993@example.com,9643850648,21,Female,Lucknow,Uttar Pradesh,Regular,2025-08-21
12994,Isha Singh,user12994@example.com,9280803124,37,Male,Indore,Madhya Pradesh,Regular,2025-03-26
12995,Himanshu Malhotra,user12995@example.com,9406357645,53,Female,Hyderabad,Telangana,New,2025-06-09
12996,Himanshu Patel,user12996@example.com,9166565563,48,Female,Dehradun,Uttarakhand,Regular,2025-09-18
12997,Yash Mehta,user12997@example.com,9150708078,55,Male,Chandigarh,Chandigarh,Regular,2026-05-14
12998,Pooja Agarwal,user12998@example.com,9486878443,45,Male,Patna,Bihar,Regular,2026-03-16
12999,Ananya Srivastava,user12999@example.com,9343588074,20,Female,Surat,Gujarat,New,2026-05-16
13000,Simran Gupta,user13000@example.com,9362037437,23,Male,Dehradun,Uttarakhand,Premium,2025-04-30
13001,Aditya Shah,user13001@example.com,9171036390,40,Female,Chandigarh,Chandigarh,Regular,2025-07-12
13002,Aman Gupta,user13002@example.com,9340769227,24,Male,Ranchi,Jharkhand,Regular,2026-07-26
13003,Simran Verma,user13003@example.com,9902333807,53,Male,Lucknow,Uttar Pradesh,New,2025-11-20
13004,Neha Jain,user13004@example.com,9819767876,18,Female,Jaipur,Rajasthan,Regular,2026-08-09
13005,Aman Kumar,user13005@example.com,9765313214,23,Female,Jaipur,Rajasthan,Regular,2025-01-28
13006,Priya Bansal,user13006@example.com,9982224385,41,Male,Hyderabad,Telangana,Regular,2025-10-28
13007,Vivaan Sinha,user13007@example.com,9640132277,54,Female,Dehradun,Uttarakhand,Regular,2025-01-05
13008,Neha Kapoor,user13008@example.com,9903200527,53,Male,Chandigarh,Chandigarh,New,2025-05-24
13009,Neha Sinha,user13009@example.com,9810408174,41,Female,Noida,Uttar Pradesh,Regular,2025-05-03
13010,Abhishek Yadav,user13010@example.com,9987120828,55,Female,Chandigarh,Chandigarh,Premium,2025-01-19
13011,Isha Shah,user13011@example.com,9102205349,46,Female,Kanpur,Uttar Pradesh,Regular,2025-12-18
13012,Vivaan Tiwari,user13012@example.com,9965206060,54,Male,Gurugram,Haryana,Premium,2026-08-08
13013,Mohit Agarwal,user13013@example.com,9443993213,49,Male,Chennai,Tamil Nadu,Premium,2026-04-28
13014,Ananya Shah,user13014@example.com,9589441714,42,Female,Noida,Uttar Pradesh,Premium,2025-09-11
13015,Rahul Mehta,user13015@example.com,9758120105,27,Female,Chandigarh,Chandigarh,Premium,2025-12-19
13016,Yash Yadav,user13016@example.com,9406455831,52,Male,Kanpur,Uttar Pradesh,New,2025-09-23
13017,Rohan Sharma,user13017@example.com,9632922738,42,Female,Dehradun,Uttarakhand,Premium,2025-12-14
13018,Sneha Malhotra,user13018@example.com,9187763876,44,Male,Bhopal,Madhya Pradesh,New,2025-09-03
13019,Nikhil Singh,user13019@example.com,9777267704,49,Male,Ahmedabad,Gujarat,New,2025-02-13
13020,Yash Mishra,user13020@example.com,9301841530,29,Male,Ahmedabad,Gujarat,New,2026-04-15
13021,Aarav Sinha,user13021@example.com,9170178996,21,Male,Kolkata,West Bengal,Regular,2025-12-08
13022,Aarav Gupta,user13022@example.com,9574215102,59,Male,Pune,Maharashtra,Regular,2025-07-21
13023,Akash Mehta,user13023@example.com,9284015846,43,Female,Lucknow,Uttar Pradesh,Regular,2025-03-03
13024,Kavya Shah,user13024@example.com,9884443469,20,Male,Kanpur,Uttar Pradesh,New,2025-02-15
13025,Aarav Gupta,user13025@example.com,9241552534,34,Male,Delhi,Delhi,Regular,2025-04-06
13026,Priya Joshi,user13026@example.com,9406665807,26,Female,Gurugram,Haryana,Regular,2025-11-03
13027,Yash Tiwari,user13027@example.com,9625760596,46,Female,Chandigarh,Chandigarh,Regular,2026-07-27
13028,Sahil Gupta,user13028@example.com,9852942774,18,Female,Patna,Bihar,New,2026-02-01
13029,Aditi Srivastava,user13029@example.com,9672533430,35,Male,Noida,Uttar Pradesh,New,2026-08-12
13030,Vikas Kapoor,user13030@example.com,9546986243,58,Female,Kolkata,West Bengal,New,2025-09-11
13031,Varun Chauhan,user13031@example.com,9703845600,37,Male,Lucknow,Uttar Pradesh,Regular,2025-02-02
13032,Aditya Yadav,user13032@example.com,9334246069,58,Male,Kanpur,Uttar Pradesh,Regular,2025-10-16
13033,Rohit Malhotra,user13033@example.com,9493890108,51,Male,Dehradun,Uttarakhand,Regular,2025-11-14
13034,Isha Chauhan,user13034@example.com,9496039278,45,Male,Gurugram,Haryana,Regular,2025-04-07
13035,Ankit Tiwari,user13035@example.com,9736376914,52,Male,Indore,Madhya Pradesh,Regular,2026-04-13
13036,Sneha Sharma,user13036@example.com,9728040442,33,Female,Bengaluru,Karnataka,Regular,2026-02-20
13037,Ananya Jain,user13037@example.com,9761511300,38,Male,Kanpur,Uttar Pradesh,Premium,2026-07-12
13038,Mohit Jain,user13038@example.com,9196950883,30,Female,Jaipur,Rajasthan,New,2025-12-10
13039,Sahil Shah,user13039@example.com,9169447646,52,Male,Pune,Maharashtra,Regular,2025-01-18
13040,Neha Verma,user13040@example.com,9810820844,59,Male,Bengaluru,Karnataka,Regular,2025-01-28
13041,Sahil Jain,user13041@example.com,9493714577,49,Male,Jaipur,Rajasthan,New,2026-06-03
13042,Aarav Kapoor,user13042@example.com,9437153707,55,Female,Dehradun,Uttarakhand,Premium,2025-09-10
13043,Sneha Malhotra,user13043@example.com,9154364958,23,Female,Jaipur,Rajasthan,Regular,2025-09-26
13044,Himanshu Gupta,user13044@example.com,9105169501,55,Female,Lucknow,Uttar Pradesh,Regular,2025-06-19
13045,Aditya Jain,user13045@example.com,9418933908,55,Female,Kanpur,Uttar Pradesh,Regular,2025-07-31
13046,Sneha Malhotra,user13046@example.com,9598639534,30,Female,Noida,Uttar Pradesh,Regular,2026-05-26
13047,Riya Sharma,user13047@example.com,9911822134,56,Female,Kolkata,West Bengal,New,2026-02-15
13048,Arjun Srivastava,user13048@example.com,9447320680,30,Female,Chandigarh,Chandigarh,New,2025-06-20
13049,Nikhil Singh,user13049@example.com,9924150723,29,Male,Patna,Bihar,Regular,2026-05-23
13050,Karan Singh,user13050@example.com,9978964164,50,Male,Ahmedabad,Gujarat,Premium,2025-07-30
13051,Nikhil Joshi,user13051@example.com,9758296360,45,Male,Kolkata,West Bengal,New,2025-07-07
13052,Kavya Agarwal,user13052@example.com,9456797100,20,Male,Pune,Maharashtra,Regular,2026-03-25
13053,Akash Kumar,user13053@example.com,9330627657,35,Male,Jaipur,Rajasthan,Regular,2026-07-06
13054,Neeraj Patel,user13054@example.com,9380082650,43,Male,Dehradun,Uttarakhand,New,2026-03-10
13055,Ananya Joshi,user13055@example.com,9372324815,57,Male,Surat,Gujarat,Regular,2026-07-29
13056,Varun Chauhan,user13056@example.com,9760047517,19,Male,Hyderabad,Telangana,Regular,2025-12-02
13057,Nikhil Tiwari,user13057@example.com,9741805132,21,Female,Bhopal,Madhya Pradesh,Regular,2026-08-05
13058,Varun Sinha,user13058@example.com,9728010723,45,Male,Ahmedabad,Gujarat,Regular,2026-04-01
13059,Pooja Sharma,user13059@example.com,9444354900,45,Male,Mumbai,Maharashtra,New,2026-05-06
13060,Vivaan Agarwal,user13060@example.com,9930554796,42,Female,Dehradun,Uttarakhand,Regular,2025-07-23
13061,Ankit Srivastava,user13061@example.com,9794776052,43,Male,Kanpur,Uttar Pradesh,Regular,2025-09-17
13062,Aarav Mishra,user13062@example.com,9259255399,19,Male,Kanpur,Uttar Pradesh,Regular,2025-07-29
13063,Varun Singh,user13063@example.com,9526938028,59,Male,Ranchi,Jharkhand,New,2025-03-08
13064,Neha Sinha,user13064@example.com,9122467918,51,Male,Ahmedabad,Gujarat,Regular,2026-08-19
13065,Neeraj Chauhan,user13065@example.com,9312536531,47,Male,Ahmedabad,Gujarat,Premium,2026-03-03
13066,Arjun Sinha,user13066@example.com,9483324755,38,Male,Surat,Gujarat,Regular,2025-04-04
13067,Ankit Tiwari,user13067@example.com,9697973676,54,Male,Mumbai,Maharashtra,Regular,2026-01-14
13068,Rahul Shah,user13068@example.com,9437943734,40,Female,Lucknow,Uttar Pradesh,Regular,2025-05-08
13069,Aditya Sinha,user13069@example.com,9810700986,50,Female,Mumbai,Maharashtra,New,2025-10-14
13070,Sahil Bansal,user13070@example.com,9856565124,19,Female,Kolkata,West Bengal,Premium,2025-08-31
13071,Himanshu Tiwari,user13071@example.com,9601386229,44,Male,Delhi,Delhi,Regular,2026-01-10
13072,Ankit Kapoor,user13072@example.com,9941145333,39,Male,Patna,Bihar,New,2025-08-26
13073,Abhishek Tiwari,user13073@example.com,9640737403,51,Female,Kolkata,West Bengal,New,2025-04-13
13074,Vivaan Patel,user13074@example.com,9298727429,33,Male,Kanpur,Uttar Pradesh,New,2026-07-02
13075,Rohan Gupta,user13075@example.com,9128954973,37,Female,Indore,Madhya Pradesh,New,2026-06-15
13076,Vikas Agarwal,user13076@example.com,9809290265,43,Male,Dehradun,Uttarakhand,Regular,2025-12-27
13077,Himanshu Jain,user13077@example.com,9533314084,33,Female,Kanpur,Uttar Pradesh,New,2025-01-23
13078,Abhishek Sharma,user13078@example.com,9311698956,23,Male,Bhopal,Madhya Pradesh,Premium,2026-02-17
13079,Isha Malhotra,user13079@example.com,9553420892,40,Male,Indore,Madhya Pradesh,Regular,2025-12-12
13080,Rohan Tiwari,user13080@example.com,9342154692,59,Female,Kanpur,Uttar Pradesh,Regular,2026-07-01
13081,Kavya Kapoor,user13081@example.com,9872548120,54,Female,Patna,Bihar,Regular,2026-01-04
13082,Rohan Mehta,user13082@example.com,9713884887,25,Male,Patna,Bihar,Regular,2025-07-31
13083,Aditya Chauhan,user13083@example.com,9184319966,23,Female,Lucknow,Uttar Pradesh,Regular,2025-11-03
13084,Mohit Kumar,user13084@example.com,9577300755,54,Male,Pune,Maharashtra,New,2025-06-28
13085,Rohan Tiwari,user13085@example.com,9820275387,39,Male,Chandigarh,Chandigarh,Premium,2026-01-19
13086,Akash Kapoor,user13086@example.com,9677488584,23,Female,Gurugram,Haryana,Regular,2026-03-30
13087,Neha Kumar,user13087@example.com,9208915092,49,Female,Ranchi,Jharkhand,New,2025-09-20
13088,Aarav Yadav,user13088@example.com,9269243762,34,Female,Hyderabad,Telangana,Regular,2026-01-19
13089,Rahul Malhotra,user13089@example.com,9592586878,55,Male,Bengaluru,Karnataka,Regular,2025-05-06
13090,Nikhil Patel,user13090@example.com,9797631420,34,Male,Surat,Gujarat,New,2025-06-03
13091,Varun Agarwal,user13091@example.com,9585855182,54,Female,Chandigarh,Chandigarh,Regular,2025-10-11
13092,Vivaan Tiwari,user13092@example.com,9325347609,40,Male,Dehradun,Uttarakhand,Regular,2025-11-05
13093,Vikas Singh,user13093@example.com,9233157429,30,Male,Dehradun,Uttarakhand,Regular,2026-06-13
13094,Rohan Sharma,user13094@example.com,9679776169,49,Male,Dehradun,Uttarakhand,Regular,2026-04-05
13095,Arjun Malhotra,user13095@example.com,9885826186,39,Male,Delhi,Delhi,Premium,2025-08-15
13096,Yash Singh,user13096@example.com,9448907428,24,Male,Bengaluru,Karnataka,New,2025-03-08
13097,Abhishek Mehta,user13097@example.com,9690089192,39,Male,Kanpur,Uttar Pradesh,Regular,2025-10-24
13098,Priya Kapoor,user13098@example.com,9250719868,38,Female,Mumbai,Maharashtra,Regular,2025-05-10
13099,Arjun Mehta,user13099@example.com,9664036106,23,Female,Gurugram,Haryana,Regular,2025-07-13
13100,Riya Patel,user13100@example.com,9288278298,31,Male,Jaipur,Rajasthan,New,2026-05-06
13101,Sahil Mehta,user13101@example.com,9469437533,33,Male,Chandigarh,Chandigarh,New,2025-08-04
13102,Aarav Kumar,user13102@example.com,9125457746,20,Male,Patna,Bihar,Regular,2025-10-31
13103,Riya Patel,user13103@example.com,9222841889,26,Male,Bhopal,Madhya Pradesh,Regular,2025-11-05
13104,Sneha Jain,user13104@example.com,9669090597,38,Female,Ranchi,Jharkhand,Regular,2026-05-21
13105,Aditya Agarwal,user13105@example.com,9792181078,47,Female,Indore,Madhya Pradesh,Regular,2025-04-11
13106,Nikhil Tiwari,user13106@example.com,9865288372,47,Female,Kolkata,West Bengal,Regular,2025-01-22
13107,Aditi Tiwari,user13107@example.com,9841794624,59,Female,Gurugram,Haryana,New,2026-04-11
13108,Ananya Joshi,user13108@example.com,9753668738,59,Male,Chennai,Tamil Nadu,New,2025-07-31
13109,Arjun Chauhan,user13109@example.com,9247256258,49,Male,Chennai,Tamil Nadu,Premium,2026-06-11
13110,Pooja Tiwari,user13110@example.com,9682965915,40,Female,Ranchi,Jharkhand,Regular,2026-03-04
13111,Isha Agarwal,user13111@example.com,9816686733,20,Female,Ahmedabad,Gujarat,Regular,2025-09-10
13112,Pooja Mehta,user13112@example.com,9225001523,18,Male,Noida,Uttar Pradesh,Regular,2025-11-16
13113,Nikhil Yadav,user13113@example.com,9743727645,20,Male,Hyderabad,Telangana,Regular,2025-05-26
13114,Neha Kumar,user13114@example.com,9251006901,54,Female,Gurugram,Haryana,New,2026-04-23
13115,Neeraj Joshi,user13115@example.com,9355663044,24,Male,Patna,Bihar,New,2025-09-30
13116,Aarav Mehta,user13116@example.com,9746893936,20,Female,Gurugram,Haryana,Regular,2025-09-09
13117,Rahul Patel,user13117@example.com,9450075534,53,Female,Kanpur,Uttar Pradesh,Premium,2026-03-21
13118,Neeraj Chauhan,user13118@example.com,9662054565,20,Male,Indore,Madhya Pradesh,New,2025-12-26
13119,Ananya Bansal,user13119@example.com,9659158989,21,Female,Bengaluru,Karnataka,New,2026-04-15
13120,Sneha Malhotra,user13120@example.com,9785177485,48,Female,Dehradun,Uttarakhand,Premium,2026-02-07
13121,Ankit Tiwari,user13121@example.com,9304572090,19,Female,Bengaluru,Karnataka,New,2026-06-23
13122,Sahil Srivastava,user13122@example.com,9363743216,31,Male,Pune,Maharashtra,Regular,2026-04-26
13123,Yash Sinha,user13123@example.com,9571260159,54,Male,Pune,Maharashtra,New,2025-08-08
13124,Rahul Bansal,user13124@example.com,9361615175,48,Female,Gurugram,Haryana,Regular,2025-09-19
13125,Priya Sinha,user13125@example.com,9622920850,19,Male,Delhi,Delhi,Regular,2026-08-05
13126,Arjun Gupta,user13126@example.com,9116032031,48,Male,Lucknow,Uttar Pradesh,New,2025-04-30
13127,Arjun Sinha,user13127@example.com,9505762142,60,Male,Jaipur,Rajasthan,Regular,2026-02-21
13128,Arjun Yadav,user13128@example.com,9794811292,39,Female,Delhi,Delhi,Regular,2025-06-12
13129,Arjun Srivastava,user13129@example.com,9507545896,27,Male,Patna,Bihar,Regular,2026-05-21
13130,Yash Srivastava,user13130@example.com,9612479562,47,Male,Jaipur,Rajasthan,Regular,2025-09-30
13131,Priya Kapoor,user13131@example.com,9249919532,50,Male,Chandigarh,Chandigarh,Regular,2025-06-11
13132,Abhishek Joshi,user13132@example.com,9523831308,36,Female,Bengaluru,Karnataka,Regular,2026-05-05
13133,Abhishek Kumar,user13133@example.com,9278848922,42,Female,Bengaluru,Karnataka,Regular,2025-03-25
13134,Nikhil Kapoor,user13134@example.com,9408578807,18,Male,Jaipur,Rajasthan,Regular,2025-01-11
13135,Vikas Yadav,user13135@example.com,9692040210,49,Female,Hyderabad,Telangana,Regular,2025-01-12
13136,Abhishek Kumar,user13136@example.com,9511319961,42,Male,Delhi,Delhi,Regular,2025-06-26
13137,Ananya Joshi,user13137@example.com,9534120244,58,Female,Lucknow,Uttar Pradesh,New,2026-05-05
13138,Vivaan Srivastava,user13138@example.com,9788674994,34,Female,Gurugram,Haryana,New,2025-02-21
13139,Priya Tiwari,user13139@example.com,9322996388,31,Female,Noida,Uttar Pradesh,New,2025-12-02
13140,Arjun Agarwal,user13140@example.com,9467077103,30,Male,Bengaluru,Karnataka,Premium,2025-12-07
13141,Mohit Srivastava,user13141@example.com,9808999304,55,Female,Hyderabad,Telangana,Regular,2025-03-10
13142,Rohan Chauhan,user13142@example.com,9663974910,56,Female,Noida,Uttar Pradesh,Regular,2025-07-01
13143,Varun Shah,user13143@example.com,9128320731,19,Male,Bhopal,Madhya Pradesh,New,2025-03-27
13144,Rohan Kapoor,user13144@example.com,9494958559,49,Male,Bhopal,Madhya Pradesh,New,2025-05-10
13145,Simran Mehta,user13145@example.com,9411051443,49,Male,Lucknow,Uttar Pradesh,Premium,2026-01-24
13146,Ananya Chauhan,user13146@example.com,9773864885,57,Male,Mumbai,Maharashtra,Premium,2026-06-11
13147,Neha Gupta,user13147@example.com,9408762866,23,Male,Kolkata,West Bengal,New,2026-08-04
13148,Priya Gupta,user13148@example.com,9158295391,42,Female,Gurugram,Haryana,Regular,2025-10-21
13149,Akash Sinha,user13149@example.com,9677888452,20,Male,Bengaluru,Karnataka,Regular,2025-05-05
13150,Nikhil Bansal,user13150@example.com,9995618951,35,Female,Gurugram,Haryana,Regular,2025-11-15
13151,Riya Yadav,user13151@example.com,9891929357,55,Male,Bhopal,Madhya Pradesh,Regular,2025-02-25
13152,Neeraj Gupta,user13152@example.com,9164696951,60,Male,Chandigarh,Chandigarh,Regular,2026-01-19
13153,Vikas Mishra,user13153@example.com,9245040770,20,Male,Chandigarh,Chandigarh,Regular,2026-08-23
13154,Rohit Chauhan,user13154@example.com,9950047383,22,Male,Noida,Uttar Pradesh,New,2026-08-06
13155,Akash Sinha,user13155@example.com,9817194508,41,Male,Chandigarh,Chandigarh,Regular,2025-12-25
13156,Rahul Gupta,user13156@example.com,9664645447,51,Female,Kanpur,Uttar Pradesh,Regular,2025-04-16
13157,Vivaan Jain,user13157@example.com,9695708073,56,Female,Mumbai,Maharashtra,Regular,2026-04-14
13158,Yash Singh,user13158@example.com,9705057182,41,Male,Ranchi,Jharkhand,Regular,2025-02-27
13159,Nikhil Singh,user13159@example.com,9691244796,53,Female,Noida,Uttar Pradesh,New,2025-07-11
13160,Rohit Chauhan,user13160@example.com,9485292734,45,Male,Bengaluru,Karnataka,Regular,2025-09-22
13161,Rohit Shah,user13161@example.com,9854890393,51,Male,Dehradun,Uttarakhand,Regular,2025-07-08
13162,Kavya Srivastava,user13162@example.com,9639260817,33,Male,Noida,Uttar Pradesh,Regular,2026-05-05
13163,Aarav Singh,user13163@example.com,9423503097,53,Female,Chennai,Tamil Nadu,Regular,2025-10-26
13164,Aditya Kumar,user13164@example.com,9235107640,24,Male,Ranchi,Jharkhand,Regular,2025-03-23
13165,Neha Chauhan,user13165@example.com,9208121606,35,Male,Mumbai,Maharashtra,New,2026-02-10
13166,Rohan Singh,user13166@example.com,9939561327,23,Female,Noida,Uttar Pradesh,Regular,2026-03-19
13167,Neha Kumar,user13167@example.com,9909295919,45,Female,Noida,Uttar Pradesh,New,2025-05-13
13168,Varun Gupta,user13168@example.com,9208654159,56,Female,Chandigarh,Chandigarh,New,2025-03-19
13169,Neeraj Chauhan,user13169@example.com,9324262006,51,Female,Patna,Bihar,New,2025-02-11
13170,Yash Chauhan,user13170@example.com,9321868407,58,Female,Noida,Uttar Pradesh,New,2025-03-31
13171,Vivaan Agarwal,user13171@example.com,9347653179,46,Male,Pune,Maharashtra,Regular,2026-01-26
13172,Neeraj Jain,user13172@example.com,9742209824,21,Female,Gurugram,Haryana,Premium,2025-06-16
13173,Vikas Singh,user13173@example.com,9217578231,31,Female,Bengaluru,Karnataka,New,2025-05-17
13174,Neeraj Sinha,user13174@example.com,9425342210,22,Male,Bhopal,Madhya Pradesh,Regular,2026-08-26
13175,Kavya Singh,user13175@example.com,9679886595,42,Male,Pune,Maharashtra,New,2025-02-22
13176,Rahul Patel,user13176@example.com,9694540387,56,Male,Pune,Maharashtra,Regular,2025-10-25
13177,Abhishek Agarwal,user13177@example.com,9643555331,25,Male,Delhi,Delhi,Regular,2025-05-04
13178,Nikhil Singh,user13178@example.com,9403548457,32,Female,Dehradun,Uttarakhand,Premium,2025-03-05
13179,Arjun Bansal,user13179@example.com,9682486024,36,Male,Hyderabad,Telangana,New,2025-02-18
13180,Mohit Malhotra,user13180@example.com,9963992807,28,Male,Chandigarh,Chandigarh,Regular,2025-06-18
13181,Simran Malhotra,user13181@example.com,9230278194,37,Female,Kanpur,Uttar Pradesh,New,2026-04-15
13182,Rohan Sinha,user13182@example.com,9545149840,53,Male,Kanpur,Uttar Pradesh,Regular,2026-05-19
13183,Rohit Bansal,user13183@example.com,9524488848,35,Male,Dehradun,Uttarakhand,Premium,2025-09-30
13184,Isha Sharma,user13184@example.com,9725004128,31,Female,Chennai,Tamil Nadu,Regular,2025-06-08
13185,Mohit Chauhan,user13185@example.com,9898009107,55,Male,Chennai,Tamil Nadu,Regular,2025-07-21
13186,Aditya Srivastava,user13186@example.com,9599219597,42,Female,Lucknow,Uttar Pradesh,Regular,2025-02-16
13187,Rahul Gupta,user13187@example.com,9217396245,33,Male,Bengaluru,Karnataka,Premium,2025-11-22
13188,Akash Kumar,user13188@example.com,9703108787,35,Male,Surat,Gujarat,Regular,2026-04-13
13189,Neha Kumar,user13189@example.com,9752803098,18,Male,Surat,Gujarat,New,2025-03-13
13190,Himanshu Tiwari,user13190@example.com,9185920810,57,Male,Indore,Madhya Pradesh,Regular,2025-11-18
13191,Himanshu Chauhan,user13191@example.com,9848106882,18,Female,Bhopal,Madhya Pradesh,New,2026-07-31
13192,Ankit Patel,user13192@example.com,9250248663,18,Female,Indore,Madhya Pradesh,New,2026-01-31
13193,Akash Singh,user13193@example.com,9531621725,38,Female,Bhopal,Madhya Pradesh,New,2026-06-26
13194,Rahul Sharma,user13194@example.com,9147531527,42,Male,Surat,Gujarat,Regular,2025-12-14
13195,Sahil Singh,user13195@example.com,9223297112,44,Female,Patna,Bihar,Regular,2026-04-18
13196,Himanshu Sharma,user13196@example.com,9985288443,27,Female,Lucknow,Uttar Pradesh,New,2025-01-07
13197,Vikas Yadav,user13197@example.com,9784447369,29,Male,Chandigarh,Chandigarh,Regular,2026-02-07
13198,Akash Gupta,user13198@example.com,9740992668,45,Female,Bengaluru,Karnataka,Regular,2025-06-09
13199,Aarav Verma,user13199@example.com,9194589863,49,Male,Indore,Madhya Pradesh,Premium,2026-08-08
13200,Arjun Patel,user13200@example.com,9450915829,50,Male,Ahmedabad,Gujarat,Regular,2026-01-24
13201,Arjun Shah,user13201@example.com,9428199616,25,Female,Bhopal,Madhya Pradesh,Regular,2025-06-12
13202,Abhishek Mishra,user13202@example.com,9681446643,59,Female,Noida,Uttar Pradesh,Regular,2025-11-03
13203,Vikas Mehta,user13203@example.com,9428306708,43,Male,Indore,Madhya Pradesh,New,2025-05-24
13204,Aditi Singh,user13204@example.com,9768623846,59,Male,Noida,Uttar Pradesh,Regular,2026-05-22
13205,Pooja Gupta,user13205@example.com,9632948375,58,Female,Kolkata,West Bengal,Regular,2025-08-28
13206,Simran Kumar,user13206@example.com,9660157128,19,Female,Hyderabad,Telangana,New,2026-05-23
13207,Simran Mehta,user13207@example.com,9713682165,52,Male,Ahmedabad,Gujarat,New,2026-02-18
13208,Abhishek Sharma,user13208@example.com,9570917017,51,Male,Dehradun,Uttarakhand,Regular,2026-05-18
13209,Rohit Agarwal,user13209@example.com,9379699720,23,Male,Patna,Bihar,New,2026-02-28
13210,Pooja Joshi,user13210@example.com,9918777747,48,Female,Dehradun,Uttarakhand,New,2025-03-12
13211,Varun Mehta,user13211@example.com,9966314466,40,Male,Indore,Madhya Pradesh,Regular,2025-04-20
13212,Aman Shah,user13212@example.com,9828657699,29,Male,Mumbai,Maharashtra,Regular,2025-05-20
13213,Sneha Yadav,user13213@example.com,9356720873,45,Male,Dehradun,Uttarakhand,Regular,2026-02-06
13214,Himanshu Malhotra,user13214@example.com,9514793251,32,Female,Indore,Madhya Pradesh,Regular,2026-03-23
13215,Simran Joshi,user13215@example.com,9271739134,36,Female,Bengaluru,Karnataka,Regular,2025-07-11
13216,Varun Bansal,user13216@example.com,9567127368,29,Female,Hyderabad,Telangana,Regular,2026-07-29
13217,Simran Chauhan,user13217@example.com,9807231232,19,Male,Mumbai,Maharashtra,New,2025-08-16
13218,Arjun Verma,user13218@example.com,9526454084,28,Male,Jaipur,Rajasthan,New,2025-04-13
13219,Abhishek Gupta,user13219@example.com,9422606024,54,Female,Ahmedabad,Gujarat,Regular,2026-02-03
13220,Abhishek Bansal,user13220@example.com,9438653988,55,Female,Kolkata,West Bengal,Regular,2025-01-09
13221,Pooja Tiwari,user13221@example.com,9258499538,42,Female,Delhi,Delhi,Regular,2025-11-24
13222,Akash Shah,user13222@example.com,9409375977,60,Female,Kolkata,West Bengal,Regular,2026-05-23
13223,Mohit Chauhan,user13223@example.com,9223943786,38,Female,Kanpur,Uttar Pradesh,New,2026-01-30
13224,Rohan Kumar,user13224@example.com,9369704799,59,Female,Hyderabad,Telangana,Regular,2025-11-02
13225,Nikhil Kapoor,user13225@example.com,9375717516,53,Female,Noida,Uttar Pradesh,Regular,2026-06-03
13226,Ankit Mishra,user13226@example.com,9222331219,26,Female,Ahmedabad,Gujarat,Regular,2026-08-03
13227,Rohit Bansal,user13227@example.com,9262878179,29,Male,Lucknow,Uttar Pradesh,Regular,2025-11-04
13228,Aditya Sinha,user13228@example.com,9510807594,27,Male,Lucknow,Uttar Pradesh,Premium,2025-01-04
13229,Neeraj Kumar,user13229@example.com,9808054308,22,Female,Indore,Madhya Pradesh,Regular,2025-03-13
13230,Abhishek Yadav,user13230@example.com,9847100105,50,Male,Patna,Bihar,Premium,2025-04-09
13231,Aditi Srivastava,user13231@example.com,9498121752,22,Female,Kanpur,Uttar Pradesh,New,2026-07-25
13232,Himanshu Srivastava,user13232@example.com,9360557532,33,Male,Chandigarh,Chandigarh,New,2025-01-13
13233,Aman Srivastava,user13233@example.com,9247401943,54,Male,Kanpur,Uttar Pradesh,New,2025-08-18
13234,Sahil Chauhan,user13234@example.com,9795344358,54,Male,Dehradun,Uttarakhand,New,2025-12-13
13235,Himanshu Sharma,user13235@example.com,9391365192,46,Male,Mumbai,Maharashtra,Regular,2025-01-18
13236,Abhishek Mehta,user13236@example.com,9761553577,35,Male,Ranchi,Jharkhand,Regular,2025-11-04
13237,Neha Gupta,user13237@example.com,9866010113,46,Male,Ahmedabad,Gujarat,Regular,2025-05-14
13238,Yash Gupta,user13238@example.com,9198022595,23,Female,Kanpur,Uttar Pradesh,Premium,2026-06-30
13239,Neha Kumar,user13239@example.com,9160116871,35,Male,Jaipur,Rajasthan,Premium,2025-05-26
13240,Nikhil Verma,user13240@example.com,9780206943,49,Male,Dehradun,Uttarakhand,New,2026-07-14
13241,Pooja Kumar,user13241@example.com,9323500813,59,Male,Delhi,Delhi,Premium,2025-01-07
13242,Pooja Sinha,user13242@example.com,9509725552,48,Female,Chennai,Tamil Nadu,Regular,2026-06-16
13243,Aman Mehta,user13243@example.com,9791664894,28,Female,Patna,Bihar,Regular,2025-03-23
13244,Sahil Singh,user13244@example.com,9890578452,43,Female,Kolkata,West Bengal,Regular,2025-12-12
13245,Arjun Jain,user13245@example.com,9811332759,45,Male,Chandigarh,Chandigarh,New,2026-04-11
13246,Isha Tiwari,user13246@example.com,9466181297,44,Male,Jaipur,Rajasthan,Premium,2025-03-19
13247,Rohit Chauhan,user13247@example.com,9976487121,36,Female,Delhi,Delhi,Regular,2025-08-19
13248,Aarav Mehta,user13248@example.com,9930625215,44,Female,Ahmedabad,Gujarat,Premium,2026-05-16
13249,Riya Singh,user13249@example.com,9552295999,37,Male,Kolkata,West Bengal,Premium,2025-02-28
13250,Yash Sharma,user13250@example.com,9817455335,20,Male,Dehradun,Uttarakhand,Regular,2025-03-15
13251,Rahul Chauhan,user13251@example.com,9456280217,33,Male,Lucknow,Uttar Pradesh,New,2025-11-28
13252,Karan Kapoor,user13252@example.com,9721073567,56,Male,Patna,Bihar,New,2025-12-27
13253,Mohit Chauhan,user13253@example.com,9398592747,46,Female,Hyderabad,Telangana,Regular,2026-06-06
13254,Vivaan Mehta,user13254@example.com,9872426040,32,Male,Surat,Gujarat,New,2025-05-13
13255,Mohit Yadav,user13255@example.com,9304797558,47,Male,Kanpur,Uttar Pradesh,Regular,2026-08-26
13256,Rahul Sharma,user13256@example.com,9250751223,57,Male,Kanpur,Uttar Pradesh,New,2025-10-05
13257,Ananya Jain,user13257@example.com,9362520756,18,Female,Ahmedabad,Gujarat,Premium,2025-01-06
13258,Rahul Patel,user13258@example.com,9980690336,46,Female,Jaipur,Rajasthan,Regular,2026-07-08
13259,Sahil Yadav,user13259@example.com,9924097075,47,Female,Chennai,Tamil Nadu,New,2025-11-18
13260,Vikas Shah,user13260@example.com,9274591838,57,Male,Dehradun,Uttarakhand,Regular,2025-01-01
13261,Himanshu Agarwal,user13261@example.com,9528944529,49,Female,Jaipur,Rajasthan,Regular,2026-07-25
13262,Aarav Mishra,user13262@example.com,9507764363,27,Male,Ranchi,Jharkhand,Regular,2025-04-01
13263,Aditi Kapoor,user13263@example.com,9848255320,44,Male,Pune,Maharashtra,Regular,2026-04-08
13264,Aditya Kumar,user13264@example.com,9133693676,25,Male,Hyderabad,Telangana,New,2025-11-30
13265,Aditi Kapoor,user13265@example.com,9122571742,53,Female,Gurugram,Haryana,Regular,2025-09-01
13266,Abhishek Bansal,user13266@example.com,9268493833,59,Male,Patna,Bihar,Regular,2025-09-21
13267,Mohit Srivastava,user13267@example.com,9287977011,52,Female,Ranchi,Jharkhand,Regular,2026-07-31
13268,Simran Verma,user13268@example.com,9750034721,53,Male,Indore,Madhya Pradesh,Regular,2026-04-25
13269,Aditya Sinha,user13269@example.com,9169699954,53,Male,Bhopal,Madhya Pradesh,New,2025-02-02
13270,Neha Agarwal,user13270@example.com,9543633645,42,Male,Gurugram,Haryana,New,2025-03-23
13271,Pooja Chauhan,user13271@example.com,9641307046,37,Male,Ahmedabad,Gujarat,Regular,2026-01-20
13272,Simran Mishra,user13272@example.com,9825420423,34,Male,Hyderabad,Telangana,Premium,2025-11-02
13273,Aditi Yadav,user13273@example.com,9894959484,40,Male,Pune,Maharashtra,Regular,2025-09-11
13274,Vikas Agarwal,user13274@example.com,9765826015,42,Male,Hyderabad,Telangana,New,2025-09-02
13275,Neha Srivastava,user13275@example.com,9251960042,48,Male,Chandigarh,Chandigarh,New,2026-01-05
13276,Vivaan Yadav,user13276@example.com,9941167772,23,Male,Indore,Madhya Pradesh,New,2025-10-29
13277,Aditi Malhotra,user13277@example.com,9880752021,52,Male,Jaipur,Rajasthan,Regular,2025-03-21
13278,Aditya Patel,user13278@example.com,9514799315,21,Male,Chandigarh,Chandigarh,Regular,2025-11-02
13279,Rohit Yadav,user13279@example.com,9561703109,57,Male,Lucknow,Uttar Pradesh,Regular,2025-05-17
13280,Arjun Srivastava,user13280@example.com,9469041084,37,Male,Noida,Uttar Pradesh,New,2026-08-17
13281,Pooja Patel,user13281@example.com,9582321450,58,Female,Ranchi,Jharkhand,New,2025-12-02
13282,Neeraj Mehta,user13282@example.com,9136275120,18,Male,Hyderabad,Telangana,Regular,2025-09-24
13283,Sahil Kapoor,user13283@example.com,9784220444,43,Male,Hyderabad,Telangana,Premium,2025-02-15
13284,Rohan Sinha,user13284@example.com,9406038633,51,Female,Mumbai,Maharashtra,Regular,2025-08-17
13285,Mohit Bansal,user13285@example.com,9542464080,27,Female,Kolkata,West Bengal,Premium,2025-01-17
13286,Aditya Malhotra,user13286@example.com,9408411060,40,Female,Delhi,Delhi,Regular,2025-07-09
13287,Isha Singh,user13287@example.com,9542156705,41,Female,Lucknow,Uttar Pradesh,New,2025-06-27
13288,Isha Shah,user13288@example.com,9504912255,30,Male,Chandigarh,Chandigarh,New,2025-11-22
13289,Vikas Kapoor,user13289@example.com,9351570942,46,Male,Chandigarh,Chandigarh,Regular,2025-09-04
13290,Vivaan Jain,user13290@example.com,9455921189,44,Female,Chandigarh,Chandigarh,Regular,2026-01-23
13291,Simran Mishra,user13291@example.com,9658377400,48,Female,Noida,Uttar Pradesh,Regular,2026-02-27
13292,Ananya Sharma,user13292@example.com,9321887332,60,Female,Hyderabad,Telangana,Regular,2026-01-23
13293,Vikas Mishra,user13293@example.com,9586634883,27,Female,Bengaluru,Karnataka,Regular,2025-06-03
13294,Mohit Mishra,user13294@example.com,9473348093,48,Male,Pune,Maharashtra,New,2025-04-27
13295,Mohit Joshi,user13295@example.com,9786392961,56,Male,Lucknow,Uttar Pradesh,Regular,2025-03-04
13296,Varun Mishra,user13296@example.com,9113742603,27,Female,Indore,Madhya Pradesh,Regular,2026-01-08
13297,Vivaan Yadav,user13297@example.com,9290473925,41,Female,Gurugram,Haryana,Regular,2025-05-24
13298,Abhishek Chauhan,user13298@example.com,9747078647,50,Female,Mumbai,Maharashtra,Regular,2026-01-06
13299,Sahil Tiwari,user13299@example.com,9157157741,31,Female,Ahmedabad,Gujarat,Regular,2025-01-12
13300,Rohit Malhotra,user13300@example.com,9671942215,52,Male,Ahmedabad,Gujarat,New,2026-02-02
13301,Rahul Agarwal,user13301@example.com,9817432052,51,Male,Bengaluru,Karnataka,Regular,2025-03-21
13302,Neha Bansal,user13302@example.com,9649992610,34,Female,Delhi,Delhi,Regular,2025-12-27
13303,Himanshu Mishra,user13303@example.com,9917586574,38,Male,Lucknow,Uttar Pradesh,Regular,2026-07-29
13304,Mohit Gupta,user13304@example.com,9733309766,49,Male,Kolkata,West Bengal,New,2025-11-14
13305,Himanshu Mishra,user13305@example.com,9691456654,20,Male,Gurugram,Haryana,New,2026-01-18
13306,Sneha Shah,user13306@example.com,9110512005,32,Male,Chandigarh,Chandigarh,New,2026-02-05
13307,Ankit Singh,user13307@example.com,9191357422,25,Male,Dehradun,Uttarakhand,Regular,2025-02-07
13308,Pooja Chauhan,user13308@example.com,9631516880,49,Female,Chennai,Tamil Nadu,Premium,2026-03-13
13309,Vivaan Kapoor,user13309@example.com,9836147011,55,Male,Ahmedabad,Gujarat,New,2025-02-13
13310,Rahul Agarwal,user13310@example.com,9512602133,43,Male,Patna,Bihar,Regular,2026-03-10
13311,Aditi Tiwari,user13311@example.com,9699649311,47,Female,Chennai,Tamil Nadu,Regular,2026-05-01
13312,Rohan Tiwari,user13312@example.com,9606012794,26,Male,Bhopal,Madhya Pradesh,Regular,2025-10-07
13313,Aman Shah,user13313@example.com,9842696469,49,Female,Chandigarh,Chandigarh,New,2026-03-18
13314,Ananya Agarwal,user13314@example.com,9106942362,28,Male,Jaipur,Rajasthan,New,2026-01-06
13315,Isha Shah,user13315@example.com,9884935021,39,Female,Mumbai,Maharashtra,New,2025-09-09
13316,Aditya Shah,user13316@example.com,9861081211,51,Male,Noida,Uttar Pradesh,Premium,2025-05-19
13317,Sahil Singh,user13317@example.com,9493113202,58,Male,Dehradun,Uttarakhand,Regular,2025-01-17
13318,Aditya Kumar,user13318@example.com,9164198373,35,Female,Lucknow,Uttar Pradesh,New,2026-06-16
13319,Neha Patel,user13319@example.com,9357209083,36,Female,Bhopal,Madhya Pradesh,New,2025-04-04
13320,Pooja Joshi,user13320@example.com,9374809080,35,Male,Chennai,Tamil Nadu,New,2025-04-03
13321,Aditi Shah,user13321@example.com,9940264200,54,Female,Gurugram,Haryana,New,2026-06-04
13322,Sneha Shah,user13322@example.com,9608530915,35,Male,Gurugram,Haryana,Regular,2026-06-25
13323,Priya Agarwal,user13323@example.com,9594236232,29,Female,Patna,Bihar,Regular,2025-07-16
13324,Aman Mishra,user13324@example.com,9102817422,21,Male,Mumbai,Maharashtra,Regular,2025-11-20
13325,Ankit Chauhan,user13325@example.com,9747650237,60,Male,Dehradun,Uttarakhand,Regular,2026-05-21
13326,Riya Malhotra,user13326@example.com,9700181548,44,Male,Ahmedabad,Gujarat,Regular,2025-11-04
13327,Neha Tiwari,user13327@example.com,9469148627,22,Male,Surat,Gujarat,New,2026-06-21
13328,Akash Verma,user13328@example.com,9702028615,23,Male,Kolkata,West Bengal,Regular,2025-03-21
13329,Himanshu Chauhan,user13329@example.com,9898458425,30,Male,Lucknow,Uttar Pradesh,Regular,2025-11-30
13330,Mohit Kumar,user13330@example.com,9246612443,40,Male,Mumbai,Maharashtra,New,2026-02-16
13331,Akash Kumar,user13331@example.com,9688260722,59,Male,Delhi,Delhi,Regular,2025-08-23
13332,Arjun Malhotra,user13332@example.com,9566901519,42,Male,Surat,Gujarat,Premium,2025-05-19
13333,Vivaan Mishra,user13333@example.com,9138176842,21,Female,Ranchi,Jharkhand,New,2025-01-08
13334,Ankit Gupta,user13334@example.com,9108844905,49,Female,Patna,Bihar,Premium,2025-11-02
13335,Rohan Mishra,user13335@example.com,9119427463,32,Female,Dehradun,Uttarakhand,New,2026-04-13
13336,Vivaan Verma,user13336@example.com,9296300704,43,Female,Bengaluru,Karnataka,Regular,2026-02-05
13337,Neha Shah,user13337@example.com,9967660029,59,Female,Ahmedabad,Gujarat,Regular,2026-07-26
13338,Abhishek Malhotra,user13338@example.com,9705096977,28,Female,Chennai,Tamil Nadu,Regular,2025-07-29
13339,Priya Chauhan,user13339@example.com,9280238242,26,Male,Patna,Bihar,New,2025-07-13
13340,Arjun Joshi,user13340@example.com,9645577981,28,Male,Hyderabad,Telangana,Regular,2025-12-05
13341,Karan Verma,user13341@example.com,9877273393,19,Male,Noida,Uttar Pradesh,Premium,2026-01-15
13342,Yash Gupta,user13342@example.com,9302975975,44,Male,Jaipur,Rajasthan,New,2025-09-03
13343,Rohit Bansal,user13343@example.com,9314674138,43,Female,Mumbai,Maharashtra,Premium,2025-04-11
13344,Mohit Mishra,user13344@example.com,9988973882,25,Male,Pune,Maharashtra,Regular,2025-12-06
13345,Ananya Mehta,user13345@example.com,9571990043,38,Male,Delhi,Delhi,Premium,2025-03-09
13346,Priya Mehta,user13346@example.com,9436176941,38,Female,Pune,Maharashtra,New,2025-08-03
13347,Kavya Shah,user13347@example.com,9773124927,25,Male,Surat,Gujarat,Regular,2025-01-02
13348,Aditi Chauhan,user13348@example.com,9779632453,18,Male,Ahmedabad,Gujarat,New,2025-02-11
13349,Abhishek Malhotra,user13349@example.com,9385736238,55,Male,Ranchi,Jharkhand,Premium,2026-04-28
13350,Ankit Gupta,user13350@example.com,9819897741,30,Female,Ranchi,Jharkhand,Regular,2026-01-22
13351,Simran Joshi,user13351@example.com,9703059078,26,Female,Kolkata,West Bengal,Regular,2025-03-14
13352,Riya Chauhan,user13352@example.com,9795314633,45,Female,Lucknow,Uttar Pradesh,New,2025-01-20
13353,Aditi Chauhan,user13353@example.com,9901503438,23,Male,Chandigarh,Chandigarh,Regular,2026-04-26
13354,Karan Chauhan,user13354@example.com,9316596894,40,Male,Pune,Maharashtra,Regular,2026-02-20
13355,Vivaan Sinha,user13355@example.com,9496945628,53,Male,Lucknow,Uttar Pradesh,Regular,2025-05-31
13356,Pooja Kumar,user13356@example.com,9624352873,34,Female,Patna,Bihar,Regular,2026-02-05
13357,Varun Verma,user13357@example.com,9812751861,26,Male,Kanpur,Uttar Pradesh,Regular,2026-06-10
13358,Vikas Sinha,user13358@example.com,9584033616,29,Male,Hyderabad,Telangana,Regular,2026-08-03
13359,Neeraj Chauhan,user13359@example.com,9222376954,39,Female,Kolkata,West Bengal,New,2025-10-12
13360,Yash Joshi,user13360@example.com,9410571570,29,Female,Bengaluru,Karnataka,Premium,2025-11-30
13361,Karan Malhotra,user13361@example.com,9342142492,23,Female,Delhi,Delhi,Regular,2025-07-24
13362,Pooja Srivastava,user13362@example.com,9207648491,26,Male,Bengaluru,Karnataka,Regular,2025-11-26
13363,Neeraj Patel,user13363@example.com,9458103935,54,Male,Chandigarh,Chandigarh,New,2025-04-19
13364,Rahul Jain,user13364@example.com,9350959193,20,Male,Lucknow,Uttar Pradesh,Premium,2025-01-11
13365,Ankit Bansal,user13365@example.com,9474907083,51,Female,Bengaluru,Karnataka,New,2026-08-25
13366,Varun Sinha,user13366@example.com,9358858008,25,Male,Gurugram,Haryana,Regular,2025-08-18
13367,Karan Joshi,user13367@example.com,9585391292,27,Female,Hyderabad,Telangana,Premium,2025-01-30
13368,Neeraj Singh,user13368@example.com,9463681320,58,Female,Noida,Uttar Pradesh,New,2025-07-06
13369,Isha Yadav,user13369@example.com,9840663364,59,Male,Noida,Uttar Pradesh,Regular,2025-06-22
13370,Kavya Yadav,user13370@example.com,9760333059,60,Male,Chandigarh,Chandigarh,Regular,2026-06-25
13371,Karan Chauhan,user13371@example.com,9189083371,26,Female,Patna,Bihar,Regular,2026-07-15
13372,Neha Agarwal,user13372@example.com,9774814191,31,Female,Ahmedabad,Gujarat,Regular,2025-10-05
13373,Kavya Shah,user13373@example.com,9235639400,54,Female,Lucknow,Uttar Pradesh,Regular,2025-07-17
13374,Aditi Sharma,user13374@example.com,9951404216,44,Male,Bengaluru,Karnataka,New,2026-05-21
13375,Neeraj Bansal,user13375@example.com,9131634462,58,Male,Hyderabad,Telangana,New,2025-09-03
13376,Abhishek Agarwal,user13376@example.com,9856725634,49,Female,Jaipur,Rajasthan,Premium,2026-07-02
13377,Himanshu Singh,user13377@example.com,9363938754,21,Female,Surat,Gujarat,New,2025-08-06
13378,Simran Sharma,user13378@example.com,9619005785,19,Male,Indore,Madhya Pradesh,Regular,2025-01-16
13379,Rohan Singh,user13379@example.com,9437320625,50,Male,Kolkata,West Bengal,New,2026-05-07
13380,Riya Singh,user13380@example.com,9399392955,38,Female,Patna,Bihar,Regular,2026-01-17
13381,Vikas Singh,user13381@example.com,9431828937,18,Male,Hyderabad,Telangana,Regular,2026-01-18
13382,Aarav Shah,user13382@example.com,9340772417,28,Female,Dehradun,Uttarakhand,New,2025-09-29
13383,Neeraj Jain,user13383@example.com,9707035927,18,Male,Ahmedabad,Gujarat,Premium,2025-11-17
13384,Rahul Kapoor,user13384@example.com,9431571554,28,Female,Pune,Maharashtra,Regular,2025-07-20
13385,Neeraj Malhotra,user13385@example.com,9356044502,24,Female,Chennai,Tamil Nadu,Regular,2025-06-19
13386,Aarav Singh,user13386@example.com,9651883679,19,Male,Chennai,Tamil Nadu,Regular,2025-04-23
13387,Varun Gupta,user13387@example.com,9894297302,32,Female,Chandigarh,Chandigarh,Regular,2026-05-25
13388,Nikhil Malhotra,user13388@example.com,9841554145,25,Female,Kanpur,Uttar Pradesh,Regular,2025-10-30
13389,Isha Chauhan,user13389@example.com,9137109522,43,Female,Kolkata,West Bengal,Regular,2026-03-23
13390,Rohan Gupta,user13390@example.com,9876717633,57,Male,Chandigarh,Chandigarh,Regular,2025-06-25
13391,Neha Yadav,user13391@example.com,9401193074,59,Female,Bengaluru,Karnataka,New,2025-07-09
13392,Mohit Chauhan,user13392@example.com,9480721655,52,Female,Bengaluru,Karnataka,Regular,2026-06-10
13393,Karan Sharma,user13393@example.com,9962739540,58,Male,Lucknow,Uttar Pradesh,Regular,2025-05-07
13394,Rahul Kumar,user13394@example.com,9843785378,58,Female,Patna,Bihar,Regular,2026-02-28
13395,Himanshu Mehta,user13395@example.com,9458509252,38,Male,Kolkata,West Bengal,Regular,2025-05-11
13396,Riya Chauhan,user13396@example.com,9124201114,55,Male,Kolkata,West Bengal,Regular,2026-02-21
13397,Priya Gupta,user13397@example.com,9814796887,25,Male,Delhi,Delhi,Regular,2025-10-06
13398,Rahul Chauhan,user13398@example.com,9227988998,60,Male,Dehradun,Uttarakhand,Regular,2026-06-03
13399,Akash Mishra,user13399@example.com,9455286021,49,Female,Patna,Bihar,Premium,2025-01-07
13400,Neha Kapoor,user13400@example.com,9372083437,25,Female,Surat,Gujarat,New,2025-03-10
13401,Rahul Sharma,user13401@example.com,9155119136,27,Male,Mumbai,Maharashtra,Regular,2025-01-28
13402,Ananya Jain,user13402@example.com,9901285689,40,Female,Patna,Bihar,Premium,2025-11-29
13403,Varun Bansal,user13403@example.com,9602833072,21,Male,Hyderabad,Telangana,Regular,2025-06-22
13404,Sahil Malhotra,user13404@example.com,9721526672,55,Male,Bhopal,Madhya Pradesh,Premium,2026-07-29
13405,Riya Srivastava,user13405@example.com,9294300781,47,Male,Indore,Madhya Pradesh,Regular,2026-03-03
13406,Aarav Tiwari,user13406@example.com,9170292829,58,Male,Dehradun,Uttarakhand,New,2025-05-04
13407,Ankit Agarwal,user13407@example.com,9492168647,40,Male,Indore,Madhya Pradesh,Premium,2025-11-08
13408,Isha Jain,user13408@example.com,9507037863,22,Female,Jaipur,Rajasthan,Regular,2025-04-22
13409,Aarav Malhotra,user13409@example.com,9100065197,38,Male,Surat,Gujarat,Regular,2025-11-08
13410,Ankit Chauhan,user13410@example.com,9407469254,23,Male,Surat,Gujarat,New,2025-05-31
13411,Abhishek Tiwari,user13411@example.com,9854262981,34,Male,Hyderabad,Telangana,Regular,2025-06-24
13412,Abhishek Srivastava,user13412@example.com,9183473347,42,Male,Kolkata,West Bengal,Regular,2025-10-12
13413,Priya Shah,user13413@example.com,9623539328,41,Female,Delhi,Delhi,New,2025-06-13
13414,Aditi Sinha,user13414@example.com,9575477326,39,Male,Indore,Madhya Pradesh,Regular,2026-01-02
13415,Neha Mishra,user13415@example.com,9221482846,30,Female,Mumbai,Maharashtra,Regular,2026-01-16
13416,Nikhil Joshi,user13416@example.com,9365679064,34,Male,Noida,Uttar Pradesh,New,2025-09-02
13417,Sahil Chauhan,user13417@example.com,9688702318,31,Female,Patna,Bihar,Regular,2025-03-04
13418,Rohan Yadav,user13418@example.com,9441078368,51,Male,Bhopal,Madhya Pradesh,Regular,2025-08-05
13419,Aarav Singh,user13419@example.com,9843903923,43,Female,Jaipur,Rajasthan,New,2025-07-06
13420,Neha Joshi,user13420@example.com,9323107746,36,Male,Mumbai,Maharashtra,Regular,2025-10-08
13421,Nikhil Srivastava,user13421@example.com,9333689718,43,Female,Mumbai,Maharashtra,Regular,2026-03-11
13422,Aarav Gupta,user13422@example.com,9772836484,20,Female,Indore,Madhya Pradesh,New,2026-02-16
13423,Akash Malhotra,user13423@example.com,9286027235,19,Female,Bhopal,Madhya Pradesh,Regular,2025-08-02
13424,Aman Kumar,user13424@example.com,9473695632,45,Male,Chennai,Tamil Nadu,Regular,2026-03-08
13425,Vivaan Gupta,user13425@example.com,9834363572,19,Female,Bhopal,Madhya Pradesh,Premium,2026-06-03
13426,Akash Shah,user13426@example.com,9629635635,39,Female,Chandigarh,Chandigarh,New,2025-02-15
13427,Aman Mishra,user13427@example.com,9829428621,24,Male,Gurugram,Haryana,Regular,2025-03-05
13428,Rohit Kumar,user13428@example.com,9635051897,21,Male,Mumbai,Maharashtra,New,2026-08-22
13429,Abhishek Verma,user13429@example.com,9818813468,55,Male,Bengaluru,Karnataka,Regular,2026-08-16
13430,Aman Mehta,user13430@example.com,9160313313,56,Male,Ahmedabad,Gujarat,Regular,2026-08-13
13431,Himanshu Mishra,user13431@example.com,9423799399,37,Female,Chandigarh,Chandigarh,Regular,2025-10-12
13432,Sneha Yadav,user13432@example.com,9586822656,23,Female,Kolkata,West Bengal,Regular,2025-02-21
13433,Abhishek Gupta,user13433@example.com,9747410460,26,Male,Ahmedabad,Gujarat,Regular,2025-02-08
13434,Kavya Bansal,user13434@example.com,9617797810,48,Female,Delhi,Delhi,Regular,2025-11-29
13435,Vikas Chauhan,user13435@example.com,9308933028,43,Male,Dehradun,Uttarakhand,Premium,2025-05-15
13436,Karan Sinha,user13436@example.com,9829584348,53,Female,Ranchi,Jharkhand,New,2026-01-14
13437,Riya Patel,user13437@example.com,9284263236,43,Female,Kolkata,West Bengal,Regular,2025-03-07
13438,Himanshu Shah,user13438@example.com,9586548276,45,Female,Chandigarh,Chandigarh,Regular,2025-08-21
13439,Akash Gupta,user13439@example.com,9887506399,22,Female,Indore,Madhya Pradesh,Regular,2025-09-27
13440,Isha Sinha,user13440@example.com,9150143355,27,Male,Kolkata,West Bengal,New,2025-09-09
13441,Aditi Kumar,user13441@example.com,9214341811,35,Male,Ahmedabad,Gujarat,Premium,2026-07-03
13442,Simran Srivastava,user13442@example.com,9296292951,32,Male,Mumbai,Maharashtra,New,2026-05-29
13443,Neha Mishra,user13443@example.com,9648168203,50,Male,Hyderabad,Telangana,New,2025-08-09
13444,Aman Sinha,user13444@example.com,9137588019,22,Female,Ranchi,Jharkhand,Regular,2025-11-10
13445,Rohit Bansal,user13445@example.com,9895644032,54,Male,Lucknow,Uttar Pradesh,Regular,2025-05-27
13446,Ananya Sharma,user13446@example.com,9354661766,57,Female,Gurugram,Haryana,Regular,2025-10-05
13447,Ananya Kumar,user13447@example.com,9310729616,39,Female,Ranchi,Jharkhand,Regular,2025-04-22
13448,Aman Tiwari,user13448@example.com,9794013054,39,Male,Ahmedabad,Gujarat,Regular,2026-01-29
13449,Neha Gupta,user13449@example.com,9568855521,39,Male,Kolkata,West Bengal,Regular,2025-07-23
13450,Rohan Patel,user13450@example.com,9413449386,32,Male,Jaipur,Rajasthan,Regular,2025-12-10
13451,Mohit Mehta,user13451@example.com,9471898640,34,Female,Indore,Madhya Pradesh,Premium,2025-04-09
13452,Aditya Malhotra,user13452@example.com,9578053562,45,Female,Kanpur,Uttar Pradesh,Premium,2025-05-21
13453,Rohit Chauhan,user13453@example.com,9585499906,39,Male,Mumbai,Maharashtra,Regular,2025-02-08
13454,Ananya Bansal,user13454@example.com,9866792988,38,Male,Indore,Madhya Pradesh,New,2025-06-21
13455,Neeraj Shah,user13455@example.com,9403058965,59,Male,Mumbai,Maharashtra,Premium,2026-03-27
13456,Isha Shah,user13456@example.com,9641798565,34,Female,Lucknow,Uttar Pradesh,New,2026-03-04
13457,Nikhil Mehta,user13457@example.com,9499086901,22,Male,Ahmedabad,Gujarat,New,2025-01-14
13458,Rohan Joshi,user13458@example.com,9931649244,35,Male,Kanpur,Uttar Pradesh,New,2026-06-13
13459,Karan Agarwal,user13459@example.com,9827523825,34,Female,Noida,Uttar Pradesh,New,2025-03-28
13460,Abhishek Chauhan,user13460@example.com,9952144561,21,Female,Dehradun,Uttarakhand,Regular,2026-04-28
13461,Pooja Verma,user13461@example.com,9865684469,24,Female,Kolkata,West Bengal,Regular,2025-04-24
13462,Sahil Shah,user13462@example.com,9849171524,42,Male,Kolkata,West Bengal,Premium,2026-03-10
13463,Priya Joshi,user13463@example.com,9590120861,54,Female,Ranchi,Jharkhand,New,2025-09-26
13464,Vikas Agarwal,user13464@example.com,9152908694,57,Male,Noida,Uttar Pradesh,Regular,2025-05-07
13465,Himanshu Malhotra,user13465@example.com,9986218742,57,Male,Noida,Uttar Pradesh,Premium,2025-06-11
13466,Priya Patel,user13466@example.com,9723051127,60,Female,Bengaluru,Karnataka,Regular,2026-08-21
13467,Isha Srivastava,user13467@example.com,9873356249,26,Male,Chandigarh,Chandigarh,Regular,2026-03-20
13468,Kavya Mishra,user13468@example.com,9618348021,36,Male,Chennai,Tamil Nadu,New,2025-10-12
13469,Vikas Malhotra,user13469@example.com,9732574254,26,Female,Bengaluru,Karnataka,Regular,2026-01-19
13470,Varun Patel,user13470@example.com,9648891028,40,Male,Lucknow,Uttar Pradesh,Regular,2026-05-12
13471,Yash Patel,user13471@example.com,9684863507,48,Female,Patna,Bihar,Regular,2025-03-25
13472,Vivaan Verma,user13472@example.com,9100509590,49,Male,Delhi,Delhi,Regular,2025-12-26
13473,Pooja Gupta,user13473@example.com,9101602243,48,Male,Kolkata,West Bengal,Regular,2026-06-09
13474,Sahil Verma,user13474@example.com,9178680980,34,Female,Pune,Maharashtra,Regular,2025-06-27
13475,Vivaan Joshi,user13475@example.com,9283400468,56,Female,Dehradun,Uttarakhand,Regular,2026-04-24
13476,Neeraj Malhotra,user13476@example.com,9699376128,39,Male,Surat,Gujarat,New,2026-03-04
13477,Neha Tiwari,user13477@example.com,9310497934,52,Female,Indore,Madhya Pradesh,Regular,2025-03-11
13478,Vivaan Mehta,user13478@example.com,9921841424,47,Male,Ahmedabad,Gujarat,Regular,2025-11-06
13479,Aditya Chauhan,user13479@example.com,9255713586,57,Female,Hyderabad,Telangana,New,2026-03-05
13480,Aman Sharma,user13480@example.com,9937687742,54,Male,Jaipur,Rajasthan,Regular,2025-09-19
13481,Aditya Kapoor,user13481@example.com,9873602106,43,Female,Chennai,Tamil Nadu,New,2026-03-02
13482,Himanshu Mehta,user13482@example.com,9980067154,23,Male,Lucknow,Uttar Pradesh,Regular,2025-05-08
13483,Sneha Jain,user13483@example.com,9920654897,51,Female,Jaipur,Rajasthan,Premium,2026-04-15
13484,Kavya Sinha,user13484@example.com,9569144187,49,Female,Chennai,Tamil Nadu,New,2025-08-26
13485,Aman Jain,user13485@example.com,9190607393,42,Male,Kolkata,West Bengal,Regular,2025-12-02
13486,Isha Mishra,user13486@example.com,9283500037,30,Female,Chennai,Tamil Nadu,Regular,2025-11-05
13487,Nikhil Chauhan,user13487@example.com,9848856368,55,Male,Bengaluru,Karnataka,New,2025-05-01
13488,Akash Tiwari,user13488@example.com,9797761285,55,Male,Noida,Uttar Pradesh,Premium,2025-12-07
13489,Neeraj Kapoor,user13489@example.com,9278558580,19,Female,Bengaluru,Karnataka,Regular,2025-02-03
13490,Aditya Singh,user13490@example.com,9532362613,22,Male,Ranchi,Jharkhand,Premium,2025-12-12
13491,Abhishek Mishra,user13491@example.com,9982247108,28,Male,Jaipur,Rajasthan,New,2025-01-22
13492,Rohan Patel,user13492@example.com,9802848864,28,Male,Gurugram,Haryana,New,2026-01-22
13493,Vikas Bansal,user13493@example.com,9935226572,41,Female,Ahmedabad,Gujarat,Regular,2025-10-23
13494,Yash Gupta,user13494@example.com,9969390258,31,Male,Chandigarh,Chandigarh,Regular,2025-12-15
13495,Mohit Agarwal,user13495@example.com,9416958336,47,Male,Chandigarh,Chandigarh,Regular,2026-03-06
13496,Rahul Patel,user13496@example.com,9209556108,57,Female,Chennai,Tamil Nadu,New,2025-09-05
13497,Aditya Yadav,user13497@example.com,9665689370,52,Female,Lucknow,Uttar Pradesh,Regular,2025-10-09
13498,Ankit Kapoor,user13498@example.com,9847436742,38,Female,Hyderabad,Telangana,New,2025-11-03
13499,Pooja Srivastava,user13499@example.com,9636143219,22,Female,Noida,Uttar Pradesh,Regular,2025-10-18
13500,Aditi Sharma,user13500@example.com,9894500994,55,Female,Kanpur,Uttar Pradesh,Regular,2025-11-02
13501,Arjun Tiwari,user13501@example.com,9352215128,19,Male,Delhi,Delhi,Regular,2026-02-20
13502,Rahul Bansal,user13502@example.com,9876123488,57,Male,Pune,Maharashtra,New,2025-06-25
13503,Aarav Bansal,user13503@example.com,9349307111,54,Female,Dehradun,Uttarakhand,Regular,2025-10-31
13504,Kavya Verma,user13504@example.com,9942945196,51,Female,Gurugram,Haryana,New,2025-06-19
13505,Riya Gupta,user13505@example.com,9326880100,28,Female,Surat,Gujarat,New,2026-03-09
13506,Simran Sharma,user13506@example.com,9164719033,53,Male,Surat,Gujarat,Regular,2025-07-12
13507,Abhishek Agarwal,user13507@example.com,9388127671,28,Male,Gurugram,Haryana,Premium,2025-05-31
13508,Mohit Joshi,user13508@example.com,9780992693,26,Female,Gurugram,Haryana,Premium,2026-02-06
13509,Sahil Agarwal,user13509@example.com,9421894614,23,Female,Dehradun,Uttarakhand,Regular,2025-07-01
13510,Vikas Gupta,user13510@example.com,9498454010,51,Female,Pune,Maharashtra,Regular,2025-06-22
13511,Vivaan Bansal,user13511@example.com,9727914780,54,Male,Bhopal,Madhya Pradesh,Premium,2025-05-05
13512,Rahul Srivastava,user13512@example.com,9416379237,49,Male,Dehradun,Uttarakhand,Regular,2025-05-12
13513,Sahil Joshi,user13513@example.com,9567234938,29,Female,Indore,Madhya Pradesh,Regular,2026-04-15
13514,Nikhil Yadav,user13514@example.com,9515164005,49,Female,Chandigarh,Chandigarh,Premium,2025-08-16
13515,Nikhil Shah,user13515@example.com,9101516660,34,Male,Surat,Gujarat,New,2026-05-24
13516,Sneha Patel,user13516@example.com,9260432743,21,Male,Surat,Gujarat,New,2026-04-05
13517,Aditya Patel,user13517@example.com,9578851628,59,Female,Indore,Madhya Pradesh,Regular,2025-06-08
13518,Ananya Sharma,user13518@example.com,9497226097,50,Female,Lucknow,Uttar Pradesh,New,2025-05-31
13519,Arjun Singh,user13519@example.com,9532012118,60,Male,Delhi,Delhi,Regular,2026-05-10
13520,Ankit Yadav,user13520@example.com,9305243934,60,Male,Indore,Madhya Pradesh,Regular,2025-09-04
13521,Isha Sharma,user13521@example.com,9729668515,26,Male,Delhi,Delhi,Regular,2025-10-14
13522,Neha Srivastava,user13522@example.com,9338330832,51,Male,Chandigarh,Chandigarh,Premium,2026-01-27
13523,Rohit Bansal,user13523@example.com,9131093436,56,Female,Surat,Gujarat,New,2025-02-23
13524,Simran Sharma,user13524@example.com,9110855716,47,Female,Surat,Gujarat,Regular,2025-01-14
13525,Aditya Mehta,user13525@example.com,9534440483,37,Female,Chennai,Tamil Nadu,New,2025-02-08
13526,Nikhil Verma,user13526@example.com,9867115126,56,Female,Kolkata,West Bengal,Regular,2025-01-19
13527,Ananya Sharma,user13527@example.com,9281465348,40,Male,Hyderabad,Telangana,Regular,2026-06-28
13528,Varun Patel,user13528@example.com,9641809203,58,Male,Hyderabad,Telangana,Regular,2025-04-18
13529,Riya Chauhan,user13529@example.com,9860064048,52,Male,Jaipur,Rajasthan,New,2025-03-28
13530,Himanshu Agarwal,user13530@example.com,9960369925,40,Male,Delhi,Delhi,Regular,2025-04-23
13531,Vikas Bansal,user13531@example.com,9154477178,56,Male,Dehradun,Uttarakhand,Regular,2026-05-07
13532,Ankit Srivastava,user13532@example.com,9804843145,40,Female,Noida,Uttar Pradesh,New,2026-07-17
13533,Nikhil Shah,user13533@example.com,9730708085,54,Female,Chandigarh,Chandigarh,Regular,2025-12-18
13534,Himanshu Agarwal,user13534@example.com,9589605343,40,Female,Hyderabad,Telangana,Regular,2025-11-27
13535,Akash Tiwari,user13535@example.com,9319178006,56,Female,Lucknow,Uttar Pradesh,Premium,2026-07-27
13536,Neeraj Chauhan,user13536@example.com,9721288080,45,Female,Jaipur,Rajasthan,Regular,2025-08-21
13537,Vivaan Kumar,user13537@example.com,9277979501,36,Female,Kolkata,West Bengal,Regular,2025-03-30
13538,Sneha Tiwari,user13538@example.com,9577661907,47,Male,Kanpur,Uttar Pradesh,Premium,2026-06-06
13539,Isha Jain,user13539@example.com,9549023787,38,Female,Gurugram,Haryana,Regular,2025-01-18
13540,Vivaan Mehta,user13540@example.com,9887089960,41,Male,Ahmedabad,Gujarat,Premium,2025-08-04
13541,Aman Malhotra,user13541@example.com,9940518827,38,Male,Kanpur,Uttar Pradesh,New,2025-09-09
13542,Neeraj Bansal,user13542@example.com,9392799469,43,Male,Kanpur,Uttar Pradesh,Regular,2025-06-25
13543,Karan Singh,user13543@example.com,9162550713,53,Female,Chandigarh,Chandigarh,Regular,2025-05-27
13544,Neha Yadav,user13544@example.com,9739335125,43,Female,Pune,Maharashtra,Regular,2025-07-03
13545,Simran Malhotra,user13545@example.com,9200942129,50,Female,Patna,Bihar,New,2025-06-07
13546,Aditya Agarwal,user13546@example.com,9285417267,53,Female,Pune,Maharashtra,Regular,2025-12-05
13547,Neha Verma,user13547@example.com,9639006533,21,Male,Bengaluru,Karnataka,Regular,2026-06-07
13548,Rohit Yadav,user13548@example.com,9531453891,26,Female,Jaipur,Rajasthan,New,2025-01-04
13549,Pooja Kumar,user13549@example.com,9575661246,25,Female,Bhopal,Madhya Pradesh,Regular,2025-05-24
13550,Nikhil Chauhan,user13550@example.com,9531219641,19,Female,Lucknow,Uttar Pradesh,Regular,2026-01-22
13551,Aarav Bansal,user13551@example.com,9540128662,46,Male,Chennai,Tamil Nadu,Premium,2026-06-04
13552,Priya Shah,user13552@example.com,9945127083,40,Male,Surat,Gujarat,Regular,2025-04-10
13553,Aditya Kumar,user13553@example.com,9845335404,23,Female,Patna,Bihar,Regular,2025-09-17
13554,Ananya Malhotra,user13554@example.com,9435220178,60,Male,Indore,Madhya Pradesh,Premium,2025-05-02
13555,Neha Sinha,user13555@example.com,9629590901,53,Female,Surat,Gujarat,Regular,2026-03-16
13556,Abhishek Agarwal,user13556@example.com,9638401644,38,Male,Chandigarh,Chandigarh,Regular,2025-05-12
13557,Vikas Mehta,user13557@example.com,9819504990,39,Female,Bengaluru,Karnataka,New,2025-09-28
13558,Aman Malhotra,user13558@example.com,9847054847,26,Male,Hyderabad,Telangana,Premium,2026-06-07
13559,Isha Patel,user13559@example.com,9317287211,51,Female,Ranchi,Jharkhand,New,2025-02-05
13560,Priya Jain,user13560@example.com,9343197875,43,Male,Kanpur,Uttar Pradesh,Regular,2025-08-15
13561,Pooja Singh,user13561@example.com,9772686146,18,Female,Ranchi,Jharkhand,Regular,2025-01-18
13562,Aarav Mishra,user13562@example.com,9825214018,53,Male,Pune,Maharashtra,Premium,2026-02-15
13563,Priya Verma,user13563@example.com,9907928013,22,Female,Bhopal,Madhya Pradesh,Regular,2025-11-22
13564,Kavya Mishra,user13564@example.com,9746802193,58,Female,Bhopal,Madhya Pradesh,Regular,2025-11-14
13565,Himanshu Jain,user13565@example.com,9926107570,39,Male,Lucknow,Uttar Pradesh,New,2026-07-02
13566,Kavya Gupta,user13566@example.com,9995182332,21,Female,Patna,Bihar,New,2026-02-27
13567,Aman Srivastava,user13567@example.com,9189003579,19,Male,Gurugram,Haryana,Regular,2025-03-06
13568,Isha Bansal,user13568@example.com,9198605053,33,Male,Jaipur,Rajasthan,Premium,2025-08-04
13569,Mohit Singh,user13569@example.com,9546680137,33,Male,Delhi,Delhi,Regular,2026-07-13
13570,Arjun Kapoor,user13570@example.com,9407690254,39,Female,Gurugram,Haryana,Premium,2025-01-13
13571,Riya Joshi,user13571@example.com,9709318354,60,Male,Patna,Bihar,Regular,2026-05-08
13572,Sahil Mishra,user13572@example.com,9980515656,18,Male,Bengaluru,Karnataka,Regular,2026-05-15
13573,Akash Yadav,user13573@example.com,9742684814,32,Female,Lucknow,Uttar Pradesh,Regular,2025-08-11
13574,Kavya Shah,user13574@example.com,9255893938,41,Female,Noida,Uttar Pradesh,Regular,2026-06-11
13575,Karan Malhotra,user13575@example.com,9957822255,21,Male,Chennai,Tamil Nadu,New,2026-07-19
13576,Neha Mehta,user13576@example.com,9283710791,35,Female,Lucknow,Uttar Pradesh,Premium,2026-05-03
13577,Yash Sharma,user13577@example.com,9222372208,34,Female,Gurugram,Haryana,Premium,2025-07-24
13578,Aditya Verma,user13578@example.com,9988185588,24,Male,Noida,Uttar Pradesh,Regular,2026-04-19
13579,Mohit Shah,user13579@example.com,9929629312,27,Female,Dehradun,Uttarakhand,New,2025-11-12
13580,Rohan Gupta,user13580@example.com,9760780934,18,Male,Surat,Gujarat,New,2026-02-10
13581,Mohit Kumar,user13581@example.com,9675826740,19,Female,Chandigarh,Chandigarh,Premium,2025-04-28
13582,Vivaan Mishra,user13582@example.com,9460358673,39,Male,Jaipur,Rajasthan,New,2026-05-12
13583,Sneha Srivastava,user13583@example.com,9261515275,49,Female,Hyderabad,Telangana,Regular,2025-12-11
13584,Rohit Kapoor,user13584@example.com,9171526191,46,Male,Mumbai,Maharashtra,Regular,2026-06-18
13585,Ananya Chauhan,user13585@example.com,9325134842,52,Female,Jaipur,Rajasthan,Regular,2025-09-25
13586,Isha Malhotra,user13586@example.com,9790532334,34,Male,Chennai,Tamil Nadu,Regular,2025-05-15
13587,Aditi Gupta,user13587@example.com,9831874822,29,Male,Bengaluru,Karnataka,New,2025-10-06
13588,Rahul Tiwari,user13588@example.com,9644808027,41,Male,Pune,Maharashtra,Regular,2025-02-02
13589,Vikas Tiwari,user13589@example.com,9643993968,47,Female,Pune,Maharashtra,Premium,2025-12-31
13590,Priya Kapoor,user13590@example.com,9218173954,47,Male,Mumbai,Maharashtra,Regular,2025-11-24
13591,Ankit Sinha,user13591@example.com,9514255210,37,Male,Surat,Gujarat,Regular,2025-06-18
13592,Rahul Chauhan,user13592@example.com,9461701950,59,Male,Gurugram,Haryana,Regular,2026-05-02
13593,Aditya Shah,user13593@example.com,9482582149,24,Female,Kanpur,Uttar Pradesh,New,2025-09-19
13594,Kavya Singh,user13594@example.com,9992873694,59,Male,Patna,Bihar,New,2026-01-04
13595,Akash Malhotra,user13595@example.com,9381888101,55,Female,Lucknow,Uttar Pradesh,Regular,2025-09-25
13596,Vivaan Yadav,user13596@example.com,9316143630,24,Male,Ahmedabad,Gujarat,Regular,2025-05-14
13597,Sneha Kapoor,user13597@example.com,9278062534,47,Male,Mumbai,Maharashtra,Regular,2025-05-19
13598,Aarav Gupta,user13598@example.com,9634800810,29,Male,Kanpur,Uttar Pradesh,Regular,2025-12-25
13599,Rohan Verma,user13599@example.com,9603678429,48,Female,Lucknow,Uttar Pradesh,New,2025-08-05
13600,Aditi Srivastava,user13600@example.com,9760062032,35,Male,Patna,Bihar,Regular,2026-07-18
13601,Rohit Verma,user13601@example.com,9533950353,60,Male,Hyderabad,Telangana,New,2025-03-16
13602,Rahul Mehta,user13602@example.com,9461835413,19,Male,Jaipur,Rajasthan,New,2025-07-17
13603,Neeraj Malhotra,user13603@example.com,9880000828,50,Female,Chandigarh,Chandigarh,Regular,2025-04-12
13604,Riya Agarwal,user13604@example.com,9186285620,28,Male,Indore,Madhya Pradesh,Regular,2025-07-10
13605,Riya Tiwari,user13605@example.com,9233645849,51,Female,Jaipur,Rajasthan,New,2025-03-12
13606,Ankit Gupta,user13606@example.com,9747248498,33,Male,Ranchi,Jharkhand,Regular,2026-05-23
13607,Isha Tiwari,user13607@example.com,9700017370,52,Male,Kanpur,Uttar Pradesh,Regular,2025-11-27
13608,Pooja Kumar,user13608@example.com,9192006951,50,Male,Bhopal,Madhya Pradesh,New,2025-07-24
13609,Vivaan Malhotra,user13609@example.com,9542861911,38,Female,Ranchi,Jharkhand,Regular,2026-02-08
13610,Karan Agarwal,user13610@example.com,9224504691,37,Female,Patna,Bihar,Premium,2025-01-19
13611,Vikas Kapoor,user13611@example.com,9744073607,25,Male,Lucknow,Uttar Pradesh,Regular,2026-07-28
13612,Kavya Yadav,user13612@example.com,9487014932,43,Female,Pune,Maharashtra,New,2025-02-08
13613,Aditya Bansal,user13613@example.com,9867536938,50,Male,Ranchi,Jharkhand,Regular,2025-05-28
13614,Vivaan Tiwari,user13614@example.com,9234295060,43,Female,Bengaluru,Karnataka,Regular,2026-05-15
13615,Rohan Shah,user13615@example.com,9464797826,54,Male,Dehradun,Uttarakhand,New,2025-06-09
13616,Rahul Yadav,user13616@example.com,9437610782,47,Male,Ranchi,Jharkhand,New,2025-04-08
13617,Priya Agarwal,user13617@example.com,9809546230,48,Female,Chennai,Tamil Nadu,New,2025-02-01
13618,Neha Verma,user13618@example.com,9853791386,50,Female,Chennai,Tamil Nadu,New,2025-02-11
13619,Rahul Patel,user13619@example.com,9365402394,28,Male,Noida,Uttar Pradesh,New,2026-04-07
13620,Yash Kumar,user13620@example.com,9666882376,58,Female,Hyderabad,Telangana,Regular,2026-01-17
13621,Sahil Verma,user13621@example.com,9344055992,22,Male,Dehradun,Uttarakhand,Regular,2025-05-03
13622,Priya Tiwari,user13622@example.com,9620438880,19,Female,Kolkata,West Bengal,Premium,2025-05-09
13623,Simran Shah,user13623@example.com,9835687328,30,Male,Chennai,Tamil Nadu,Regular,2025-10-28
13624,Yash Mishra,user13624@example.com,9423646809,35,Female,Dehradun,Uttarakhand,Premium,2026-05-05
13625,Simran Gupta,user13625@example.com,9994850347,43,Male,Lucknow,Uttar Pradesh,Regular,2026-01-12
13626,Aman Sharma,user13626@example.com,9215805482,42,Male,Ranchi,Jharkhand,New,2025-11-07
13627,Yash Yadav,user13627@example.com,9894620190,31,Male,Surat,Gujarat,Regular,2025-11-18
13628,Abhishek Patel,user13628@example.com,9330033268,22,Male,Patna,Bihar,Regular,2026-06-23
13629,Pooja Sinha,user13629@example.com,9629386944,59,Male,Jaipur,Rajasthan,New,2026-08-02
13630,Vivaan Chauhan,user13630@example.com,9775451091,19,Male,Mumbai,Maharashtra,New,2026-03-31
13631,Pooja Agarwal,user13631@example.com,9814275915,21,Female,Dehradun,Uttarakhand,Regular,2025-03-21
13632,Neha Srivastava,user13632@example.com,9635089552,29,Male,Delhi,Delhi,Regular,2025-05-04
13633,Aman Srivastava,user13633@example.com,9299774862,28,Female,Kanpur,Uttar Pradesh,Regular,2025-12-12
13634,Vikas Agarwal,user13634@example.com,9326470945,21,Male,Lucknow,Uttar Pradesh,New,2025-07-07
13635,Pooja Mishra,user13635@example.com,9981574385,60,Female,Dehradun,Uttarakhand,New,2025-09-08
13636,Aditya Tiwari,user13636@example.com,9297974863,26,Female,Hyderabad,Telangana,Regular,2026-06-28
13637,Aarav Verma,user13637@example.com,9122089219,27,Female,Noida,Uttar Pradesh,Regular,2025-12-02
13638,Aarav Kumar,user13638@example.com,9106780231,44,Female,Bengaluru,Karnataka,Regular,2026-05-05
13639,Neeraj Jain,user13639@example.com,9330862945,23,Male,Patna,Bihar,Regular,2026-02-10
13640,Rahul Agarwal,user13640@example.com,9600828525,32,Female,Pune,Maharashtra,Regular,2026-05-11
13641,Sahil Singh,user13641@example.com,9327528408,59,Female,Mumbai,Maharashtra,New,2025-08-25
13642,Neeraj Tiwari,user13642@example.com,9292111054,48,Male,Delhi,Delhi,Regular,2025-02-13
13643,Mohit Jain,user13643@example.com,9589360769,39,Male,Patna,Bihar,New,2025-03-10
13644,Nikhil Shah,user13644@example.com,9408748560,23,Male,Pune,Maharashtra,Regular,2026-04-27
13645,Pooja Sinha,user13645@example.com,9460569657,50,Male,Dehradun,Uttarakhand,Regular,2025-09-24
13646,Pooja Agarwal,user13646@example.com,9178709886,46,Male,Noida,Uttar Pradesh,New,2026-06-13
13647,Neeraj Malhotra,user13647@example.com,9484678089,38,Male,Hyderabad,Telangana,New,2026-02-23
13648,Aditya Patel,user13648@example.com,9444489480,47,Male,Hyderabad,Telangana,New,2025-12-18
13649,Mohit Sharma,user13649@example.com,9361332254,38,Female,Chandigarh,Chandigarh,New,2025-09-21
13650,Aditi Kapoor,user13650@example.com,9104635073,53,Male,Mumbai,Maharashtra,Regular,2025-12-27
13651,Rahul Kapoor,user13651@example.com,9974697815,39,Female,Mumbai,Maharashtra,Premium,2025-02-13
13652,Vivaan Kumar,user13652@example.com,9704876093,37,Male,Surat,Gujarat,Regular,2025-05-31
13653,Ananya Malhotra,user13653@example.com,9244408594,39,Male,Surat,Gujarat,Regular,2026-07-04
13654,Rohan Kapoor,user13654@example.com,9529008464,57,Male,Gurugram,Haryana,Regular,2025-07-19
13655,Sahil Malhotra,user13655@example.com,9786869610,28,Male,Dehradun,Uttarakhand,Regular,2026-03-30
13656,Pooja Singh,user13656@example.com,9364880112,48,Male,Dehradun,Uttarakhand,Premium,2026-02-03
13657,Varun Verma,user13657@example.com,9175797961,57,Female,Ahmedabad,Gujarat,Premium,2026-01-27
13658,Ananya Srivastava,user13658@example.com,9793571569,30,Female,Ranchi,Jharkhand,Regular,2025-08-06
13659,Aditya Patel,user13659@example.com,9818838070,35,Female,Patna,Bihar,Premium,2025-12-31
13660,Riya Mishra,user13660@example.com,9637045723,39,Male,Chandigarh,Chandigarh,New,2025-09-05
13661,Priya Joshi,user13661@example.com,9853056378,34,Male,Delhi,Delhi,Regular,2026-03-14
13662,Yash Bansal,user13662@example.com,9559241969,55,Female,Dehradun,Uttarakhand,Premium,2025-03-27
13663,Rahul Malhotra,user13663@example.com,9853768691,42,Male,Gurugram,Haryana,Regular,2025-08-15
13664,Sneha Shah,user13664@example.com,9623455040,49,Male,Patna,Bihar,Premium,2025-05-27
13665,Karan Singh,user13665@example.com,9632567419,32,Male,Lucknow,Uttar Pradesh,New,2025-05-28
13666,Ananya Sinha,user13666@example.com,9723739394,30,Male,Lucknow,Uttar Pradesh,Regular,2025-06-17
13667,Aarav Joshi,user13667@example.com,9689660366,43,Male,Indore,Madhya Pradesh,Premium,2025-05-25
13668,Karan Malhotra,user13668@example.com,9458187955,28,Male,Dehradun,Uttarakhand,Regular,2025-05-29
13669,Sneha Tiwari,user13669@example.com,9147098249,30,Male,Kanpur,Uttar Pradesh,Regular,2026-06-22
13670,Abhishek Bansal,user13670@example.com,9480255252,50,Female,Kolkata,West Bengal,New,2025-08-02
13671,Yash Sinha,user13671@example.com,9685385764,54,Male,Surat,Gujarat,Regular,2026-03-08
13672,Riya Srivastava,user13672@example.com,9944393998,55,Male,Gurugram,Haryana,Premium,2026-04-29
13673,Nikhil Tiwari,user13673@example.com,9192274006,18,Female,Bengaluru,Karnataka,Regular,2025-08-30
13674,Abhishek Sharma,user13674@example.com,9575405005,56,Female,Bhopal,Madhya Pradesh,New,2025-12-24
13675,Yash Shah,user13675@example.com,9267385038,44,Male,Delhi,Delhi,New,2025-08-11
13676,Mohit Tiwari,user13676@example.com,9729774537,53,Female,Bhopal,Madhya Pradesh,Premium,2025-02-18
13677,Sahil Sinha,user13677@example.com,9520006007,49,Male,Noida,Uttar Pradesh,Regular,2025-03-19
13678,Sahil Tiwari,user13678@example.com,9781227912,58,Male,Lucknow,Uttar Pradesh,New,2025-01-15
13679,Himanshu Malhotra,user13679@example.com,9589053995,32,Female,Kanpur,Uttar Pradesh,New,2026-07-05
13680,Rohan Srivastava,user13680@example.com,9243742758,48,Female,Mumbai,Maharashtra,Regular,2025-01-06
13681,Pooja Bansal,user13681@example.com,9513309316,23,Male,Delhi,Delhi,Regular,2025-11-08
13682,Rohit Sinha,user13682@example.com,9741783320,42,Female,Dehradun,Uttarakhand,New,2025-09-02
13683,Aditi Tiwari,user13683@example.com,9419690551,35,Female,Bengaluru,Karnataka,Regular,2025-01-10
13684,Sneha Kapoor,user13684@example.com,9275323369,39,Male,Kanpur,Uttar Pradesh,Regular,2025-05-13
13685,Nikhil Yadav,user13685@example.com,9371099512,48,Male,Delhi,Delhi,Regular,2025-11-14
13686,Varun Singh,user13686@example.com,9452133721,53,Male,Jaipur,Rajasthan,Premium,2026-06-25
13687,Mohit Singh,user13687@example.com,9255948351,26,Female,Ranchi,Jharkhand,Regular,2025-03-14
13688,Vikas Kapoor,user13688@example.com,9827868103,20,Male,Mumbai,Maharashtra,Regular,2025-01-06
13689,Karan Mehta,user13689@example.com,9701748437,50,Female,Bengaluru,Karnataka,Regular,2025-08-07
13690,Abhishek Sharma,user13690@example.com,9425747891,44,Male,Chandigarh,Chandigarh,Premium,2025-03-08
13691,Isha Yadav,user13691@example.com,9326548568,60,Male,Ranchi,Jharkhand,Regular,2025-10-22
13692,Abhishek Srivastava,user13692@example.com,9418809455,18,Female,Gurugram,Haryana,New,2025-09-05
13693,Sahil Sharma,user13693@example.com,9282119048,26,Female,Kanpur,Uttar Pradesh,Regular,2025-12-15
13694,Riya Mishra,user13694@example.com,9754006767,22,Male,Ahmedabad,Gujarat,Premium,2025-12-28
13695,Kavya Joshi,user13695@example.com,9600555273,32,Male,Ranchi,Jharkhand,Regular,2025-09-08
13696,Abhishek Joshi,user13696@example.com,9162975176,26,Female,Kolkata,West Bengal,Regular,2025-08-24
13697,Varun Mehta,user13697@example.com,9527537213,45,Male,Chennai,Tamil Nadu,Regular,2026-03-07
13698,Arjun Sinha,user13698@example.com,9481590746,30,Male,Surat,Gujarat,New,2026-03-10
13699,Akash Chauhan,user13699@example.com,9690842939,41,Female,Lucknow,Uttar Pradesh,New,2025-11-10
13700,Rahul Sinha,user13700@example.com,9640662750,27,Male,Ahmedabad,Gujarat,New,2026-07-13
13701,Ananya Patel,user13701@example.com,9585641874,59,Male,Noida,Uttar Pradesh,Regular,2025-04-29
13702,Nikhil Shah,user13702@example.com,9238168938,39,Male,Kanpur,Uttar Pradesh,Regular,2026-05-22
13703,Vikas Sinha,user13703@example.com,9340370213,56,Female,Jaipur,Rajasthan,Regular,2026-07-30
13704,Himanshu Agarwal,user13704@example.com,9924464005,39,Male,Bengaluru,Karnataka,Premium,2025-08-26
13705,Sneha Sinha,user13705@example.com,9127750286,54,Female,Pune,Maharashtra,Regular,2026-04-29
13706,Abhishek Bansal,user13706@example.com,9878487004,56,Male,Bhopal,Madhya Pradesh,Regular,2025-09-18
13707,Akash Jain,user13707@example.com,9619221038,37,Male,Gurugram,Haryana,New,2025-05-28
13708,Abhishek Shah,user13708@example.com,9725364908,27,Male,Indore,Madhya Pradesh,New,2025-03-06
13709,Rohan Kumar,user13709@example.com,9857588813,27,Male,Ranchi,Jharkhand,New,2025-10-18
13710,Arjun Yadav,user13710@example.com,9822032692,43,Female,Kanpur,Uttar Pradesh,Regular,2026-04-06
13711,Neha Malhotra,user13711@example.com,9913814209,42,Male,Kanpur,Uttar Pradesh,New,2025-07-18
13712,Rahul Bansal,user13712@example.com,9866925846,45,Female,Indore,Madhya Pradesh,New,2025-08-12
13713,Riya Gupta,user13713@example.com,9586367275,30,Male,Surat,Gujarat,Regular,2025-09-19
13714,Isha Kumar,user13714@example.com,9565435443,32,Male,Ranchi,Jharkhand,Regular,2026-02-03
13715,Nikhil Kapoor,user13715@example.com,9745936685,23,Male,Bengaluru,Karnataka,Regular,2026-06-06
13716,Aditya Singh,user13716@example.com,9918348690,29,Female,Delhi,Delhi,Regular,2025-01-28
13717,Neha Mishra,user13717@example.com,9150918103,36,Female,Dehradun,Uttarakhand,New,2026-02-08
13718,Abhishek Singh,user13718@example.com,9183549011,49,Female,Ahmedabad,Gujarat,New,2026-06-24
13719,Simran Mehta,user13719@example.com,9638163246,28,Male,Kolkata,West Bengal,New,2025-08-22
13720,Isha Patel,user13720@example.com,9666898522,55,Female,Jaipur,Rajasthan,New,2026-07-07
13721,Priya Sinha,user13721@example.com,9422087731,50,Male,Ahmedabad,Gujarat,Regular,2026-08-15
13722,Rohit Malhotra,user13722@example.com,9317723927,19,Female,Dehradun,Uttarakhand,Regular,2026-01-20
13723,Varun Agarwal,user13723@example.com,9379172752,32,Female,Mumbai,Maharashtra,Regular,2025-07-23
13724,Akash Bansal,user13724@example.com,9968022360,53,Male,Delhi,Delhi,Regular,2025-01-06
13725,Aarav Chauhan,user13725@example.com,9664679853,22,Male,Jaipur,Rajasthan,Regular,2026-02-04
13726,Pooja Gupta,user13726@example.com,9389828415,32,Female,Bhopal,Madhya Pradesh,New,2025-07-18
13727,Priya Yadav,user13727@example.com,9276583798,60,Female,Jaipur,Rajasthan,New,2026-07-14
13728,Akash Sinha,user13728@example.com,9244829150,27,Male,Delhi,Delhi,Regular,2025-03-15
13729,Isha Gupta,user13729@example.com,9329066395,34,Female,Indore,Madhya Pradesh,Regular,2026-07-23
13730,Pooja Yadav,user13730@example.com,9480020913,51,Female,Ranchi,Jharkhand,Regular,2026-08-22
13731,Ankit Kumar,user13731@example.com,9417271034,41,Male,Hyderabad,Telangana,Regular,2026-06-21
13732,Akash Chauhan,user13732@example.com,9778393663,27,Male,Kanpur,Uttar Pradesh,New,2026-02-16
13733,Neha Singh,user13733@example.com,9254216347,47,Female,Jaipur,Rajasthan,Regular,2025-12-08
13734,Rohit Patel,user13734@example.com,9601259831,20,Male,Noida,Uttar Pradesh,New,2025-07-26
13735,Simran Mehta,user13735@example.com,9349318458,54,Male,Patna,Bihar,Regular,2026-06-28
13736,Yash Tiwari,user13736@example.com,9622771332,20,Male,Pune,Maharashtra,Premium,2026-08-20
13737,Aditi Patel,user13737@example.com,9343159477,57,Female,Lucknow,Uttar Pradesh,New,2026-03-04
13738,Neeraj Gupta,user13738@example.com,9378844843,22,Female,Delhi,Delhi,New,2026-06-11
13739,Priya Kumar,user13739@example.com,9829641385,45,Male,Chandigarh,Chandigarh,New,2025-05-02
13740,Rohan Kapoor,user13740@example.com,9229680327,31,Female,Surat,Gujarat,New,2026-02-08
13741,Sneha Bansal,user13741@example.com,9251602556,56,Female,Pune,Maharashtra,Regular,2025-07-15
13742,Sahil Chauhan,user13742@example.com,9750535397,28,Male,Patna,Bihar,Regular,2026-08-22
13743,Abhishek Mehta,user13743@example.com,9240125915,25,Female,Bhopal,Madhya Pradesh,Premium,2025-02-17
13744,Isha Gupta,user13744@example.com,9982326712,54,Female,Kanpur,Uttar Pradesh,Regular,2026-04-26
13745,Aditi Jain,user13745@example.com,9844836654,25,Female,Surat,Gujarat,New,2026-05-02
13746,Rohit Tiwari,user13746@example.com,9302193355,29,Female,Indore,Madhya Pradesh,New,2026-03-07
13747,Aarav Yadav,user13747@example.com,9178806904,32,Male,Chennai,Tamil Nadu,New,2026-05-13
13748,Rohan Kumar,user13748@example.com,9880290968,36,Male,Hyderabad,Telangana,New,2025-07-11
13749,Karan Singh,user13749@example.com,9124403045,45,Male,Bengaluru,Karnataka,Regular,2025-12-29
13750,Abhishek Patel,user13750@example.com,9987293483,24,Female,Chennai,Tamil Nadu,New,2025-06-22
13751,Vikas Patel,user13751@example.com,9165895438,57,Female,Dehradun,Uttarakhand,Premium,2025-04-15
13752,Aarav Chauhan,user13752@example.com,9574524395,24,Male,Noida,Uttar Pradesh,Regular,2025-06-27
13753,Simran Agarwal,user13753@example.com,9357791848,47,Male,Mumbai,Maharashtra,Regular,2025-01-19
13754,Ananya Sinha,user13754@example.com,9441409842,35,Male,Jaipur,Rajasthan,Regular,2025-03-07
13755,Akash Malhotra,user13755@example.com,9219871796,41,Female,Hyderabad,Telangana,Regular,2025-03-18
13756,Neeraj Jain,user13756@example.com,9939685153,23,Male,Jaipur,Rajasthan,Regular,2025-12-13
13757,Kavya Mishra,user13757@example.com,9422386924,21,Female,Indore,Madhya Pradesh,Regular,2026-01-03
13758,Aman Patel,user13758@example.com,9677549900,20,Male,Surat,Gujarat,New,2026-01-21
13759,Aditya Gupta,user13759@example.com,9912963719,23,Male,Hyderabad,Telangana,Premium,2025-05-12
13760,Sneha Bansal,user13760@example.com,9466656122,43,Male,Dehradun,Uttarakhand,New,2025-04-26
13761,Rahul Singh,user13761@example.com,9543863244,55,Female,Dehradun,Uttarakhand,Regular,2026-03-29
13762,Vivaan Verma,user13762@example.com,9934865891,28,Female,Ahmedabad,Gujarat,Regular,2025-05-21
13763,Yash Tiwari,user13763@example.com,9234526021,46,Female,Pune,Maharashtra,New,2026-07-09
13764,Pooja Patel,user13764@example.com,9527015397,37,Male,Gurugram,Haryana,New,2026-04-29
13765,Arjun Tiwari,user13765@example.com,9610410207,27,Male,Chennai,Tamil Nadu,New,2026-08-24
13766,Himanshu Singh,user13766@example.com,9597545748,43,Male,Noida,Uttar Pradesh,Regular,2026-01-05
13767,Himanshu Kumar,user13767@example.com,9365816171,44,Female,Gurugram,Haryana,Regular,2025-10-01
13768,Sneha Patel,user13768@example.com,9281803883,31,Female,Ranchi,Jharkhand,Regular,2026-01-19
13769,Priya Kapoor,user13769@example.com,9932099568,53,Male,Noida,Uttar Pradesh,Regular,2025-07-09
13770,Ankit Agarwal,user13770@example.com,9833409530,29,Female,Chennai,Tamil Nadu,New,2025-06-08
13771,Kavya Sharma,user13771@example.com,9617820550,40,Male,Mumbai,Maharashtra,Regular,2025-03-19
13772,Nikhil Shah,user13772@example.com,9987745625,38,Male,Kolkata,West Bengal,Regular,2025-04-08
13773,Neha Chauhan,user13773@example.com,9615139150,25,Male,Pune,Maharashtra,Regular,2026-05-01
13774,Simran Jain,user13774@example.com,9714776105,56,Female,Patna,Bihar,Regular,2026-01-15
13775,Simran Jain,user13775@example.com,9399442582,26,Male,Mumbai,Maharashtra,Regular,2025-11-04
13776,Aditi Jain,user13776@example.com,9496995891,41,Male,Surat,Gujarat,New,2025-12-29
13777,Akash Patel,user13777@example.com,9244920677,48,Male,Hyderabad,Telangana,Regular,2026-02-06
13778,Nikhil Jain,user13778@example.com,9969449550,42,Male,Surat,Gujarat,New,2025-12-06
13779,Rohan Srivastava,user13779@example.com,9115052399,34,Male,Ahmedabad,Gujarat,Regular,2025-01-12
13780,Nikhil Verma,user13780@example.com,9218668903,59,Male,Kanpur,Uttar Pradesh,New,2025-07-16
13781,Aditya Mehta,user13781@example.com,9313890575,46,Male,Surat,Gujarat,Regular,2025-10-01
13782,Neha Mehta,user13782@example.com,9417142623,20,Female,Gurugram,Haryana,Regular,2026-02-20
13783,Nikhil Yadav,user13783@example.com,9875787812,38,Male,Patna,Bihar,Regular,2025-08-30
13784,Karan Kumar,user13784@example.com,9956685713,25,Male,Noida,Uttar Pradesh,Regular,2026-08-06
13785,Aditi Joshi,user13785@example.com,9733541011,31,Male,Noida,Uttar Pradesh,Premium,2025-03-14
13786,Mohit Mishra,user13786@example.com,9361002029,56,Male,Gurugram,Haryana,Regular,2026-03-30
13787,Aditya Tiwari,user13787@example.com,9685686017,33,Female,Mumbai,Maharashtra,New,2025-07-17
13788,Akash Yadav,user13788@example.com,9483888214,35,Male,Patna,Bihar,Premium,2026-04-17
13789,Priya Bansal,user13789@example.com,9856344413,48,Female,Chennai,Tamil Nadu,Regular,2026-01-21
13790,Abhishek Shah,user13790@example.com,9391032254,28,Female,Hyderabad,Telangana,Regular,2025-03-17
13791,Ankit Mehta,user13791@example.com,9634017020,55,Female,Delhi,Delhi,Premium,2026-08-23
13792,Arjun Verma,user13792@example.com,9672890598,37,Male,Ranchi,Jharkhand,New,2026-08-11
13793,Nikhil Kapoor,user13793@example.com,9939895216,21,Male,Mumbai,Maharashtra,New,2025-05-25
13794,Akash Mishra,user13794@example.com,9114046464,37,Female,Hyderabad,Telangana,Regular,2026-02-15
13795,Vikas Bansal,user13795@example.com,9587918440,48,Female,Lucknow,Uttar Pradesh,Regular,2026-07-12
13796,Aman Yadav,user13796@example.com,9856833813,37,Female,Noida,Uttar Pradesh,Regular,2026-06-03
13797,Sneha Sinha,user13797@example.com,9607443676,28,Male,Lucknow,Uttar Pradesh,Regular,2026-05-18
13798,Kavya Mishra,user13798@example.com,9379206285,18,Male,Delhi,Delhi,Regular,2026-01-29
13799,Yash Singh,user13799@example.com,9654440175,35,Female,Kanpur,Uttar Pradesh,Regular,2026-02-12
13800,Pooja Shah,user13800@example.com,9414347739,56,Female,Chennai,Tamil Nadu,Regular,2026-01-19
13801,Vivaan Gupta,user13801@example.com,9670939348,50,Male,Patna,Bihar,New,2025-05-12
13802,Vikas Patel,user13802@example.com,9996017797,53,Male,Kanpur,Uttar Pradesh,Regular,2025-05-14
13803,Riya Jain,user13803@example.com,9790860533,35,Male,Ranchi,Jharkhand,Regular,2025-12-11
13804,Priya Joshi,user13804@example.com,9368217920,48,Female,Lucknow,Uttar Pradesh,Regular,2026-02-28
13805,Simran Malhotra,user13805@example.com,9669767700,52,Female,Noida,Uttar Pradesh,Regular,2026-07-15
13806,Aman Bansal,user13806@example.com,9251014136,56,Female,Chandigarh,Chandigarh,New,2025-12-18
13807,Aditya Joshi,user13807@example.com,9325316099,55,Female,Delhi,Delhi,Regular,2026-08-02
13808,Yash Jain,user13808@example.com,9823306626,32,Male,Dehradun,Uttarakhand,Regular,2025-11-09
13809,Aman Singh,user13809@example.com,9285826416,23,Female,Chandigarh,Chandigarh,Regular,2025-09-13
13810,Rohan Yadav,user13810@example.com,9835120158,25,Female,Lucknow,Uttar Pradesh,Regular,2026-07-03
13811,Aarav Sharma,user13811@example.com,9889152673,57,Female,Pune,Maharashtra,Regular,2026-02-21
13812,Isha Shah,user13812@example.com,9837579730,39,Female,Dehradun,Uttarakhand,Regular,2026-04-29
13813,Aarav Jain,user13813@example.com,9149335315,18,Male,Hyderabad,Telangana,Regular,2025-03-20
13814,Rahul Joshi,user13814@example.com,9380332502,30,Female,Lucknow,Uttar Pradesh,Regular,2025-01-17
13815,Aman Malhotra,user13815@example.com,9500549173,41,Female,Kanpur,Uttar Pradesh,Regular,2026-02-25
13816,Sahil Verma,user13816@example.com,9931841530,38,Female,Delhi,Delhi,Regular,2026-07-04
13817,Vivaan Malhotra,user13817@example.com,9833950439,60,Male,Chennai,Tamil Nadu,New,2025-03-31
13818,Varun Jain,user13818@example.com,9532151933,21,Female,Lucknow,Uttar Pradesh,New,2026-02-24
13819,Varun Joshi,user13819@example.com,9503557784,24,Male,Hyderabad,Telangana,Premium,2025-03-17
13820,Sahil Kumar,user13820@example.com,9429305358,29,Male,Chandigarh,Chandigarh,Regular,2026-05-23
13821,Neha Sharma,user13821@example.com,9779172005,30,Male,Bhopal,Madhya Pradesh,Regular,2026-01-21
13822,Pooja Gupta,user13822@example.com,9553270934,33,Female,Chennai,Tamil Nadu,New,2025-04-04
13823,Rohit Tiwari,user13823@example.com,9936984499,23,Male,Mumbai,Maharashtra,Regular,2025-01-04
13824,Neha Singh,user13824@example.com,9743278017,31,Male,Ranchi,Jharkhand,Regular,2025-02-11
13825,Ananya Sharma,user13825@example.com,9126322360,48,Female,Mumbai,Maharashtra,Regular,2026-02-12
13826,Rohan Sinha,user13826@example.com,9607474232,53,Female,Dehradun,Uttarakhand,Premium,2025-12-26
13827,Rohit Jain,user13827@example.com,9360569267,54,Female,Chennai,Tamil Nadu,Premium,2025-12-13
13828,Neha Singh,user13828@example.com,9205896939,58,Male,Indore,Madhya Pradesh,Premium,2026-01-06
13829,Sneha Bansal,user13829@example.com,9222065570,52,Female,Indore,Madhya Pradesh,New,2026-05-23
13830,Kavya Sinha,user13830@example.com,9781580233,27,Male,Gurugram,Haryana,Premium,2025-10-21
13831,Simran Singh,user13831@example.com,9285589773,34,Male,Surat,Gujarat,New,2026-06-26
13832,Himanshu Agarwal,user13832@example.com,9179059802,59,Male,Patna,Bihar,Premium,2026-06-13
13833,Akash Tiwari,user13833@example.com,9453618165,47,Female,Patna,Bihar,New,2026-01-04
13834,Rohit Mishra,user13834@example.com,9421882109,24,Male,Lucknow,Uttar Pradesh,Regular,2025-05-04
13835,Karan Agarwal,user13835@example.com,9579298573,35,Male,Hyderabad,Telangana,New,2025-09-13
13836,Arjun Malhotra,user13836@example.com,9573634914,36,Male,Kanpur,Uttar Pradesh,Regular,2025-11-25
13837,Neha Singh,user13837@example.com,9832524576,32,Male,Dehradun,Uttarakhand,New,2025-11-07
13838,Nikhil Bansal,user13838@example.com,9673416883,56,Female,Kolkata,West Bengal,Regular,2025-12-23
13839,Sneha Mehta,user13839@example.com,9894190080,39,Female,Hyderabad,Telangana,Regular,2025-09-03
13840,Sahil Singh,user13840@example.com,9917049633,56,Male,Chennai,Tamil Nadu,Regular,2026-01-14
13841,Ananya Sinha,user13841@example.com,9767064338,59,Male,Indore,Madhya Pradesh,New,2026-03-18
13842,Kavya Bansal,user13842@example.com,9928538519,47,Male,Surat,Gujarat,Regular,2026-05-25
13843,Pooja Yadav,user13843@example.com,9245493993,37,Female,Chandigarh,Chandigarh,New,2025-08-12
13844,Kavya Agarwal,user13844@example.com,9605169155,49,Male,Bengaluru,Karnataka,Regular,2026-03-02
13845,Yash Gupta,user13845@example.com,9600177484,59,Male,Pune,Maharashtra,Premium,2026-01-20
13846,Abhishek Mishra,user13846@example.com,9285601439,42,Male,Dehradun,Uttarakhand,Regular,2026-08-12
13847,Rohit Patel,user13847@example.com,9409561480,40,Male,Patna,Bihar,New,2025-10-17
13848,Abhishek Tiwari,user13848@example.com,9597807055,22,Male,Surat,Gujarat,Regular,2026-02-22
13849,Rahul Singh,user13849@example.com,9173757425,58,Male,Patna,Bihar,Premium,2025-01-02
13850,Neha Agarwal,user13850@example.com,9270374722,47,Male,Delhi,Delhi,New,2026-02-09
13851,Vikas Singh,user13851@example.com,9948907379,56,Male,Bhopal,Madhya Pradesh,Regular,2026-04-30
13852,Riya Srivastava,user13852@example.com,9366236307,44,Female,Jaipur,Rajasthan,Regular,2026-08-27
13853,Aditya Agarwal,user13853@example.com,9609715657,59,Male,Kolkata,West Bengal,Regular,2025-02-26
13854,Karan Chauhan,user13854@example.com,9932902519,54,Male,Ranchi,Jharkhand,Premium,2025-07-12
13855,Yash Srivastava,user13855@example.com,9143337977,24,Female,Noida,Uttar Pradesh,Regular,2025-02-23
13856,Ananya Kapoor,user13856@example.com,9912424121,22,Female,Bengaluru,Karnataka,Regular,2025-02-13
13857,Himanshu Joshi,user13857@example.com,9644743701,32,Male,Kolkata,West Bengal,Regular,2025-08-06
13858,Ananya Kapoor,user13858@example.com,9398575810,59,Female,Indore,Madhya Pradesh,New,2026-08-14
13859,Neeraj Bansal,user13859@example.com,9605171416,25,Male,Gurugram,Haryana,New,2025-11-16
13860,Aditi Patel,user13860@example.com,9791219177,26,Female,Delhi,Delhi,Regular,2025-04-12
13861,Priya Chauhan,user13861@example.com,9878453383,28,Female,Kolkata,West Bengal,New,2025-01-06
13862,Riya Sharma,user13862@example.com,9381487502,39,Male,Ranchi,Jharkhand,Regular,2025-08-30
13863,Aditya Chauhan,user13863@example.com,9689719732,51,Male,Indore,Madhya Pradesh,New,2026-02-02
13864,Ankit Verma,user13864@example.com,9515083074,52,Male,Ranchi,Jharkhand,New,2025-07-02
13865,Ankit Srivastava,user13865@example.com,9807521309,30,Female,Chennai,Tamil Nadu,Regular,2026-03-14
13866,Akash Mishra,user13866@example.com,9877605388,28,Female,Indore,Madhya Pradesh,New,2025-10-15
13867,Nikhil Sharma,user13867@example.com,9255274475,49,Female,Mumbai,Maharashtra,Regular,2025-01-14
13868,Rohan Gupta,user13868@example.com,9997678612,59,Male,Kanpur,Uttar Pradesh,Regular,2026-01-18
13869,Arjun Agarwal,user13869@example.com,9406752040,32,Male,Lucknow,Uttar Pradesh,Regular,2025-10-17
13870,Aditi Singh,user13870@example.com,9695880568,55,Female,Chandigarh,Chandigarh,Premium,2026-02-09
13871,Isha Sinha,user13871@example.com,9158202093,18,Male,Bhopal,Madhya Pradesh,Regular,2025-03-18
13872,Neeraj Malhotra,user13872@example.com,9516813330,41,Male,Gurugram,Haryana,New,2026-03-03
13873,Mohit Sharma,user13873@example.com,9272080943,60,Male,Chennai,Tamil Nadu,Premium,2026-01-08
13874,Varun Chauhan,user13874@example.com,9212255061,57,Female,Mumbai,Maharashtra,Regular,2025-10-11
13875,Ankit Jain,user13875@example.com,9805563710,39,Female,Delhi,Delhi,Regular,2026-08-04
13876,Rahul Chauhan,user13876@example.com,9373231140,20,Female,Bhopal,Madhya Pradesh,Regular,2026-07-17
13877,Rahul Kapoor,user13877@example.com,9452708605,31,Male,Bengaluru,Karnataka,New,2025-11-23
13878,Varun Srivastava,user13878@example.com,9364930334,19,Female,Kanpur,Uttar Pradesh,Premium,2025-01-15
13879,Simran Sinha,user13879@example.com,9601968201,49,Female,Bhopal,Madhya Pradesh,Regular,2025-03-11
13880,Abhishek Joshi,user13880@example.com,9973134186,55,Male,Chennai,Tamil Nadu,Regular,2026-02-18
13881,Ankit Agarwal,user13881@example.com,9357521510,50,Male,Dehradun,Uttarakhand,New,2026-06-02
13882,Neha Patel,user13882@example.com,9853142381,59,Male,Hyderabad,Telangana,Regular,2026-06-30
13883,Mohit Sharma,user13883@example.com,9664314387,23,Female,Mumbai,Maharashtra,Regular,2025-06-13
13884,Vivaan Shah,user13884@example.com,9310190033,58,Male,Kolkata,West Bengal,New,2026-04-09
13885,Yash Jain,user13885@example.com,9115078997,56,Male,Pune,Maharashtra,Regular,2026-06-19
13886,Varun Kapoor,user13886@example.com,9884150522,42,Male,Dehradun,Uttarakhand,Regular,2026-08-06
13887,Yash Bansal,user13887@example.com,9271883051,51,Female,Delhi,Delhi,Regular,2026-03-03
13888,Arjun Mishra,user13888@example.com,9123045201,28,Male,Jaipur,Rajasthan,Regular,2025-07-07
13889,Ananya Jain,user13889@example.com,9962649407,54,Male,Hyderabad,Telangana,Regular,2025-11-13
13890,Abhishek Patel,user13890@example.com,9677320825,58,Male,Indore,Madhya Pradesh,New,2025-02-07
13891,Aman Mishra,user13891@example.com,9898900129,24,Male,Noida,Uttar Pradesh,Regular,2026-08-08
13892,Isha Sinha,user13892@example.com,9583417942,39,Male,Kolkata,West Bengal,Regular,2026-07-10
13893,Kavya Srivastava,user13893@example.com,9120438848,56,Male,Mumbai,Maharashtra,Regular,2026-05-11
13894,Neha Srivastava,user13894@example.com,9871979830,27,Female,Bengaluru,Karnataka,Premium,2025-11-19
13895,Neeraj Kumar,user13895@example.com,9335942473,38,Female,Lucknow,Uttar Pradesh,New,2025-03-07
13896,Ankit Sinha,user13896@example.com,9144166004,23,Female,Indore,Madhya Pradesh,New,2025-03-22
13897,Riya Verma,user13897@example.com,9572727680,18,Male,Kolkata,West Bengal,New,2026-03-27
13898,Sneha Yadav,user13898@example.com,9832453797,51,Female,Jaipur,Rajasthan,New,2025-08-31
13899,Vivaan Malhotra,user13899@example.com,9312226278,31,Male,Patna,Bihar,New,2026-07-24
13900,Kavya Kumar,user13900@example.com,9524627696,53,Male,Indore,Madhya Pradesh,Premium,2025-08-24
13901,Karan Gupta,user13901@example.com,9414586248,44,Female,Noida,Uttar Pradesh,New,2025-04-03
13902,Simran Gupta,user13902@example.com,9281943134,26,Female,Kolkata,West Bengal,Regular,2026-01-24
13903,Ankit Sharma,user13903@example.com,9144637638,23,Male,Chandigarh,Chandigarh,New,2025-12-09
13904,Rahul Jain,user13904@example.com,9847085712,48,Female,Lucknow,Uttar Pradesh,Regular,2025-09-19
13905,Abhishek Kumar,user13905@example.com,9111995490,34,Female,Pune,Maharashtra,Premium,2025-07-24
13906,Isha Joshi,user13906@example.com,9260351855,60,Female,Kolkata,West Bengal,New,2025-10-29
13907,Aditi Mishra,user13907@example.com,9596995812,53,Female,Lucknow,Uttar Pradesh,Regular,2025-08-18
13908,Abhishek Jain,user13908@example.com,9933842995,38,Female,Patna,Bihar,Premium,2025-09-28
13909,Rohit Gupta,user13909@example.com,9677415167,44,Male,Delhi,Delhi,Regular,2026-03-06
13910,Ananya Sinha,user13910@example.com,9985063614,58,Male,Gurugram,Haryana,Regular,2025-10-10
13911,Himanshu Gupta,user13911@example.com,9433630496,45,Female,Bhopal,Madhya Pradesh,Regular,2026-05-04
13912,Aditya Yadav,user13912@example.com,9302920195,33,Male,Mumbai,Maharashtra,Regular,2026-08-21
13913,Vikas Mishra,user13913@example.com,9863185238,52,Male,Indore,Madhya Pradesh,New,2026-08-19
13914,Aditya Malhotra,user13914@example.com,9285918282,53,Male,Delhi,Delhi,Regular,2025-03-07
13915,Ankit Malhotra,user13915@example.com,9706103475,52,Male,Mumbai,Maharashtra,Regular,2026-07-08
13916,Mohit Yadav,user13916@example.com,9974336063,36,Female,Mumbai,Maharashtra,New,2026-04-06
13917,Mohit Mehta,user13917@example.com,9602779421,38,Female,Ranchi,Jharkhand,Premium,2025-09-22
13918,Aditya Bansal,user13918@example.com,9484934279,50,Male,Jaipur,Rajasthan,Regular,2025-02-02
13919,Priya Kapoor,user13919@example.com,9991996391,40,Female,Dehradun,Uttarakhand,Regular,2025-08-30
13920,Rohan Kumar,user13920@example.com,9855917700,23,Female,Chennai,Tamil Nadu,Regular,2026-02-12
13921,Rohit Verma,user13921@example.com,9794891083,49,Male,Indore,Madhya Pradesh,New,2025-01-08
13922,Sneha Malhotra,user13922@example.com,9721554110,39,Female,Pune,Maharashtra,New,2025-07-04
13923,Riya Mehta,user13923@example.com,9850929024,20,Male,Gurugram,Haryana,Regular,2026-04-05
13924,Ankit Sharma,user13924@example.com,9860513806,52,Male,Chandigarh,Chandigarh,Regular,2026-05-30
13925,Rohan Verma,user13925@example.com,9462593368,33,Male,Patna,Bihar,New,2025-12-01
13926,Pooja Shah,user13926@example.com,9359940817,59,Female,Surat,Gujarat,New,2025-07-02
13927,Priya Yadav,user13927@example.com,9745168037,42,Male,Kanpur,Uttar Pradesh,Regular,2026-03-29
13928,Himanshu Verma,user13928@example.com,9781715839,34,Female,Gurugram,Haryana,Regular,2025-04-01
13929,Ankit Kumar,user13929@example.com,9178662829,56,Female,Lucknow,Uttar Pradesh,Premium,2025-07-12
13930,Varun Gupta,user13930@example.com,9746567860,30,Male,Jaipur,Rajasthan,New,2025-08-01
13931,Neeraj Chauhan,user13931@example.com,9862950681,45,Male,Delhi,Delhi,Regular,2025-07-08
13932,Nikhil Yadav,user13932@example.com,9843397948,28,Male,Lucknow,Uttar Pradesh,Premium,2026-03-15
13933,Ananya Kapoor,user13933@example.com,9775748350,27,Male,Ahmedabad,Gujarat,Regular,2026-04-28
13934,Priya Chauhan,user13934@example.com,9379208423,56,Female,Chennai,Tamil Nadu,Premium,2025-03-06
13935,Riya Malhotra,user13935@example.com,9440478530,41,Male,Surat,Gujarat,Premium,2025-09-05
13936,Yash Joshi,user13936@example.com,9440247477,55,Female,Chandigarh,Chandigarh,New,2025-01-14
13937,Mohit Mishra,user13937@example.com,9702681749,41,Male,Bhopal,Madhya Pradesh,New,2026-05-18
13938,Abhishek Chauhan,user13938@example.com,9281543961,50,Female,Jaipur,Rajasthan,New,2025-04-23
13939,Isha Chauhan,user13939@example.com,9620516690,34,Female,Lucknow,Uttar Pradesh,New,2025-05-08
13940,Sahil Patel,user13940@example.com,9472609003,53,Female,Bhopal,Madhya Pradesh,Premium,2026-03-02
13941,Rahul Sinha,user13941@example.com,9980554347,52,Female,Chennai,Tamil Nadu,Premium,2026-05-17
13942,Arjun Bansal,user13942@example.com,9205538926,23,Male,Dehradun,Uttarakhand,New,2026-01-03
13943,Riya Bansal,user13943@example.com,9679609659,33,Male,Chennai,Tamil Nadu,Regular,2025-12-17
13944,Rohit Chauhan,user13944@example.com,9239506214,45,Female,Pune,Maharashtra,Regular,2026-03-30
13945,Karan Joshi,user13945@example.com,9404312611,58,Female,Ranchi,Jharkhand,Regular,2025-06-26
13946,Vikas Chauhan,user13946@example.com,9432471060,49,Male,Delhi,Delhi,Regular,2025-05-01
13947,Pooja Malhotra,user13947@example.com,9210507944,43,Male,Dehradun,Uttarakhand,Premium,2025-08-17
13948,Neeraj Jain,user13948@example.com,9820789365,28,Male,Hyderabad,Telangana,New,2025-03-03
13949,Aditya Jain,user13949@example.com,9299924527,42,Female,Mumbai,Maharashtra,New,2025-04-18
13950,Rahul Malhotra,user13950@example.com,9812132377,48,Male,Kanpur,Uttar Pradesh,New,2026-01-26
13951,Priya Singh,user13951@example.com,9264143294,38,Male,Chandigarh,Chandigarh,Regular,2025-11-28
13952,Neha Jain,user13952@example.com,9761373388,20,Female,Gurugram,Haryana,Regular,2025-08-17
13953,Abhishek Srivastava,user13953@example.com,9934625315,29,Male,Pune,Maharashtra,Regular,2025-08-21
13954,Aarav Sinha,user13954@example.com,9991042455,57,Male,Hyderabad,Telangana,Regular,2026-01-01
13955,Karan Kapoor,user13955@example.com,9579513049,58,Male,Jaipur,Rajasthan,Regular,2025-11-15
13956,Neeraj Patel,user13956@example.com,9535407505,42,Male,Chennai,Tamil Nadu,Regular,2025-10-26
13957,Akash Kumar,user13957@example.com,9199422478,34,Male,Dehradun,Uttarakhand,Regular,2025-04-01
13958,Akash Tiwari,user13958@example.com,9572366926,55,Male,Ahmedabad,Gujarat,Regular,2026-07-18
13959,Ankit Joshi,user13959@example.com,9476267909,53,Male,Ranchi,Jharkhand,Regular,2026-03-25
13960,Vivaan Chauhan,user13960@example.com,9359731626,53,Female,Gurugram,Haryana,New,2026-01-16
13961,Aman Joshi,user13961@example.com,9665114270,36,Female,Hyderabad,Telangana,Regular,2025-03-26
13962,Ananya Shah,user13962@example.com,9807362843,19,Male,Patna,Bihar,Regular,2025-02-24
13963,Rohit Chauhan,user13963@example.com,9128725383,34,Male,Jaipur,Rajasthan,New,2026-06-09
13964,Aditya Kumar,user13964@example.com,9849218716,47,Female,Chandigarh,Chandigarh,Regular,2025-04-04
13965,Mohit Yadav,user13965@example.com,9180517524,27,Male,Bhopal,Madhya Pradesh,Regular,2025-09-02
13966,Arjun Kapoor,user13966@example.com,9760278224,52,Male,Surat,Gujarat,New,2025-11-07
13967,Mohit Verma,user13967@example.com,9227038327,53,Male,Patna,Bihar,New,2026-07-05
13968,Sahil Sinha,user13968@example.com,9582670072,50,Female,Ranchi,Jharkhand,Regular,2025-08-10
13969,Vivaan Patel,user13969@example.com,9669574640,18,Male,Chandigarh,Chandigarh,Regular,2026-02-02
13970,Vivaan Shah,user13970@example.com,9877659223,35,Female,Dehradun,Uttarakhand,Regular,2026-08-19
13971,Varun Srivastava,user13971@example.com,9935104697,21,Female,Bengaluru,Karnataka,Premium,2025-07-21
13972,Isha Bansal,user13972@example.com,9289995451,44,Female,Noida,Uttar Pradesh,New,2026-05-29
13973,Simran Chauhan,user13973@example.com,9531888817,42,Male,Jaipur,Rajasthan,New,2025-01-07
13974,Akash Malhotra,user13974@example.com,9961357283,45,Female,Mumbai,Maharashtra,Regular,2025-06-19
13975,Rohan Shah,user13975@example.com,9193827580,39,Male,Ahmedabad,Gujarat,Regular,2026-07-16
13976,Aditi Yadav,user13976@example.com,9638578718,59,Male,Indore,Madhya Pradesh,Regular,2026-04-22
13977,Riya Sharma,user13977@example.com,9387627297,42,Male,Delhi,Delhi,New,2025-09-11
13978,Rohit Tiwari,user13978@example.com,9187696385,34,Male,Dehradun,Uttarakhand,New,2025-06-20
13979,Mohit Chauhan,user13979@example.com,9759538281,29,Female,Kolkata,West Bengal,Regular,2025-12-15
13980,Aditi Verma,user13980@example.com,9927671746,33,Male,Chennai,Tamil Nadu,New,2025-08-06
13981,Akash Srivastava,user13981@example.com,9483844957,54,Male,Kanpur,Uttar Pradesh,Premium,2026-02-27
13982,Rohit Sharma,user13982@example.com,9114833479,33,Male,Bhopal,Madhya Pradesh,New,2025-06-28
13983,Aman Jain,user13983@example.com,9935319091,34,Female,Chennai,Tamil Nadu,Premium,2025-04-15
13984,Neeraj Chauhan,user13984@example.com,9556836742,48,Male,Patna,Bihar,Regular,2026-04-05
13985,Sneha Singh,user13985@example.com,9198448075,32,Female,Kanpur,Uttar Pradesh,Regular,2025-03-10
13986,Aman Patel,user13986@example.com,9921537017,30,Female,Lucknow,Uttar Pradesh,Regular,2026-01-18
13987,Kavya Sharma,user13987@example.com,9828688786,57,Female,Noida,Uttar Pradesh,Regular,2026-01-11
13988,Abhishek Sharma,user13988@example.com,9556555865,44,Male,Hyderabad,Telangana,New,2026-05-06
13989,Sneha Mishra,user13989@example.com,9669722109,38,Female,Chennai,Tamil Nadu,Regular,2026-04-09
13990,Rahul Bansal,user13990@example.com,9966992526,19,Male,Kolkata,West Bengal,Regular,2025-05-06
13991,Sneha Srivastava,user13991@example.com,9301487693,25,Female,Bhopal,Madhya Pradesh,Regular,2025-06-03
13992,Sneha Malhotra,user13992@example.com,9416065916,59,Female,Pune,Maharashtra,Regular,2025-04-30
13993,Aman Chauhan,user13993@example.com,9117615610,24,Male,Patna,Bihar,Regular,2025-08-30
13994,Vivaan Mishra,user13994@example.com,9564894349,27,Female,Kanpur,Uttar Pradesh,Regular,2026-08-25
13995,Karan Chauhan,user13995@example.com,9499153282,21,Male,Patna,Bihar,Regular,2025-07-01
13996,Varun Malhotra,user13996@example.com,9525285169,60,Male,Bengaluru,Karnataka,Regular,2026-07-27
13997,Varun Sinha,user13997@example.com,9134687867,58,Male,Kolkata,West Bengal,Regular,2026-07-24
13998,Ankit Shah,user13998@example.com,9937378869,53,Female,Hyderabad,Telangana,Premium,2026-02-24
13999,Ananya Patel,user13999@example.com,9514233477,52,Female,Patna,Bihar,Regular,2026-04-27
14000,Ananya Joshi,user14000@example.com,9749937840,60,Female,Delhi,Delhi,Regular,2026-02-18
14001,Sneha Malhotra,user14001@example.com,9204721814,20,Female,Delhi,Delhi,Regular,2026-03-28
14002,Aarav Joshi,user14002@example.com,9927108059,35,Male,Kanpur,Uttar Pradesh,Regular,2026-03-02
14003,Abhishek Srivastava,user14003@example.com,9112883789,60,Female,Gurugram,Haryana,Regular,2025-07-12
14004,Mohit Singh,user14004@example.com,9555651661,41,Male,Chennai,Tamil Nadu,New,2026-04-21
14005,Mohit Verma,user14005@example.com,9829454796,49,Female,Bengaluru,Karnataka,Premium,2025-08-08
14006,Pooja Bansal,user14006@example.com,9583188314,51,Female,Patna,Bihar,New,2026-06-13
14007,Ankit Verma,user14007@example.com,9556580027,19,Male,Chennai,Tamil Nadu,Regular,2026-02-13
14008,Riya Srivastava,user14008@example.com,9356831842,19,Male,Delhi,Delhi,New,2026-06-13
14009,Karan Kapoor,user14009@example.com,9773203372,27,Male,Indore,Madhya Pradesh,New,2025-08-14
14010,Riya Srivastava,user14010@example.com,9649831868,40,Female,Noida,Uttar Pradesh,Regular,2025-06-08
14011,Rohan Joshi,user14011@example.com,9122279169,32,Male,Kanpur,Uttar Pradesh,Regular,2025-01-28
14012,Isha Agarwal,user14012@example.com,9804866152,29,Male,Chandigarh,Chandigarh,Regular,2026-08-20
14013,Priya Joshi,user14013@example.com,9334172583,60,Female,Delhi,Delhi,New,2025-06-30
14014,Vivaan Mehta,user14014@example.com,9442442519,34,Male,Noida,Uttar Pradesh,New,2026-08-06
14015,Ankit Agarwal,user14015@example.com,9323721372,35,Male,Ranchi,Jharkhand,New,2026-01-07
14016,Ananya Gupta,user14016@example.com,9538681452,31,Female,Patna,Bihar,Regular,2025-09-13
14017,Himanshu Jain,user14017@example.com,9979700547,34,Male,Chandigarh,Chandigarh,Regular,2026-06-15
14018,Aditya Joshi,user14018@example.com,9867286641,32,Female,Ranchi,Jharkhand,Regular,2025-08-14
14019,Yash Kapoor,user14019@example.com,9320868289,29,Male,Dehradun,Uttarakhand,Regular,2026-07-23
14020,Simran Malhotra,user14020@example.com,9418699091,33,Male,Pune,Maharashtra,Premium,2025-04-10
14021,Himanshu Bansal,user14021@example.com,9962733237,49,Male,Dehradun,Uttarakhand,New,2025-09-13
14022,Riya Shah,user14022@example.com,9169676468,40,Male,Pune,Maharashtra,Regular,2025-07-03
14023,Kavya Kumar,user14023@example.com,9204198350,55,Female,Chandigarh,Chandigarh,Regular,2026-01-28
14024,Abhishek Agarwal,user14024@example.com,9636837168,51,Female,Jaipur,Rajasthan,New,2025-02-04
14025,Rohit Verma,user14025@example.com,9381579324,51,Male,Dehradun,Uttarakhand,New,2025-11-02
14026,Abhishek Kumar,user14026@example.com,9679612329,33,Male,Gurugram,Haryana,New,2025-07-10
14027,Riya Malhotra,user14027@example.com,9467628416,51,Male,Pune,Maharashtra,Premium,2025-01-07
14028,Sneha Bansal,user14028@example.com,9689346238,57,Male,Dehradun,Uttarakhand,Regular,2026-05-31
14029,Karan Mishra,user14029@example.com,9178166629,24,Male,Pune,Maharashtra,Regular,2025-01-06
14030,Himanshu Verma,user14030@example.com,9783075618,50,Female,Delhi,Delhi,Regular,2026-01-03
14031,Ananya Sinha,user14031@example.com,9324103218,21,Male,Dehradun,Uttarakhand,Regular,2025-11-18
14032,Sahil Gupta,user14032@example.com,9945661996,60,Male,Dehradun,Uttarakhand,Regular,2026-03-09
14033,Priya Bansal,user14033@example.com,9845775180,24,Male,Kolkata,West Bengal,Premium,2025-11-03
14034,Karan Mehta,user14034@example.com,9237716080,35,Male,Gurugram,Haryana,New,2025-12-22
14035,Arjun Agarwal,user14035@example.com,9295768845,21,Female,Patna,Bihar,Regular,2026-07-20
14036,Kavya Mehta,user14036@example.com,9210084444,28,Male,Kolkata,West Bengal,Regular,2026-05-29
14037,Arjun Verma,user14037@example.com,9505934585,60,Male,Ranchi,Jharkhand,Premium,2025-01-12
14038,Rahul Srivastava,user14038@example.com,9491918210,37,Male,Hyderabad,Telangana,Premium,2025-01-10
14039,Aarav Mishra,user14039@example.com,9476967405,28,Female,Delhi,Delhi,Regular,2026-04-29
14040,Akash Jain,user14040@example.com,9900789783,32,Male,Ranchi,Jharkhand,New,2025-11-30
14041,Vivaan Gupta,user14041@example.com,9451290799,34,Female,Hyderabad,Telangana,New,2025-02-05
14042,Aditi Mishra,user14042@example.com,9194805260,51,Male,Kanpur,Uttar Pradesh,Premium,2025-06-17
14043,Karan Joshi,user14043@example.com,9387330019,29,Female,Ahmedabad,Gujarat,Regular,2026-04-03
14044,Rohan Verma,user14044@example.com,9447499720,59,Female,Kanpur,Uttar Pradesh,New,2025-11-11
14045,Varun Tiwari,user14045@example.com,9943668621,45,Male,Hyderabad,Telangana,Premium,2025-10-30
14046,Neha Verma,user14046@example.com,9282303331,52,Female,Pune,Maharashtra,New,2026-08-20
14047,Pooja Kapoor,user14047@example.com,9764909449,25,Female,Bhopal,Madhya Pradesh,Regular,2025-09-06
14048,Rahul Singh,user14048@example.com,9996793255,44,Male,Kanpur,Uttar Pradesh,Regular,2026-04-08
14049,Vivaan Joshi,user14049@example.com,9893943958,39,Male,Kanpur,Uttar Pradesh,New,2025-01-04
14050,Rohan Mishra,user14050@example.com,9984837986,41,Female,Noida,Uttar Pradesh,Regular,2026-06-28
14051,Karan Mishra,user14051@example.com,9883599414,19,Female,Hyderabad,Telangana,New,2025-05-04
14052,Riya Shah,user14052@example.com,9764995646,48,Female,Chandigarh,Chandigarh,Regular,2026-01-11
14053,Rohan Kapoor,user14053@example.com,9730487878,39,Female,Patna,Bihar,Regular,2026-02-26
14054,Aditi Chauhan,user14054@example.com,9286387369,18,Female,Gurugram,Haryana,New,2026-05-25
14055,Rohan Tiwari,user14055@example.com,9926077538,31,Female,Kolkata,West Bengal,Premium,2025-03-25
14056,Riya Srivastava,user14056@example.com,9385256257,42,Male,Bhopal,Madhya Pradesh,Regular,2026-03-24
14057,Rohit Sinha,user14057@example.com,9793324622,53,Male,Bengaluru,Karnataka,New,2025-04-11
14058,Priya Srivastava,user14058@example.com,9322600520,53,Female,Indore,Madhya Pradesh,New,2025-09-12
14059,Abhishek Sinha,user14059@example.com,9106717998,58,Male,Kanpur,Uttar Pradesh,New,2025-09-15
14060,Aman Mishra,user14060@example.com,9550710352,20,Male,Ranchi,Jharkhand,Premium,2026-05-13
14061,Arjun Tiwari,user14061@example.com,9580175997,22,Female,Noida,Uttar Pradesh,New,2026-03-29
14062,Himanshu Shah,user14062@example.com,9195978726,18,Male,Bengaluru,Karnataka,Regular,2025-01-16
14063,Abhishek Agarwal,user14063@example.com,9833363507,36,Male,Mumbai,Maharashtra,Premium,2026-01-08
14064,Mohit Srivastava,user14064@example.com,9836642705,50,Male,Ahmedabad,Gujarat,Regular,2025-07-13
14065,Nikhil Kumar,user14065@example.com,9601595854,59,Female,Patna,Bihar,Regular,2025-11-05
14066,Pooja Shah,user14066@example.com,9378525073,47,Female,Bengaluru,Karnataka,Premium,2026-07-10
14067,Rohan Shah,user14067@example.com,9719533463,29,Male,Lucknow,Uttar Pradesh,Regular,2025-04-07
14068,Aman Sinha,user14068@example.com,9973342742,27,Male,Patna,Bihar,New,2025-03-08
14069,Riya Bansal,user14069@example.com,9851114379,51,Male,Surat,Gujarat,Regular,2025-12-05
14070,Rahul Gupta,user14070@example.com,9969638806,33,Male,Dehradun,Uttarakhand,Premium,2025-04-26
14071,Aditya Yadav,user14071@example.com,9519868692,57,Male,Chandigarh,Chandigarh,Regular,2026-06-25
14072,Mohit Mishra,user14072@example.com,9822668797,46,Male,Indore,Madhya Pradesh,Regular,2025-09-16
14073,Varun Singh,user14073@example.com,9643914047,32,Male,Noida,Uttar Pradesh,Premium,2026-01-17
14074,Himanshu Bansal,user14074@example.com,9883729881,28,Male,Chandigarh,Chandigarh,Regular,2025-12-09
14075,Neha Gupta,user14075@example.com,9417459527,51,Male,Chandigarh,Chandigarh,New,2026-01-26
14076,Yash Chauhan,user14076@example.com,9587295965,53,Female,Patna,Bihar,New,2026-05-03
14077,Neeraj Sinha,user14077@example.com,9216711585,47,Female,Surat,Gujarat,Regular,2025-06-10
14078,Nikhil Kapoor,user14078@example.com,9795611521,52,Female,Chennai,Tamil Nadu,New,2026-04-03
14079,Riya Sinha,user14079@example.com,9156785476,26,Female,Gurugram,Haryana,Premium,2025-11-27
14080,Ankit Jain,user14080@example.com,9760563870,35,Male,Kanpur,Uttar Pradesh,Regular,2025-04-15
14081,Karan Kumar,user14081@example.com,9864121667,36,Female,Gurugram,Haryana,Regular,2025-02-11
14082,Aditya Shah,user14082@example.com,9906667717,56,Male,Bhopal,Madhya Pradesh,Regular,2025-05-10
14083,Isha Kapoor,user14083@example.com,9543968470,21,Female,Bengaluru,Karnataka,Regular,2026-08-09
14084,Rohan Patel,user14084@example.com,9118389996,23,Female,Lucknow,Uttar Pradesh,Regular,2026-01-03
14085,Isha Singh,user14085@example.com,9351719570,50,Female,Surat,Gujarat,New,2025-12-24
14086,Simran Chauhan,user14086@example.com,9681705087,49,Female,Kolkata,West Bengal,Regular,2025-03-17
14087,Rohan Mehta,user14087@example.com,9385575788,33,Female,Kolkata,West Bengal,Premium,2025-07-24
14088,Rohit Singh,user14088@example.com,9972078438,28,Female,Kolkata,West Bengal,Regular,2026-06-20
14089,Vivaan Shah,user14089@example.com,9236690240,39,Male,Noida,Uttar Pradesh,Regular,2025-09-22
14090,Himanshu Yadav,user14090@example.com,9490055045,53,Female,Dehradun,Uttarakhand,New,2025-05-03
14091,Neeraj Sinha,user14091@example.com,9667085254,40,Male,Hyderabad,Telangana,Regular,2025-01-30
14092,Neha Verma,user14092@example.com,9979034223,43,Female,Noida,Uttar Pradesh,Premium,2025-09-03
14093,Vikas Mehta,user14093@example.com,9493583101,48,Male,Patna,Bihar,Regular,2025-02-11
14094,Nikhil Mehta,user14094@example.com,9944751514,46,Male,Ranchi,Jharkhand,Regular,2026-04-15
14095,Neeraj Kumar,user14095@example.com,9582207822,22,Female,Lucknow,Uttar Pradesh,Regular,2026-06-26
14096,Abhishek Sinha,user14096@example.com,9268359859,55,Male,Bengaluru,Karnataka,Regular,2025-03-28
14097,Vikas Agarwal,user14097@example.com,9145161953,42,Female,Hyderabad,Telangana,Regular,2026-08-07
14098,Nikhil Yadav,user14098@example.com,9934650623,51,Male,Jaipur,Rajasthan,New,2025-06-10
14099,Sahil Mishra,user14099@example.com,9784171513,29,Female,Ranchi,Jharkhand,Regular,2025-08-31
14100,Himanshu Yadav,user14100@example.com,9575661176,39,Female,Chandigarh,Chandigarh,New,2025-06-07
14101,Pooja Yadav,user14101@example.com,9624788735,26,Female,Pune,Maharashtra,Regular,2025-04-06
14102,Yash Verma,user14102@example.com,9842055727,37,Male,Surat,Gujarat,Regular,2026-01-09
14103,Rohit Chauhan,user14103@example.com,9151409648,46,Male,Dehradun,Uttarakhand,New,2026-02-17
14104,Mohit Jain,user14104@example.com,9849773399,46,Female,Gurugram,Haryana,Regular,2026-06-12
14105,Pooja Malhotra,user14105@example.com,9155036878,44,Male,Jaipur,Rajasthan,New,2025-11-15
14106,Neeraj Patel,user14106@example.com,9385460962,34,Male,Kanpur,Uttar Pradesh,Regular,2025-12-07
14107,Rohan Shah,user14107@example.com,9294259779,22,Female,Ahmedabad,Gujarat,New,2025-02-16
14108,Isha Verma,user14108@example.com,9316422571,30,Male,Pune,Maharashtra,Regular,2026-01-20
14109,Varun Malhotra,user14109@example.com,9108043364,59,Male,Hyderabad,Telangana,Regular,2025-07-14
14110,Nikhil Sharma,user14110@example.com,9890087696,32,Male,Mumbai,Maharashtra,Premium,2025-11-23
14111,Kavya Kapoor,user14111@example.com,9532285406,32,Male,Dehradun,Uttarakhand,Premium,2026-03-09
14112,Karan Mehta,user14112@example.com,9456128037,35,Female,Ranchi,Jharkhand,New,2025-03-21
14113,Himanshu Gupta,user14113@example.com,9538826805,19,Male,Gurugram,Haryana,New,2025-09-29
14114,Arjun Sharma,user14114@example.com,9367652593,40,Female,Lucknow,Uttar Pradesh,Regular,2025-10-11
14115,Neeraj Joshi,user14115@example.com,9871068137,60,Male,Chennai,Tamil Nadu,Regular,2025-12-04
14116,Neeraj Malhotra,user14116@example.com,9229791365,30,Male,Jaipur,Rajasthan,New,2026-02-23
14117,Riya Yadav,user14117@example.com,9634718711,60,Male,Chennai,Tamil Nadu,New,2025-08-20
14118,Priya Kumar,user14118@example.com,9160245893,21,Male,Ahmedabad,Gujarat,Regular,2025-10-19
14119,Kavya Shah,user14119@example.com,9808147251,42,Female,Chennai,Tamil Nadu,Premium,2026-07-23
14120,Varun Patel,user14120@example.com,9713246990,28,Female,Chandigarh,Chandigarh,Premium,2025-08-07
14121,Rohit Sharma,user14121@example.com,9702443075,59,Male,Kolkata,West Bengal,New,2026-04-04
14122,Aarav Tiwari,user14122@example.com,9973513400,29,Female,Ranchi,Jharkhand,Regular,2025-02-06
14123,Nikhil Sinha,user14123@example.com,9261698927,30,Male,Bengaluru,Karnataka,New,2025-07-24
14124,Himanshu Yadav,user14124@example.com,9310952181,26,Male,Bengaluru,Karnataka,Regular,2025-03-14
14125,Neeraj Mehta,user14125@example.com,9499887031,55,Male,Bengaluru,Karnataka,Regular,2025-11-10
14126,Aditi Sinha,user14126@example.com,9136183911,23,Female,Chandigarh,Chandigarh,Regular,2026-04-06
14127,Ananya Yadav,user14127@example.com,9286785798,60,Male,Noida,Uttar Pradesh,Regular,2025-02-11
14128,Aditya Tiwari,user14128@example.com,9983066418,60,Female,Ahmedabad,Gujarat,New,2026-05-22
14129,Rahul Mishra,user14129@example.com,9525444153,27,Male,Chennai,Tamil Nadu,Regular,2025-09-09
14130,Vikas Kapoor,user14130@example.com,9290058224,40,Male,Ahmedabad,Gujarat,Premium,2026-01-18
14131,Abhishek Singh,user14131@example.com,9395486708,32,Male,Kolkata,West Bengal,New,2025-07-10
14132,Ankit Chauhan,user14132@example.com,9333135551,40,Female,Patna,Bihar,Regular,2025-03-07
14133,Nikhil Malhotra,user14133@example.com,9320204396,57,Female,Ranchi,Jharkhand,Regular,2026-05-31
14134,Vivaan Joshi,user14134@example.com,9258952814,54,Male,Dehradun,Uttarakhand,Regular,2025-10-23
14135,Mohit Kapoor,user14135@example.com,9725647513,51,Female,Noida,Uttar Pradesh,Premium,2025-09-06
14136,Ananya Gupta,user14136@example.com,9778444729,33,Male,Indore,Madhya Pradesh,Regular,2026-02-09
14137,Aman Gupta,user14137@example.com,9910026270,58,Female,Ahmedabad,Gujarat,Regular,2025-09-05
14138,Ankit Joshi,user14138@example.com,9351260865,49,Female,Kanpur,Uttar Pradesh,Regular,2025-05-25
14139,Kavya Singh,user14139@example.com,9364709723,55,Female,Indore,Madhya Pradesh,Premium,2026-08-09
14140,Karan Verma,user14140@example.com,9479305065,57,Female,Dehradun,Uttarakhand,Regular,2026-04-17
14141,Mohit Malhotra,user14141@example.com,9928105740,22,Male,Mumbai,Maharashtra,Regular,2025-10-05
14142,Simran Chauhan,user14142@example.com,9365237649,34,Female,Patna,Bihar,New,2026-02-20
14143,Kavya Verma,user14143@example.com,9237953757,39,Male,Gurugram,Haryana,Regular,2025-11-04
14144,Aditi Kapoor,user14144@example.com,9788712310,56,Male,Mumbai,Maharashtra,Regular,2026-01-14
14145,Vivaan Shah,user14145@example.com,9891290570,58,Male,Gurugram,Haryana,New,2025-04-17
14146,Vikas Gupta,user14146@example.com,9458229644,35,Male,Delhi,Delhi,New,2026-02-24
14147,Varun Bansal,user14147@example.com,9689842546,45,Male,Chandigarh,Chandigarh,Regular,2025-12-15
14148,Vivaan Bansal,user14148@example.com,9493813143,30,Male,Bhopal,Madhya Pradesh,Regular,2025-04-14
14149,Simran Yadav,user14149@example.com,9273013048,59,Male,Chandigarh,Chandigarh,Premium,2025-09-09
14150,Aarav Srivastava,user14150@example.com,9266716572,18,Male,Lucknow,Uttar Pradesh,Regular,2026-04-18
14151,Himanshu Malhotra,user14151@example.com,9690546741,36,Female,Pune,Maharashtra,New,2026-04-01
14152,Vivaan Malhotra,user14152@example.com,9132136324,51,Male,Chennai,Tamil Nadu,Regular,2026-02-07
14153,Mohit Chauhan,user14153@example.com,9644502946,21,Female,Pune,Maharashtra,New,2026-01-14
14154,Isha Joshi,user14154@example.com,9826708498,60,Male,Patna,Bihar,Regular,2026-03-29
14155,Karan Malhotra,user14155@example.com,9329615286,20,Male,Patna,Bihar,Regular,2025-08-15
14156,Rahul Joshi,user14156@example.com,9303154508,58,Male,Lucknow,Uttar Pradesh,Premium,2025-12-19
14157,Ananya Verma,user14157@example.com,9902448077,27,Male,Mumbai,Maharashtra,Regular,2026-06-08
14158,Riya Tiwari,user14158@example.com,9500350757,45,Female,Surat,Gujarat,Regular,2026-08-12
14159,Aarav Srivastava,user14159@example.com,9534987325,51,Female,Jaipur,Rajasthan,Regular,2026-06-08
14160,Varun Kapoor,user14160@example.com,9297267989,56,Male,Surat,Gujarat,Regular,2025-05-27
14161,Aman Malhotra,user14161@example.com,9412481352,36,Male,Ahmedabad,Gujarat,Regular,2025-08-11
14162,Mohit Gupta,user14162@example.com,9579332080,59,Female,Delhi,Delhi,Regular,2025-12-28
14163,Karan Kumar,user14163@example.com,9606650535,53,Male,Bengaluru,Karnataka,New,2025-08-10
14164,Sahil Sinha,user14164@example.com,9903781785,60,Male,Delhi,Delhi,Premium,2025-04-29
14165,Neeraj Singh,user14165@example.com,9870296044,20,Female,Jaipur,Rajasthan,Regular,2025-10-26
14166,Kavya Kapoor,user14166@example.com,9117939324,40,Male,Mumbai,Maharashtra,New,2026-04-21
14167,Aarav Mishra,user14167@example.com,9469523204,34,Female,Gurugram,Haryana,Premium,2026-02-16
14168,Ankit Singh,user14168@example.com,9525788636,24,Female,Patna,Bihar,New,2025-03-20
14169,Yash Verma,user14169@example.com,9388228661,43,Male,Jaipur,Rajasthan,Premium,2026-02-08
14170,Aarav Mishra,user14170@example.com,9837100976,60,Male,Bhopal,Madhya Pradesh,Regular,2025-08-04
14171,Aditi Tiwari,user14171@example.com,9895264770,35,Male,Indore,Madhya Pradesh,Regular,2025-04-30
14172,Karan Srivastava,user14172@example.com,9719953371,23,Male,Ranchi,Jharkhand,Regular,2025-01-04
14173,Rahul Sharma,user14173@example.com,9980072741,48,Female,Mumbai,Maharashtra,Regular,2025-01-27
14174,Akash Verma,user14174@example.com,9997238446,46,Female,Bhopal,Madhya Pradesh,New,2026-07-13
14175,Aditi Agarwal,user14175@example.com,9877652109,26,Male,Bengaluru,Karnataka,New,2025-05-16
14176,Karan Chauhan,user14176@example.com,9476079082,52,Male,Pune,Maharashtra,New,2026-07-15
14177,Pooja Srivastava,user14177@example.com,9339328458,34,Male,Bengaluru,Karnataka,Premium,2026-08-11
14178,Himanshu Srivastava,user14178@example.com,9588874824,29,Male,Chandigarh,Chandigarh,New,2025-01-20
14179,Vivaan Sinha,user14179@example.com,9595542053,53,Female,Mumbai,Maharashtra,Regular,2026-07-27
14180,Vikas Sinha,user14180@example.com,9412175039,41,Female,Indore,Madhya Pradesh,Regular,2026-04-29
14181,Sneha Kumar,user14181@example.com,9731043566,27,Female,Noida,Uttar Pradesh,Premium,2025-07-02
14182,Isha Sinha,user14182@example.com,9395574187,47,Male,Bengaluru,Karnataka,New,2025-05-08
14183,Aditya Shah,user14183@example.com,9407263612,46,Female,Kolkata,West Bengal,Premium,2025-01-11
14184,Abhishek Bansal,user14184@example.com,9352034885,56,Male,Delhi,Delhi,New,2025-01-01
14185,Rohan Joshi,user14185@example.com,9447956288,27,Female,Mumbai,Maharashtra,Regular,2026-07-08
14186,Varun Kapoor,user14186@example.com,9529392664,56,Male,Ranchi,Jharkhand,Regular,2026-08-09
14187,Priya Shah,user14187@example.com,9385645583,45,Female,Surat,Gujarat,New,2025-05-05
14188,Ananya Chauhan,user14188@example.com,9135035361,35,Female,Ahmedabad,Gujarat,New,2026-07-29
14189,Yash Yadav,user14189@example.com,9757570256,58,Female,Kolkata,West Bengal,Regular,2025-02-13
14190,Abhishek Mishra,user14190@example.com,9508898178,34,Female,Chennai,Tamil Nadu,Regular,2026-08-13
14191,Pooja Joshi,user14191@example.com,9898441764,28,Female,Gurugram,Haryana,Premium,2025-03-01
14192,Aditya Patel,user14192@example.com,9556956624,18,Female,Chandigarh,Chandigarh,Regular,2025-08-23
14193,Riya Jain,user14193@example.com,9120615094,34,Female,Gurugram,Haryana,Premium,2026-02-04
14194,Aditi Sinha,user14194@example.com,9451266172,53,Female,Patna,Bihar,Regular,2025-03-17
14195,Isha Joshi,user14195@example.com,9139143024,53,Female,Ranchi,Jharkhand,Premium,2025-05-25
14196,Rohit Sharma,user14196@example.com,9527555571,26,Male,Chandigarh,Chandigarh,Regular,2025-10-23
14197,Sneha Agarwal,user14197@example.com,9338450853,45,Male,Dehradun,Uttarakhand,Regular,2025-12-06
14198,Vivaan Shah,user14198@example.com,9342286270,50,Female,Gurugram,Haryana,New,2026-01-12
14199,Rohit Shah,user14199@example.com,9421858304,20,Male,Surat,Gujarat,Regular,2025-06-17
14200,Ananya Shah,user14200@example.com,9103714886,25,Female,Kolkata,West Bengal,New,2026-07-21
14201,Ankit Singh,user14201@example.com,9119657945,23,Male,Kanpur,Uttar Pradesh,New,2025-07-23
14202,Nikhil Shah,user14202@example.com,9814976102,23,Male,Kolkata,West Bengal,Regular,2026-02-02
14203,Karan Bansal,user14203@example.com,9279830034,46,Female,Ranchi,Jharkhand,Regular,2025-03-14
14204,Rohan Joshi,user14204@example.com,9650114355,54,Female,Gurugram,Haryana,New,2026-03-05
14205,Ankit Verma,user14205@example.com,9487991197,29,Male,Mumbai,Maharashtra,Regular,2025-08-03
14206,Aditya Yadav,user14206@example.com,9744676970,26,Female,Bhopal,Madhya Pradesh,Regular,2025-11-27
14207,Akash Malhotra,user14207@example.com,9736951094,58,Female,Indore,Madhya Pradesh,New,2026-05-16
14208,Rohit Joshi,user14208@example.com,9762946829,36,Male,Dehradun,Uttarakhand,Regular,2025-11-24
14209,Aman Srivastava,user14209@example.com,9552415244,34,Male,Lucknow,Uttar Pradesh,Regular,2026-02-11
14210,Karan Joshi,user14210@example.com,9467170899,49,Male,Patna,Bihar,New,2025-03-22
14211,Ananya Jain,user14211@example.com,9852237145,52,Male,Kolkata,West Bengal,Regular,2026-01-18
14212,Rahul Tiwari,user14212@example.com,9831145304,31,Male,Gurugram,Haryana,Regular,2025-12-26
14213,Kavya Tiwari,user14213@example.com,9505543816,33,Male,Gurugram,Haryana,Regular,2025-11-25
14214,Riya Verma,user14214@example.com,9915028264,38,Male,Ranchi,Jharkhand,New,2025-07-24
14215,Karan Sharma,user14215@example.com,9665017903,29,Female,Jaipur,Rajasthan,Regular,2025-05-31
14216,Vivaan Sinha,user14216@example.com,9858064395,41,Male,Chennai,Tamil Nadu,New,2026-02-10
14217,Varun Shah,user14217@example.com,9438052233,51,Female,Kanpur,Uttar Pradesh,Regular,2026-04-29
14218,Mohit Malhotra,user14218@example.com,9238363909,25,Male,Lucknow,Uttar Pradesh,New,2025-10-15
14219,Akash Kapoor,user14219@example.com,9372624307,38,Female,Kanpur,Uttar Pradesh,Premium,2026-04-24
14220,Aarav Srivastava,user14220@example.com,9955112488,25,Female,Kolkata,West Bengal,Regular,2026-02-12
14221,Varun Sinha,user14221@example.com,9809002194,45,Male,Noida,Uttar Pradesh,New,2025-11-21
14222,Rohit Verma,user14222@example.com,9918815493,33,Female,Chennai,Tamil Nadu,New,2025-05-02
14223,Yash Mishra,user14223@example.com,9484955265,27,Female,Kolkata,West Bengal,New,2025-12-18
14224,Ananya Shah,user14224@example.com,9149570574,32,Female,Surat,Gujarat,New,2025-03-08
14225,Nikhil Bansal,user14225@example.com,9574070416,21,Female,Ranchi,Jharkhand,Regular,2025-01-04
14226,Simran Kumar,user14226@example.com,9942803983,43,Male,Kanpur,Uttar Pradesh,Regular,2025-09-16
14227,Vikas Yadav,user14227@example.com,9859788699,32,Male,Kolkata,West Bengal,Premium,2025-03-10
14228,Aarav Verma,user14228@example.com,9609269001,53,Male,Bhopal,Madhya Pradesh,Premium,2025-03-18
14229,Riya Sharma,user14229@example.com,9245670281,49,Male,Noida,Uttar Pradesh,Regular,2025-07-06
14230,Akash Chauhan,user14230@example.com,9618972145,60,Male,Jaipur,Rajasthan,New,2026-04-16
14231,Simran Mishra,user14231@example.com,9732236937,55,Female,Jaipur,Rajasthan,Regular,2026-06-09
14232,Sahil Mehta,user14232@example.com,9125252552,21,Male,Kanpur,Uttar Pradesh,Regular,2025-02-23
14233,Priya Srivastava,user14233@example.com,9910727579,58,Female,Ahmedabad,Gujarat,Regular,2025-01-10
14234,Neha Malhotra,user14234@example.com,9693119639,26,Female,Indore,Madhya Pradesh,Regular,2025-07-05
14235,Priya Verma,user14235@example.com,9218594784,52,Male,Lucknow,Uttar Pradesh,Premium,2026-02-22
14236,Rahul Sinha,user14236@example.com,9795198275,45,Male,Dehradun,Uttarakhand,Premium,2025-01-19
14237,Himanshu Kumar,user14237@example.com,9402263479,54,Male,Chennai,Tamil Nadu,New,2025-04-12
14238,Aman Jain,user14238@example.com,9102183721,26,Female,Surat,Gujarat,New,2026-06-01
14239,Sneha Mishra,user14239@example.com,9570000011,19,Female,Mumbai,Maharashtra,Regular,2026-08-01
14240,Neeraj Bansal,user14240@example.com,9362875025,20,Male,Bhopal,Madhya Pradesh,Regular,2026-06-28
14241,Pooja Jain,user14241@example.com,9187914134,22,Female,Kolkata,West Bengal,New,2025-05-13
14242,Sahil Singh,user14242@example.com,9529667923,27,Female,Kolkata,West Bengal,Regular,2025-03-31
14243,Aarav Jain,user14243@example.com,9300299653,45,Male,Indore,Madhya Pradesh,Regular,2026-07-08
14244,Yash Singh,user14244@example.com,9543192628,32,Female,Indore,Madhya Pradesh,Regular,2026-07-20
14245,Pooja Patel,user14245@example.com,9883177569,31,Female,Kolkata,West Bengal,New,2025-05-19
14246,Varun Singh,user14246@example.com,9725701673,40,Male,Ahmedabad,Gujarat,Premium,2025-12-14
14247,Rohit Joshi,user14247@example.com,9432626881,30,Female,Jaipur,Rajasthan,Regular,2025-09-24
14248,Karan Sinha,user14248@example.com,9205929736,33,Male,Hyderabad,Telangana,New,2025-03-07
14249,Himanshu Mishra,user14249@example.com,9991030490,47,Male,Hyderabad,Telangana,Regular,2026-05-01
14250,Vikas Malhotra,user14250@example.com,9853008809,57,Male,Chennai,Tamil Nadu,Regular,2026-08-11
14251,Akash Yadav,user14251@example.com,9886000161,25,Female,Kanpur,Uttar Pradesh,Premium,2025-03-31
14252,Vikas Gupta,user14252@example.com,9883813799,34,Female,Delhi,Delhi,New,2026-08-09
14253,Aditya Patel,user14253@example.com,9729673303,47,Male,Pune,Maharashtra,Premium,2025-02-06
14254,Ankit Malhotra,user14254@example.com,9194186640,34,Male,Lucknow,Uttar Pradesh,New,2025-11-23
14255,Mohit Joshi,user14255@example.com,9931655324,52,Male,Delhi,Delhi,Regular,2025-10-24
14256,Himanshu Sinha,user14256@example.com,9675984355,18,Female,Patna,Bihar,Regular,2026-08-26
14257,Pooja Bansal,user14257@example.com,9907071408,41,Male,Bengaluru,Karnataka,Regular,2025-10-01
14258,Akash Joshi,user14258@example.com,9225606588,42,Female,Ahmedabad,Gujarat,Regular,2025-03-01
14259,Akash Singh,user14259@example.com,9530918610,19,Female,Indore,Madhya Pradesh,Premium,2025-01-25
14260,Pooja Bansal,user14260@example.com,9142825005,42,Female,Patna,Bihar,Regular,2025-04-28
14261,Ankit Mishra,user14261@example.com,9736868653,31,Male,Dehradun,Uttarakhand,Regular,2025-06-23
14262,Aditi Srivastava,user14262@example.com,9479948925,56,Male,Bhopal,Madhya Pradesh,New,2026-06-03
14263,Ananya Kumar,user14263@example.com,9967736592,50,Male,Bhopal,Madhya Pradesh,New,2025-07-09
14264,Arjun Chauhan,user14264@example.com,9738379585,34,Female,Indore,Madhya Pradesh,New,2025-11-08
14265,Rohan Joshi,user14265@example.com,9482997764,48,Female,Surat,Gujarat,Premium,2026-07-21
14266,Priya Yadav,user14266@example.com,9848340346,27,Male,Indore,Madhya Pradesh,Regular,2025-07-11
14267,Neha Chauhan,user14267@example.com,9900018662,23,Male,Ranchi,Jharkhand,Premium,2026-01-27
14268,Rohit Chauhan,user14268@example.com,9469703861,56,Female,Delhi,Delhi,New,2025-02-13
14269,Rohan Tiwari,user14269@example.com,9669797244,42,Male,Kolkata,West Bengal,Regular,2026-08-24
14270,Sneha Shah,user14270@example.com,9829186415,55,Male,Patna,Bihar,New,2026-03-05
14271,Karan Jain,user14271@example.com,9620240911,54,Female,Ahmedabad,Gujarat,Regular,2025-08-13
14272,Aarav Tiwari,user14272@example.com,9446866256,47,Male,Bengaluru,Karnataka,Regular,2026-06-22
14273,Sneha Joshi,user14273@example.com,9197197301,51,Female,Surat,Gujarat,New,2025-01-27
14274,Ananya Mishra,user14274@example.com,9132848262,35,Female,Mumbai,Maharashtra,Regular,2025-10-27
14275,Arjun Bansal,user14275@example.com,9381635207,41,Female,Gurugram,Haryana,New,2025-10-09
14276,Simran Patel,user14276@example.com,9921885255,44,Male,Chandigarh,Chandigarh,Regular,2026-07-30
14277,Aditi Kapoor,user14277@example.com,9480704607,44,Male,Chandigarh,Chandigarh,Regular,2025-06-09
14278,Mohit Chauhan,user14278@example.com,9879242218,56,Male,Noida,Uttar Pradesh,Regular,2025-08-17
14279,Sneha Shah,user14279@example.com,9286739054,38,Male,Jaipur,Rajasthan,Premium,2025-09-30
14280,Aditya Joshi,user14280@example.com,9614533457,36,Female,Dehradun,Uttarakhand,Regular,2026-02-09
14281,Sahil Srivastava,user14281@example.com,9729254965,56,Female,Mumbai,Maharashtra,Regular,2025-10-29
14282,Yash Sharma,user14282@example.com,9167630155,40,Male,Noida,Uttar Pradesh,Regular,2026-08-10
14283,Aman Verma,user14283@example.com,9469397262,56,Female,Lucknow,Uttar Pradesh,Regular,2026-03-14
14284,Ankit Yadav,user14284@example.com,9507293659,32,Female,Kolkata,West Bengal,New,2025-09-14
14285,Isha Verma,user14285@example.com,9301426422,60,Male,Bengaluru,Karnataka,Regular,2025-01-06
14286,Arjun Kapoor,user14286@example.com,9515997669,19,Male,Ahmedabad,Gujarat,New,2026-02-10
14287,Yash Jain,user14287@example.com,9949315761,52,Male,Bengaluru,Karnataka,New,2025-04-13
14288,Nikhil Jain,user14288@example.com,9257066167,37,Female,Kolkata,West Bengal,New,2026-06-24
14289,Rohan Malhotra,user14289@example.com,9652945118,45,Male,Surat,Gujarat,New,2025-03-08
14290,Ananya Kumar,user14290@example.com,9900641395,32,Female,Bengaluru,Karnataka,New,2026-03-07
14291,Simran Srivastava,user14291@example.com,9247762440,33,Male,Bengaluru,Karnataka,New,2025-12-05
14292,Ankit Kapoor,user14292@example.com,9805962093,50,Female,Dehradun,Uttarakhand,Regular,2025-02-27
14293,Sneha Srivastava,user14293@example.com,9424136850,29,Male,Surat,Gujarat,New,2025-06-05
14294,Aarav Bansal,user14294@example.com,9935946802,56,Female,Surat,Gujarat,New,2025-11-26
14295,Neha Mishra,user14295@example.com,9822572487,56,Female,Ranchi,Jharkhand,Regular,2025-02-11
14296,Simran Mehta,user14296@example.com,9891118049,60,Male,Bhopal,Madhya Pradesh,New,2026-04-10
14297,Kavya Yadav,user14297@example.com,9262433987,37,Female,Kolkata,West Bengal,New,2026-02-26
14298,Rohan Kumar,user14298@example.com,9448688414,46,Female,Pune,Maharashtra,Regular,2026-08-27
14299,Mohit Yadav,user14299@example.com,9996349954,60,Female,Ranchi,Jharkhand,Regular,2025-11-12
14300,Rohan Verma,user14300@example.com,9893690210,20,Male,Chandigarh,Chandigarh,Regular,2025-04-01
14301,Kavya Kapoor,user14301@example.com,9192083538,22,Male,Patna,Bihar,Regular,2025-07-10
14302,Isha Chauhan,user14302@example.com,9902202410,19,Female,Ranchi,Jharkhand,Regular,2026-07-22
14303,Rohan Mishra,user14303@example.com,9285191689,40,Female,Hyderabad,Telangana,Regular,2025-09-28
14304,Himanshu Agarwal,user14304@example.com,9996731787,43,Male,Gurugram,Haryana,Premium,2026-06-22
14305,Aditi Patel,user14305@example.com,9582203421,43,Female,Kanpur,Uttar Pradesh,Regular,2025-05-17
14306,Nikhil Shah,user14306@example.com,9883326557,24,Male,Surat,Gujarat,Regular,2026-02-01
14307,Neha Mishra,user14307@example.com,9821093627,27,Female,Jaipur,Rajasthan,New,2025-05-07
14308,Karan Yadav,user14308@example.com,9709340369,22,Male,Chennai,Tamil Nadu,Regular,2025-10-30
14309,Vikas Mishra,user14309@example.com,9429940695,29,Male,Dehradun,Uttarakhand,New,2026-03-08
14310,Vikas Singh,user14310@example.com,9840675016,49,Male,Patna,Bihar,Regular,2026-04-07
14311,Vivaan Tiwari,user14311@example.com,9691154990,59,Male,Bengaluru,Karnataka,Regular,2025-04-08
14312,Sahil Kapoor,user14312@example.com,9535116119,48,Male,Patna,Bihar,Regular,2026-03-28
14313,Sahil Srivastava,user14313@example.com,9824161598,39,Male,Bhopal,Madhya Pradesh,Premium,2025-01-05
14314,Isha Singh,user14314@example.com,9530323074,34,Male,Surat,Gujarat,Premium,2026-02-01
14315,Isha Jain,user14315@example.com,9388079638,37,Male,Pune,Maharashtra,New,2026-04-16
14316,Arjun Malhotra,user14316@example.com,9882996938,37,Female,Ahmedabad,Gujarat,New,2025-12-26
14317,Pooja Bansal,user14317@example.com,9269679433,60,Male,Dehradun,Uttarakhand,Regular,2025-04-15
14318,Sneha Chauhan,user14318@example.com,9534805553,25,Male,Dehradun,Uttarakhand,Regular,2026-03-17
14319,Mohit Sharma,user14319@example.com,9919997603,51,Female,Chennai,Tamil Nadu,Regular,2025-01-01
14320,Akash Singh,user14320@example.com,9715986811,40,Female,Kanpur,Uttar Pradesh,Regular,2026-05-20
14321,Vivaan Bansal,user14321@example.com,9835898892,55,Female,Bhopal,Madhya Pradesh,Regular,2025-06-02
14322,Sahil Yadav,user14322@example.com,9750565501,45,Male,Kolkata,West Bengal,Premium,2025-09-15
14323,Simran Joshi,user14323@example.com,9546743324,30,Female,Noida,Uttar Pradesh,Regular,2026-01-22
14324,Abhishek Chauhan,user14324@example.com,9849242277,46,Female,Indore,Madhya Pradesh,Regular,2025-09-25
14325,Riya Mehta,user14325@example.com,9192556282,25,Male,Pune,Maharashtra,Regular,2026-02-03
14326,Riya Joshi,user14326@example.com,9541857012,28,Female,Ahmedabad,Gujarat,Regular,2026-01-25
14327,Kavya Kapoor,user14327@example.com,9377736396,35,Male,Noida,Uttar Pradesh,Regular,2025-09-09
14328,Varun Kapoor,user14328@example.com,9639052664,42,Male,Surat,Gujarat,Regular,2026-08-11
14329,Karan Bansal,user14329@example.com,9620229209,39,Male,Indore,Madhya Pradesh,Premium,2025-03-20
14330,Varun Kapoor,user14330@example.com,9947360723,52,Female,Mumbai,Maharashtra,Regular,2025-11-02
14331,Aarav Mehta,user14331@example.com,9272510867,46,Male,Chennai,Tamil Nadu,Regular,2026-02-07
14332,Yash Tiwari,user14332@example.com,9347039053,38,Male,Surat,Gujarat,Regular,2025-10-20
14333,Himanshu Yadav,user14333@example.com,9323958380,24,Male,Patna,Bihar,Regular,2026-04-08
14334,Mohit Joshi,user14334@example.com,9988579085,29,Male,Jaipur,Rajasthan,New,2025-06-19
14335,Rahul Kapoor,user14335@example.com,9654317103,53,Male,Surat,Gujarat,Regular,2025-09-29
14336,Vikas Agarwal,user14336@example.com,9195041932,41,Male,Gurugram,Haryana,Regular,2025-08-02
14337,Isha Chauhan,user14337@example.com,9763642903,49,Male,Jaipur,Rajasthan,Regular,2026-03-22
14338,Karan Gupta,user14338@example.com,9378507598,44,Female,Bengaluru,Karnataka,Regular,2025-12-04
14339,Nikhil Joshi,user14339@example.com,9278300658,49,Male,Bengaluru,Karnataka,Regular,2025-06-24
14340,Rohit Jain,user14340@example.com,9935909025,49,Male,Bengaluru,Karnataka,Premium,2025-10-08
14341,Kavya Yadav,user14341@example.com,9239650289,49,Male,Ahmedabad,Gujarat,New,2025-09-30
14342,Pooja Mehta,user14342@example.com,9937243954,43,Male,Bengaluru,Karnataka,New,2025-01-21
14343,Sahil Chauhan,user14343@example.com,9590693351,28,Male,Kolkata,West Bengal,Regular,2025-01-24
14344,Isha Mishra,user14344@example.com,9417013762,35,Male,Bhopal,Madhya Pradesh,Regular,2025-10-21
14345,Priya Srivastava,user14345@example.com,9311634559,56,Female,Bengaluru,Karnataka,Regular,2025-03-11
14346,Sahil Joshi,user14346@example.com,9693371510,22,Male,Chennai,Tamil Nadu,New,2025-10-06
14347,Rahul Shah,user14347@example.com,9105727961,33,Male,Pune,Maharashtra,Regular,2025-10-03
14348,Nikhil Kumar,user14348@example.com,9368114125,28,Male,Dehradun,Uttarakhand,Regular,2026-01-11
14349,Neha Srivastava,user14349@example.com,9417181753,52,Female,Lucknow,Uttar Pradesh,Regular,2025-04-28
14350,Ankit Yadav,user14350@example.com,9754322152,28,Female,Chandigarh,Chandigarh,Regular,2025-06-29
14351,Ananya Mishra,user14351@example.com,9793979079,59,Male,Lucknow,Uttar Pradesh,Regular,2026-04-06
14352,Rahul Verma,user14352@example.com,9655963702,40,Male,Jaipur,Rajasthan,Regular,2025-06-03
14353,Sahil Malhotra,user14353@example.com,9478526327,51,Female,Lucknow,Uttar Pradesh,Regular,2025-08-24
14354,Riya Kumar,user14354@example.com,9528008015,34,Male,Indore,Madhya Pradesh,Regular,2026-07-20
14355,Ankit Gupta,user14355@example.com,9371275049,27,Male,Mumbai,Maharashtra,Premium,2026-06-15
14356,Pooja Joshi,user14356@example.com,9498766612,35,Male,Noida,Uttar Pradesh,Premium,2026-01-18
14357,Neeraj Sharma,user14357@example.com,9401091337,25,Female,Kolkata,West Bengal,Regular,2026-02-08
14358,Aditya Bansal,user14358@example.com,9172158008,43,Female,Bhopal,Madhya Pradesh,New,2025-03-21
14359,Varun Srivastava,user14359@example.com,9737478040,20,Female,Jaipur,Rajasthan,New,2025-07-30
14360,Rohan Agarwal,user14360@example.com,9864482853,41,Female,Mumbai,Maharashtra,Regular,2025-06-10
14361,Rohan Tiwari,user14361@example.com,9256463701,20,Male,Chennai,Tamil Nadu,Regular,2025-04-26
14362,Aman Gupta,user14362@example.com,9669294960,55,Male,Bengaluru,Karnataka,Regular,2025-10-03
14363,Aditya Malhotra,user14363@example.com,9466628540,19,Male,Bhopal,Madhya Pradesh,Regular,2025-08-25
14364,Aditi Yadav,user14364@example.com,9597325230,52,Female,Gurugram,Haryana,Regular,2026-01-11
14365,Sahil Verma,user14365@example.com,9153126965,34,Female,Ahmedabad,Gujarat,Premium,2025-11-30
14366,Rohan Jain,user14366@example.com,9674616877,26,Male,Ranchi,Jharkhand,Regular,2025-10-10
14367,Rahul Shah,user14367@example.com,9976349379,53,Male,Dehradun,Uttarakhand,New,2025-12-15
14368,Isha Bansal,user14368@example.com,9276223747,39,Male,Delhi,Delhi,Regular,2025-06-26
14369,Abhishek Malhotra,user14369@example.com,9861041629,48,Female,Chennai,Tamil Nadu,Regular,2026-01-30
14370,Ananya Sharma,user14370@example.com,9861350081,51,Male,Chennai,Tamil Nadu,Premium,2025-09-02
14371,Aditi Patel,user14371@example.com,9881266090,41,Male,Noida,Uttar Pradesh,Regular,2026-04-19
14372,Karan Joshi,user14372@example.com,9186047037,26,Male,Hyderabad,Telangana,Regular,2025-11-30
14373,Akash Joshi,user14373@example.com,9154645731,60,Male,Chandigarh,Chandigarh,Regular,2026-07-26
14374,Yash Gupta,user14374@example.com,9705501652,19,Female,Ranchi,Jharkhand,Regular,2026-01-19
14375,Kavya Yadav,user14375@example.com,9339485180,38,Female,Indore,Madhya Pradesh,Regular,2026-01-26
14376,Aarav Srivastava,user14376@example.com,9868139387,51,Female,Kanpur,Uttar Pradesh,New,2025-12-14
14377,Rohit Tiwari,user14377@example.com,9901260143,44,Female,Ahmedabad,Gujarat,Regular,2026-05-25
14378,Akash Kumar,user14378@example.com,9595291476,54,Male,Bengaluru,Karnataka,New,2026-01-03
14379,Himanshu Malhotra,user14379@example.com,9685594371,24,Female,Dehradun,Uttarakhand,Regular,2025-11-06
14380,Mohit Patel,user14380@example.com,9100396605,39,Male,Patna,Bihar,Regular,2025-02-11
14381,Nikhil Kapoor,user14381@example.com,9524791385,21,Female,Chennai,Tamil Nadu,New,2026-07-15
14382,Rohit Bansal,user14382@example.com,9543672183,31,Male,Patna,Bihar,Regular,2025-10-19
14383,Aditi Sharma,user14383@example.com,9887752178,51,Female,Patna,Bihar,Regular,2025-11-04
14384,Kavya Mishra,user14384@example.com,9948890753,40,Male,Pune,Maharashtra,Regular,2026-03-13
14385,Nikhil Patel,user14385@example.com,9641664392,59,Male,Chandigarh,Chandigarh,New,2025-08-20
14386,Karan Agarwal,user14386@example.com,9904430264,42,Female,Dehradun,Uttarakhand,Regular,2026-05-07
14387,Isha Patel,user14387@example.com,9690940204,18,Female,Hyderabad,Telangana,New,2026-08-16
14388,Riya Mehta,user14388@example.com,9385145967,32,Male,Bengaluru,Karnataka,New,2025-04-14
14389,Himanshu Singh,user14389@example.com,9887648175,49,Male,Surat,Gujarat,Regular,2026-08-09
14390,Simran Kapoor,user14390@example.com,9879686904,31,Female,Indore,Madhya Pradesh,New,2026-03-12
14391,Akash Kumar,user14391@example.com,9230826793,58,Female,Chandigarh,Chandigarh,Premium,2025-05-24
14392,Kavya Jain,user14392@example.com,9482374696,38,Male,Ranchi,Jharkhand,New,2026-05-14
14393,Aditi Joshi,user14393@example.com,9846304458,24,Female,Hyderabad,Telangana,Regular,2025-12-22
14394,Simran Agarwal,user14394@example.com,9406709592,53,Male,Ahmedabad,Gujarat,Regular,2026-06-23
14395,Abhishek Gupta,user14395@example.com,9863267801,38,Male,Ahmedabad,Gujarat,Premium,2026-03-22
14396,Yash Malhotra,user14396@example.com,9947739900,57,Female,Mumbai,Maharashtra,Regular,2025-05-22
14397,Nikhil Jain,user14397@example.com,9518864057,29,Male,Kanpur,Uttar Pradesh,Premium,2025-09-01
14398,Akash Verma,user14398@example.com,9783457763,32,Male,Pune,Maharashtra,Premium,2025-08-15
14399,Nikhil Bansal,user14399@example.com,9439814185,32,Male,Gurugram,Haryana,New,2026-01-09
14400,Neeraj Sharma,user14400@example.com,9317220386,34,Male,Ranchi,Jharkhand,Regular,2025-07-22
14401,Sneha Patel,user14401@example.com,9406826661,51,Male,Indore,Madhya Pradesh,New,2025-10-20
14402,Sneha Agarwal,user14402@example.com,9297536808,52,Male,Ranchi,Jharkhand,Regular,2025-07-15
14403,Karan Verma,user14403@example.com,9751026530,56,Male,Pune,Maharashtra,Regular,2025-11-11
14404,Aman Jain,user14404@example.com,9427212337,55,Male,Lucknow,Uttar Pradesh,New,2025-07-26
14405,Aman Verma,user14405@example.com,9453311591,31,Male,Bengaluru,Karnataka,Regular,2025-04-26
14406,Priya Sinha,user14406@example.com,9999016135,22,Male,Chandigarh,Chandigarh,New,2025-07-27
14407,Simran Mehta,user14407@example.com,9884668238,47,Female,Chandigarh,Chandigarh,Regular,2026-03-09
14408,Vikas Mehta,user14408@example.com,9870978092,21,Male,Dehradun,Uttarakhand,New,2026-08-18
14409,Arjun Shah,user14409@example.com,9363046342,32,Male,Dehradun,Uttarakhand,Regular,2025-11-22
14410,Neha Singh,user14410@example.com,9752342930,56,Female,Jaipur,Rajasthan,New,2025-03-09
14411,Mohit Malhotra,user14411@example.com,9142488295,52,Female,Mumbai,Maharashtra,New,2025-10-14
14412,Riya Mishra,user14412@example.com,9266067305,27,Female,Kanpur,Uttar Pradesh,Regular,2025-12-01
14413,Mohit Chauhan,user14413@example.com,9585447056,19,Male,Chandigarh,Chandigarh,New,2026-07-16
14414,Isha Sharma,user14414@example.com,9887766976,41,Female,Bhopal,Madhya Pradesh,Regular,2025-07-29
14415,Akash Malhotra,user14415@example.com,9815842540,45,Male,Lucknow,Uttar Pradesh,Premium,2025-03-13
14416,Varun Sharma,user14416@example.com,9716456668,39,Male,Pune,Maharashtra,New,2026-01-21
14417,Vikas Mehta,user14417@example.com,9911285580,49,Male,Bengaluru,Karnataka,Regular,2025-12-16
14418,Rohan Kumar,user14418@example.com,9556873271,48,Male,Chandigarh,Chandigarh,New,2026-06-24
14419,Himanshu Joshi,user14419@example.com,9230737263,36,Male,Mumbai,Maharashtra,New,2025-12-16
14420,Nikhil Tiwari,user14420@example.com,9357768284,38,Female,Mumbai,Maharashtra,New,2025-07-05
14421,Mohit Patel,user14421@example.com,9835505192,20,Female,Gurugram,Haryana,Premium,2025-04-21
14422,Pooja Gupta,user14422@example.com,9713107369,23,Male,Gurugram,Haryana,New,2025-09-06
14423,Rohan Jain,user14423@example.com,9341156613,49,Male,Chandigarh,Chandigarh,Premium,2026-08-19
14424,Abhishek Patel,user14424@example.com,9557655492,19,Male,Noida,Uttar Pradesh,Premium,2025-10-09
14425,Varun Agarwal,user14425@example.com,9455862986,41,Male,Ranchi,Jharkhand,Regular,2025-01-08
14426,Aman Kapoor,user14426@example.com,9676814920,44,Female,Mumbai,Maharashtra,Regular,2025-01-18
14427,Neha Gupta,user14427@example.com,9290468325,26,Female,Bengaluru,Karnataka,Regular,2026-08-04
14428,Mohit Gupta,user14428@example.com,9337692071,30,Female,Bengaluru,Karnataka,Regular,2025-07-03
14429,Ankit Jain,user14429@example.com,9350916648,31,Female,Mumbai,Maharashtra,New,2025-12-15
14430,Yash Joshi,user14430@example.com,9357146632,28,Male,Bhopal,Madhya Pradesh,Regular,2025-12-31
14431,Aditya Shah,user14431@example.com,9870553863,31,Male,Gurugram,Haryana,Regular,2026-07-23
14432,Vivaan Agarwal,user14432@example.com,9381077689,33,Male,Chennai,Tamil Nadu,Regular,2025-04-18
14433,Aman Sharma,user14433@example.com,9417953383,27,Male,Gurugram,Haryana,New,2025-06-11
14434,Sneha Chauhan,user14434@example.com,9900106690,37,Female,Ahmedabad,Gujarat,New,2026-07-28
14435,Ananya Srivastava,user14435@example.com,9336117260,33,Male,Dehradun,Uttarakhand,Premium,2026-04-26
14436,Pooja Shah,user14436@example.com,9271576338,51,Male,Jaipur,Rajasthan,New,2025-10-14
14437,Aditi Joshi,user14437@example.com,9294484577,33,Female,Surat,Gujarat,Regular,2025-03-04
14438,Rahul Malhotra,user14438@example.com,9948619359,31,Female,Hyderabad,Telangana,New,2026-03-30
14439,Abhishek Sharma,user14439@example.com,9949105968,45,Male,Surat,Gujarat,Regular,2025-07-30
14440,Nikhil Yadav,user14440@example.com,9876171983,35,Female,Pune,Maharashtra,Premium,2026-03-10
14441,Karan Gupta,user14441@example.com,9589896291,43,Male,Lucknow,Uttar Pradesh,New,2025-09-22
14442,Pooja Kumar,user14442@example.com,9107314257,55,Male,Chandigarh,Chandigarh,New,2025-03-07
14443,Aditi Joshi,user14443@example.com,9817128653,24,Male,Chandigarh,Chandigarh,Regular,2026-07-08
14444,Neha Sinha,user14444@example.com,9749352349,51,Male,Chennai,Tamil Nadu,New,2025-07-22
14445,Yash Mehta,user14445@example.com,9946372929,24,Female,Indore,Madhya Pradesh,Regular,2025-04-08
14446,Ananya Kumar,user14446@example.com,9146536652,50,Male,Dehradun,Uttarakhand,Regular,2026-07-08
14447,Ankit Mehta,user14447@example.com,9890530906,52,Female,Surat,Gujarat,New,2025-10-31
14448,Himanshu Malhotra,user14448@example.com,9606069562,56,Female,Surat,Gujarat,Regular,2025-10-24
14449,Sneha Patel,user14449@example.com,9547622964,38,Male,Chandigarh,Chandigarh,Regular,2025-10-22
14450,Pooja Verma,user14450@example.com,9719512115,45,Female,Dehradun,Uttarakhand,Regular,2025-01-08
14451,Mohit Tiwari,user14451@example.com,9539807312,49,Male,Lucknow,Uttar Pradesh,Regular,2026-08-13
14452,Priya Singh,user14452@example.com,9187363230,33,Male,Delhi,Delhi,Regular,2025-09-17
14453,Riya Shah,user14453@example.com,9664896526,27,Female,Delhi,Delhi,Regular,2026-03-01
14454,Aman Kumar,user14454@example.com,9856941565,40,Female,Patna,Bihar,Regular,2025-10-19
14455,Kavya Mishra,user14455@example.com,9252694163,32,Male,Chandigarh,Chandigarh,New,2026-05-23
14456,Yash Srivastava,user14456@example.com,9276221969,60,Female,Dehradun,Uttarakhand,New,2026-04-19
14457,Rahul Mehta,user14457@example.com,9626720567,23,Male,Bengaluru,Karnataka,Regular,2025-04-15
14458,Isha Tiwari,user14458@example.com,9492380234,50,Female,Indore,Madhya Pradesh,Regular,2026-08-24
14459,Vikas Kumar,user14459@example.com,9303339871,56,Male,Chandigarh,Chandigarh,Regular,2026-04-11
14460,Neha Verma,user14460@example.com,9131831002,29,Male,Bhopal,Madhya Pradesh,New,2025-05-25
14461,Kavya Sinha,user14461@example.com,9664535140,53,Male,Bengaluru,Karnataka,Regular,2025-04-07
14462,Simran Jain,user14462@example.com,9770342572,48,Male,Bengaluru,Karnataka,Regular,2025-07-23
14463,Nikhil Bansal,user14463@example.com,9555983643,27,Female,Patna,Bihar,Regular,2026-08-02
14464,Ananya Kapoor,user14464@example.com,9628965425,51,Female,Chandigarh,Chandigarh,New,2025-01-21
14465,Rohit Patel,user14465@example.com,9625436929,58,Male,Pune,Maharashtra,Regular,2025-07-08
14466,Ananya Malhotra,user14466@example.com,9238136787,27,Male,Jaipur,Rajasthan,Regular,2026-01-31
14467,Karan Patel,user14467@example.com,9393245507,28,Male,Dehradun,Uttarakhand,New,2026-02-14
14468,Kavya Patel,user14468@example.com,9726394751,31,Male,Ranchi,Jharkhand,Regular,2025-08-25
14469,Yash Bansal,user14469@example.com,9620264012,20,Female,Noida,Uttar Pradesh,Regular,2025-11-14
14470,Neeraj Jain,user14470@example.com,9753190167,50,Female,Indore,Madhya Pradesh,Regular,2026-02-11
14471,Rohit Shah,user14471@example.com,9805507068,24,Female,Dehradun,Uttarakhand,Regular,2025-03-23
14472,Rohan Chauhan,user14472@example.com,9512236517,21,Male,Pune,Maharashtra,Regular,2025-01-25
14473,Rahul Shah,user14473@example.com,9111198969,56,Male,Chandigarh,Chandigarh,New,2025-05-07
14474,Abhishek Yadav,user14474@example.com,9368016615,27,Male,Indore,Madhya Pradesh,New,2026-04-23
14475,Vivaan Mehta,user14475@example.com,9650784175,32,Female,Bhopal,Madhya Pradesh,Regular,2025-07-26
14476,Ankit Verma,user14476@example.com,9480045174,33,Female,Indore,Madhya Pradesh,New,2025-10-27
14477,Ananya Yadav,user14477@example.com,9541221852,55,Male,Chandigarh,Chandigarh,Regular,2026-02-23
14478,Karan Patel,user14478@example.com,9259796665,21,Male,Kolkata,West Bengal,Regular,2025-11-02
14479,Aarav Sharma,user14479@example.com,9254046977,21,Female,Ranchi,Jharkhand,New,2026-08-03
14480,Kavya Malhotra,user14480@example.com,9175443070,53,Female,Dehradun,Uttarakhand,Regular,2026-08-09
14481,Ananya Shah,user14481@example.com,9339964520,44,Female,Bengaluru,Karnataka,Regular,2025-03-20
14482,Mohit Sinha,user14482@example.com,9611994129,39,Male,Kanpur,Uttar Pradesh,New,2026-02-21
14483,Vivaan Sinha,user14483@example.com,9559978928,39,Female,Surat,Gujarat,Regular,2025-11-27
14484,Abhishek Chauhan,user14484@example.com,9992964103,34,Male,Patna,Bihar,Premium,2025-02-14
14485,Rohan Shah,user14485@example.com,9388469518,51,Female,Hyderabad,Telangana,Regular,2025-02-08
14486,Neha Kumar,user14486@example.com,9340443368,49,Female,Surat,Gujarat,Regular,2026-01-21
14487,Akash Mishra,user14487@example.com,9741407888,23,Female,Chennai,Tamil Nadu,New,2026-07-15
14488,Ananya Sharma,user14488@example.com,9870142486,50,Female,Ahmedabad,Gujarat,New,2026-06-26
14489,Aditi Srivastava,user14489@example.com,9371088837,25,Male,Surat,Gujarat,New,2026-01-16
14490,Isha Joshi,user14490@example.com,9677471836,53,Male,Delhi,Delhi,Regular,2026-05-17
14491,Rohit Bansal,user14491@example.com,9918034586,22,Male,Surat,Gujarat,Regular,2025-01-25
14492,Sneha Malhotra,user14492@example.com,9160368292,22,Male,Hyderabad,Telangana,New,2025-11-03
14493,Rohan Verma,user14493@example.com,9468053552,27,Male,Patna,Bihar,Regular,2026-07-30
14494,Ananya Kapoor,user14494@example.com,9459954495,57,Male,Delhi,Delhi,New,2025-12-12
14495,Pooja Srivastava,user14495@example.com,9228360737,24,Female,Ahmedabad,Gujarat,New,2026-08-11
14496,Simran Patel,user14496@example.com,9790268177,29,Male,Gurugram,Haryana,Regular,2025-04-08
14497,Aditya Srivastava,user14497@example.com,9780017983,47,Female,Kolkata,West Bengal,Regular,2025-10-31
14498,Kavya Bansal,user14498@example.com,9441328201,42,Female,Noida,Uttar Pradesh,Regular,2026-07-30
14499,Aman Sinha,user14499@example.com,9878958693,45,Male,Ranchi,Jharkhand,Regular,2026-03-09
14500,Yash Kumar,user14500@example.com,9941664427,60,Male,Hyderabad,Telangana,Regular,2026-08-21
14501,Vivaan Patel,user14501@example.com,9574958864,30,Male,Patna,Bihar,Premium,2025-02-28
14502,Akash Joshi,user14502@example.com,9351718074,39,Female,Ahmedabad,Gujarat,Premium,2025-02-13
14503,Mohit Kumar,user14503@example.com,9625942924,35,Female,Delhi,Delhi,Regular,2025-04-04
14504,Mohit Jain,user14504@example.com,9561092147,44,Male,Chandigarh,Chandigarh,Premium,2025-10-22
14505,Aditi Singh,user14505@example.com,9644084411,25,Female,Bhopal,Madhya Pradesh,Regular,2025-09-30
14506,Akash Shah,user14506@example.com,9895277807,23,Male,Bengaluru,Karnataka,Regular,2026-07-05
14507,Kavya Verma,user14507@example.com,9962341545,28,Female,Bengaluru,Karnataka,Regular,2025-03-19
14508,Himanshu Chauhan,user14508@example.com,9645101274,46,Male,Ahmedabad,Gujarat,Regular,2025-04-21
14509,Aditya Sinha,user14509@example.com,9768831551,58,Female,Delhi,Delhi,Regular,2025-07-18
14510,Yash Yadav,user14510@example.com,9846460404,22,Female,Kolkata,West Bengal,New,2025-12-11
14511,Abhishek Sinha,user14511@example.com,9374130721,24,Female,Bengaluru,Karnataka,Regular,2026-06-12
14512,Sahil Verma,user14512@example.com,9598159966,39,Male,Chennai,Tamil Nadu,Regular,2025-02-20
14513,Mohit Chauhan,user14513@example.com,9445133654,21,Male,Kanpur,Uttar Pradesh,Regular,2025-05-07
14514,Kavya Singh,user14514@example.com,9763655110,49,Female,Kolkata,West Bengal,New,2026-03-14
14515,Kavya Sharma,user14515@example.com,9330660031,36,Male,Pune,Maharashtra,New,2025-06-30
14516,Aditi Joshi,user14516@example.com,9696964512,50,Male,Kolkata,West Bengal,New,2026-08-26
14517,Kavya Sinha,user14517@example.com,9907574667,18,Female,Dehradun,Uttarakhand,Regular,2026-04-01
14518,Akash Yadav,user14518@example.com,9336023276,58,Male,Delhi,Delhi,New,2025-09-06
14519,Arjun Tiwari,user14519@example.com,9858550034,58,Male,Bengaluru,Karnataka,Regular,2025-12-20
14520,Isha Gupta,user14520@example.com,9318997128,25,Female,Mumbai,Maharashtra,New,2026-08-24
14521,Himanshu Kumar,user14521@example.com,9309249097,49,Male,Indore,Madhya Pradesh,New,2026-04-19
14522,Ankit Yadav,user14522@example.com,9187673232,47,Male,Mumbai,Maharashtra,Regular,2025-08-11
14523,Aman Kumar,user14523@example.com,9619219943,45,Female,Jaipur,Rajasthan,Premium,2026-05-02
14524,Aman Kumar,user14524@example.com,9296932902,58,Female,Chandigarh,Chandigarh,New,2026-06-17
14525,Kavya Singh,user14525@example.com,9131148937,49,Male,Kanpur,Uttar Pradesh,Regular,2026-03-17
14526,Vikas Mishra,user14526@example.com,9790099211,42,Female,Bengaluru,Karnataka,New,2025-12-14
14527,Aditi Kapoor,user14527@example.com,9227394782,51,Female,Hyderabad,Telangana,New,2025-10-19
14528,Varun Mishra,user14528@example.com,9782189838,50,Male,Dehradun,Uttarakhand,Regular,2026-05-01
14529,Vivaan Tiwari,user14529@example.com,9571261211,30,Male,Gurugram,Haryana,Regular,2025-05-30
14530,Arjun Yadav,user14530@example.com,9595665539,42,Male,Kanpur,Uttar Pradesh,Regular,2025-09-18
14531,Rahul Sharma,user14531@example.com,9902632995,59,Female,Kolkata,West Bengal,Regular,2026-03-11
14532,Akash Sharma,user14532@example.com,9998908992,57,Female,Dehradun,Uttarakhand,Premium,2026-01-10
14533,Karan Sinha,user14533@example.com,9171082233,56,Male,Kanpur,Uttar Pradesh,New,2025-07-24
14534,Karan Kumar,user14534@example.com,9381323499,27,Female,Noida,Uttar Pradesh,New,2025-07-04
14535,Ananya Agarwal,user14535@example.com,9507479800,48,Female,Bengaluru,Karnataka,New,2026-08-26
14536,Mohit Sinha,user14536@example.com,9933507425,28,Male,Kanpur,Uttar Pradesh,Regular,2025-12-20
14537,Priya Singh,user14537@example.com,9740141102,42,Female,Pune,Maharashtra,New,2026-03-28
14538,Karan Kumar,user14538@example.com,9176064080,51,Male,Dehradun,Uttarakhand,New,2025-05-21
14539,Neeraj Chauhan,user14539@example.com,9670422310,37,Female,Mumbai,Maharashtra,Regular,2026-05-04
14540,Aditya Sharma,user14540@example.com,9725224741,24,Male,Kanpur,Uttar Pradesh,New,2026-03-09
14541,Abhishek Kumar,user14541@example.com,9890832427,50,Female,Mumbai,Maharashtra,New,2026-06-30
14542,Priya Jain,user14542@example.com,9549013938,52,Female,Noida,Uttar Pradesh,New,2025-05-29
14543,Neeraj Srivastava,user14543@example.com,9488099680,46,Male,Mumbai,Maharashtra,New,2026-01-30
14544,Neeraj Patel,user14544@example.com,9965338235,29,Female,Jaipur,Rajasthan,Regular,2026-03-14
14545,Varun Tiwari,user14545@example.com,9622081748,22,Female,Kanpur,Uttar Pradesh,Regular,2025-04-09
14546,Aman Mehta,user14546@example.com,9689612313,29,Female,Surat,Gujarat,New,2026-07-18
14547,Nikhil Srivastava,user14547@example.com,9261928355,46,Female,Lucknow,Uttar Pradesh,New,2025-10-24
14548,Karan Tiwari,user14548@example.com,9259666628,52,Male,Dehradun,Uttarakhand,Regular,2025-04-23
14549,Nikhil Sinha,user14549@example.com,9958001504,37,Female,Kolkata,West Bengal,Regular,2025-03-25
14550,Abhishek Verma,user14550@example.com,9704782336,54,Female,Lucknow,Uttar Pradesh,Regular,2025-08-27
14551,Yash Singh,user14551@example.com,9982923828,18,Female,Chandigarh,Chandigarh,Regular,2025-03-20
14552,Nikhil Kapoor,user14552@example.com,9818561541,33,Female,Surat,Gujarat,New,2025-07-19
14553,Ankit Patel,user14553@example.com,9406825508,47,Male,Dehradun,Uttarakhand,Premium,2025-09-26
14554,Rohan Verma,user14554@example.com,9999532545,26,Male,Hyderabad,Telangana,Regular,2025-09-04
14555,Akash Shah,user14555@example.com,9433572340,59,Male,Lucknow,Uttar Pradesh,New,2025-10-20
14556,Akash Tiwari,user14556@example.com,9147470842,27,Female,Bhopal,Madhya Pradesh,Regular,2026-04-23
14557,Mohit Agarwal,user14557@example.com,9968499780,30,Female,Kanpur,Uttar Pradesh,Regular,2025-04-24
14558,Sahil Chauhan,user14558@example.com,9654017753,37,Female,Gurugram,Haryana,New,2025-05-30
14559,Himanshu Jain,user14559@example.com,9120111282,46,Male,Bhopal,Madhya Pradesh,Premium,2025-05-16
14560,Rohan Mehta,user14560@example.com,9367295220,21,Female,Bengaluru,Karnataka,Premium,2026-08-14
14561,Rohit Srivastava,user14561@example.com,9888009646,45,Female,Delhi,Delhi,New,2025-07-26
14562,Isha Tiwari,user14562@example.com,9250400780,54,Female,Chennai,Tamil Nadu,Regular,2025-03-11
14563,Aarav Chauhan,user14563@example.com,9470953281,30,Male,Indore,Madhya Pradesh,Regular,2026-05-09
14564,Akash Patel,user14564@example.com,9215019578,20,Female,Ranchi,Jharkhand,New,2026-06-10
14565,Arjun Gupta,user14565@example.com,9916005955,54,Female,Bengaluru,Karnataka,Regular,2025-07-17
14566,Priya Mishra,user14566@example.com,9614362074,36,Female,Delhi,Delhi,Regular,2026-07-18
14567,Rahul Jain,user14567@example.com,9675354353,45,Female,Ahmedabad,Gujarat,Regular,2025-01-30
14568,Yash Bansal,user14568@example.com,9301483636,36,Female,Bengaluru,Karnataka,Regular,2026-08-05
14569,Sneha Yadav,user14569@example.com,9189757961,34,Male,Ranchi,Jharkhand,Regular,2025-02-12
14570,Isha Patel,user14570@example.com,9514443148,35,Male,Indore,Madhya Pradesh,Premium,2025-11-20
14571,Pooja Joshi,user14571@example.com,9713363947,35,Female,Lucknow,Uttar Pradesh,Regular,2025-12-24
14572,Rohan Verma,user14572@example.com,9204790913,40,Male,Mumbai,Maharashtra,Premium,2025-06-02
14573,Himanshu Agarwal,user14573@example.com,9980382169,57,Male,Ahmedabad,Gujarat,New,2025-10-13
14574,Akash Kapoor,user14574@example.com,9153499406,26,Male,Hyderabad,Telangana,New,2025-09-08
14575,Simran Jain,user14575@example.com,9898484269,46,Female,Patna,Bihar,New,2025-05-09
14576,Aditi Yadav,user14576@example.com,9437550776,59,Female,Ranchi,Jharkhand,Regular,2025-03-25
14577,Rohan Sharma,user14577@example.com,9358690697,46,Male,Ahmedabad,Gujarat,New,2025-03-24
14578,Aarav Kumar,user14578@example.com,9563451541,19,Female,Bhopal,Madhya Pradesh,Regular,2025-08-23
14579,Rohan Patel,user14579@example.com,9975650791,34,Female,Chandigarh,Chandigarh,Regular,2025-12-30
14580,Neha Kapoor,user14580@example.com,9894898008,48,Male,Noida,Uttar Pradesh,New,2025-07-10
14581,Sneha Shah,user14581@example.com,9756387022,45,Male,Gurugram,Haryana,Regular,2025-10-09
14582,Ankit Verma,user14582@example.com,9276108108,60,Female,Chennai,Tamil Nadu,Premium,2026-03-24
14583,Vikas Mehta,user14583@example.com,9211429255,56,Female,Hyderabad,Telangana,Regular,2025-11-08
14584,Mohit Bansal,user14584@example.com,9188572820,47,Male,Surat,Gujarat,New,2026-03-28
14585,Aditya Mehta,user14585@example.com,9834746068,52,Male,Bengaluru,Karnataka,Premium,2026-02-13
14586,Arjun Bansal,user14586@example.com,9707019925,37,Male,Chennai,Tamil Nadu,Regular,2026-05-21
14587,Arjun Yadav,user14587@example.com,9968820077,33,Male,Kanpur,Uttar Pradesh,Regular,2026-05-20
14588,Riya Srivastava,user14588@example.com,9692824108,51,Male,Gurugram,Haryana,Regular,2025-12-20
14589,Pooja Jain,user14589@example.com,9465283418,31,Female,Jaipur,Rajasthan,Regular,2025-02-02
14590,Sahil Srivastava,user14590@example.com,9222603377,43,Female,Gurugram,Haryana,Premium,2025-03-04
14591,Isha Mishra,user14591@example.com,9294334613,37,Female,Ranchi,Jharkhand,New,2026-03-06
14592,Neeraj Joshi,user14592@example.com,9552758941,59,Male,Dehradun,Uttarakhand,New,2025-06-26
14593,Himanshu Malhotra,user14593@example.com,9182006717,41,Female,Patna,Bihar,Premium,2025-12-09
14594,Rahul Malhotra,user14594@example.com,9897173832,60,Male,Gurugram,Haryana,New,2025-04-09
14595,Rohan Sharma,user14595@example.com,9718187436,35,Male,Ahmedabad,Gujarat,Premium,2026-01-31
14596,Sneha Joshi,user14596@example.com,9650493730,60,Female,Hyderabad,Telangana,Regular,2025-05-04
14597,Nikhil Singh,user14597@example.com,9989368196,26,Female,Ahmedabad,Gujarat,Regular,2026-05-22
14598,Aarav Singh,user14598@example.com,9799632922,36,Male,Patna,Bihar,New,2026-05-07
14599,Mohit Singh,user14599@example.com,9645613304,37,Female,Noida,Uttar Pradesh,Premium,2025-07-31
14600,Vivaan Malhotra,user14600@example.com,9121181637,59,Female,Indore,Madhya Pradesh,Regular,2025-09-05
14601,Rohan Verma,user14601@example.com,9134610109,47,Male,Surat,Gujarat,Premium,2025-08-22
14602,Ankit Srivastava,user14602@example.com,9137098119,43,Female,Ahmedabad,Gujarat,Regular,2026-05-30
14603,Simran Singh,user14603@example.com,9694027255,48,Female,Lucknow,Uttar Pradesh,New,2026-02-11
14604,Aditi Kumar,user14604@example.com,9640679014,52,Female,Ranchi,Jharkhand,Regular,2026-06-04
14605,Sahil Tiwari,user14605@example.com,9690908756,20,Male,Ranchi,Jharkhand,Regular,2026-05-28
14606,Vivaan Mishra,user14606@example.com,9391298961,57,Male,Delhi,Delhi,Regular,2025-04-02
14607,Rohan Kumar,user14607@example.com,9427402829,46,Male,Noida,Uttar Pradesh,Premium,2026-05-31
14608,Varun Tiwari,user14608@example.com,9983091598,23,Male,Gurugram,Haryana,Regular,2025-02-08
14609,Pooja Singh,user14609@example.com,9449763305,18,Female,Surat,Gujarat,Regular,2026-06-16
14610,Ankit Agarwal,user14610@example.com,9313634457,41,Male,Dehradun,Uttarakhand,Premium,2025-04-25
14611,Vivaan Jain,user14611@example.com,9909149364,55,Female,Surat,Gujarat,New,2026-02-14
14612,Rohan Kumar,user14612@example.com,9733862187,51,Male,Delhi,Delhi,Premium,2026-01-27
14613,Arjun Joshi,user14613@example.com,9248219935,24,Female,Surat,Gujarat,Regular,2026-01-13
14614,Ankit Mehta,user14614@example.com,9115517414,28,Male,Mumbai,Maharashtra,Regular,2026-06-30
14615,Simran Mishra,user14615@example.com,9513016091,28,Male,Patna,Bihar,New,2025-04-25
14616,Vivaan Bansal,user14616@example.com,9115866875,53,Female,Bhopal,Madhya Pradesh,Regular,2025-04-30
14617,Simran Singh,user14617@example.com,9715647654,37,Male,Surat,Gujarat,New,2026-05-09
14618,Nikhil Gupta,user14618@example.com,9838607263,33,Male,Patna,Bihar,Premium,2025-05-03
14619,Rohan Singh,user14619@example.com,9609758284,22,Male,Bhopal,Madhya Pradesh,Regular,2026-03-07
14620,Sahil Singh,user14620@example.com,9833074638,41,Male,Jaipur,Rajasthan,New,2025-11-25
14621,Rahul Malhotra,user14621@example.com,9381710609,47,Female,Mumbai,Maharashtra,Premium,2026-03-21
14622,Akash Chauhan,user14622@example.com,9455808358,47,Female,Dehradun,Uttarakhand,Regular,2025-11-23
14623,Priya Sinha,user14623@example.com,9980811589,56,Male,Kolkata,West Bengal,Premium,2025-06-02
14624,Mohit Mehta,user14624@example.com,9182599542,54,Female,Ranchi,Jharkhand,New,2026-06-26
14625,Riya Verma,user14625@example.com,9286986122,50,Female,Ahmedabad,Gujarat,Regular,2025-01-02
14626,Neeraj Sinha,user14626@example.com,9581901215,37,Female,Patna,Bihar,Regular,2025-06-15
14627,Rohan Mishra,user14627@example.com,9210721255,39,Female,Lucknow,Uttar Pradesh,New,2026-07-17
14628,Aman Mehta,user14628@example.com,9280584288,58,Female,Indore,Madhya Pradesh,Regular,2026-06-12
14629,Karan Singh,user14629@example.com,9230541991,38,Male,Gurugram,Haryana,Regular,2025-10-30
14630,Sahil Mishra,user14630@example.com,9507262087,54,Male,Bengaluru,Karnataka,New,2025-04-15
14631,Rahul Chauhan,user14631@example.com,9218081058,44,Male,Gurugram,Haryana,Regular,2025-04-21
14632,Vivaan Kumar,user14632@example.com,9883967044,55,Female,Bengaluru,Karnataka,Premium,2025-06-16
14633,Vikas Kumar,user14633@example.com,9377885821,52,Female,Indore,Madhya Pradesh,New,2026-07-06
14634,Aditi Verma,user14634@example.com,9577146978,55,Female,Chennai,Tamil Nadu,New,2025-08-29
14635,Ankit Yadav,user14635@example.com,9112324173,57,Female,Surat,Gujarat,Regular,2025-11-20
14636,Sneha Mishra,user14636@example.com,9408770964,23,Male,Dehradun,Uttarakhand,Regular,2025-03-22
14637,Aman Sinha,user14637@example.com,9777653102,49,Female,Bengaluru,Karnataka,Regular,2025-12-21
14638,Simran Jain,user14638@example.com,9516470423,33,Male,Kolkata,West Bengal,Regular,2026-03-19
14639,Neha Srivastava,user14639@example.com,9448418064,45,Male,Jaipur,Rajasthan,New,2025-06-08
14640,Rohan Bansal,user14640@example.com,9995007633,33,Male,Chandigarh,Chandigarh,Regular,2025-05-04
14641,Pooja Patel,user14641@example.com,9228415969,44,Female,Jaipur,Rajasthan,Regular,2026-05-17
14642,Rohan Kapoor,user14642@example.com,9940184459,20,Male,Chandigarh,Chandigarh,Premium,2025-04-15
14643,Neeraj Malhotra,user14643@example.com,9501323663,38,Female,Mumbai,Maharashtra,Regular,2025-06-02
14644,Aman Mishra,user14644@example.com,9323310083,55,Male,Jaipur,Rajasthan,New,2026-01-20
14645,Ankit Agarwal,user14645@example.com,9316308385,55,Male,Hyderabad,Telangana,Regular,2025-03-21
14646,Simran Agarwal,user14646@example.com,9926656347,47,Female,Ranchi,Jharkhand,New,2026-08-04
14647,Ankit Verma,user14647@example.com,9216496383,39,Female,Noida,Uttar Pradesh,Regular,2026-01-15
14648,Rohan Sinha,user14648@example.com,9767662509,36,Male,Delhi,Delhi,New,2026-01-09
14649,Vivaan Malhotra,user14649@example.com,9512065996,48,Male,Bengaluru,Karnataka,New,2026-06-15
14650,Neeraj Kumar,user14650@example.com,9102338299,37,Female,Kanpur,Uttar Pradesh,Regular,2025-01-01
14651,Arjun Jain,user14651@example.com,9695989656,36,Male,Kolkata,West Bengal,Regular,2025-01-13
14652,Neha Malhotra,user14652@example.com,9460098918,19,Female,Ahmedabad,Gujarat,Regular,2026-02-02
14653,Aman Jain,user14653@example.com,9688406473,57,Male,Ahmedabad,Gujarat,Regular,2026-03-05
14654,Akash Malhotra,user14654@example.com,9115383616,56,Male,Pune,Maharashtra,Regular,2026-02-02
14655,Pooja Gupta,user14655@example.com,9214978812,44,Male,Chandigarh,Chandigarh,Regular,2025-11-15
14656,Rahul Sinha,user14656@example.com,9917345652,25,Female,Bengaluru,Karnataka,Regular,2026-01-21
14657,Simran Gupta,user14657@example.com,9494870424,44,Female,Hyderabad,Telangana,Regular,2025-09-03
14658,Riya Jain,user14658@example.com,9642473371,32,Male,Pune,Maharashtra,Regular,2026-06-14
14659,Aditi Yadav,user14659@example.com,9898559907,29,Female,Patna,Bihar,Regular,2025-11-13
14660,Rohan Mishra,user14660@example.com,9410387793,31,Female,Noida,Uttar Pradesh,Regular,2026-05-10
14661,Vikas Yadav,user14661@example.com,9868670213,24,Female,Surat,Gujarat,Regular,2025-11-24
14662,Pooja Tiwari,user14662@example.com,9925096001,34,Male,Ahmedabad,Gujarat,Regular,2026-05-16
14663,Aarav Srivastava,user14663@example.com,9593020226,43,Male,Delhi,Delhi,Regular,2026-06-01
14664,Aarav Yadav,user14664@example.com,9286580205,54,Female,Bengaluru,Karnataka,Regular,2026-06-15
14665,Neeraj Sharma,user14665@example.com,9936109895,37,Male,Jaipur,Rajasthan,Regular,2026-08-10
14666,Aman Mishra,user14666@example.com,9247455582,27,Male,Patna,Bihar,Regular,2026-01-29
14667,Abhishek Kapoor,user14667@example.com,9134793263,36,Female,Delhi,Delhi,New,2025-11-19
14668,Himanshu Verma,user14668@example.com,9601275633,35,Male,Delhi,Delhi,Regular,2025-07-16
14669,Riya Sinha,user14669@example.com,9594562629,47,Male,Chennai,Tamil Nadu,Regular,2025-11-25
14670,Ankit Bansal,user14670@example.com,9502545229,47,Male,Chennai,Tamil Nadu,New,2026-02-11
14671,Aarav Srivastava,user14671@example.com,9442048834,42,Female,Patna,Bihar,Regular,2025-08-12
14672,Aarav Sinha,user14672@example.com,9232857007,41,Male,Dehradun,Uttarakhand,Regular,2025-09-21
14673,Sahil Kapoor,user14673@example.com,9578011200,27,Female,Mumbai,Maharashtra,Premium,2025-10-22
14674,Rahul Kapoor,user14674@example.com,9233997822,19,Female,Gurugram,Haryana,Premium,2026-03-18
14675,Yash Shah,user14675@example.com,9226423102,55,Male,Chandigarh,Chandigarh,New,2026-02-11
14676,Aarav Kapoor,user14676@example.com,9885031981,49,Male,Ranchi,Jharkhand,Regular,2026-03-17
14677,Yash Chauhan,user14677@example.com,9905726162,52,Male,Bengaluru,Karnataka,New,2025-03-18
14678,Aditya Joshi,user14678@example.com,9935630408,54,Female,Patna,Bihar,New,2025-09-06
14679,Abhishek Kapoor,user14679@example.com,9555675974,24,Male,Dehradun,Uttarakhand,Regular,2026-01-12
14680,Vikas Sharma,user14680@example.com,9933964909,24,Female,Dehradun,Uttarakhand,New,2026-05-10
14681,Rohit Kapoor,user14681@example.com,9819076068,44,Male,Chandigarh,Chandigarh,New,2026-07-14
14682,Kavya Mishra,user14682@example.com,9793914545,27,Male,Dehradun,Uttarakhand,Premium,2025-02-16
14683,Akash Mehta,user14683@example.com,9166724926,50,Male,Mumbai,Maharashtra,Regular,2025-07-14
14684,Isha Gupta,user14684@example.com,9909958696,60,Female,Dehradun,Uttarakhand,Regular,2025-05-03
14685,Rohit Shah,user14685@example.com,9939381236,24,Male,Ranchi,Jharkhand,Premium,2026-06-12
14686,Simran Mehta,user14686@example.com,9622185222,23,Male,Bhopal,Madhya Pradesh,Regular,2025-10-25
14687,Arjun Yadav,user14687@example.com,9245261315,23,Female,Chandigarh,Chandigarh,New,2025-11-26
14688,Rahul Agarwal,user14688@example.com,9640667480,30,Female,Mumbai,Maharashtra,Regular,2026-05-01
14689,Neha Patel,user14689@example.com,9762842544,30,Female,Gurugram,Haryana,Regular,2026-08-18
14690,Priya Agarwal,user14690@example.com,9863354315,19,Female,Bhopal,Madhya Pradesh,Regular,2025-07-14
14691,Akash Malhotra,user14691@example.com,9249186181,36,Female,Bhopal,Madhya Pradesh,Regular,2026-05-06
14692,Ananya Bansal,user14692@example.com,9505689937,36,Male,Patna,Bihar,Regular,2026-02-18
14693,Simran Agarwal,user14693@example.com,9378601703,55,Male,Bengaluru,Karnataka,New,2025-02-28
14694,Pooja Kapoor,user14694@example.com,9618850068,19,Female,Patna,Bihar,New,2025-11-23
14695,Vivaan Joshi,user14695@example.com,9861637774,43,Male,Chandigarh,Chandigarh,New,2025-08-05
14696,Isha Shah,user14696@example.com,9997451135,23,Female,Dehradun,Uttarakhand,Premium,2026-01-24
14697,Ananya Joshi,user14697@example.com,9970995138,37,Male,Gurugram,Haryana,Regular,2025-06-28
14698,Rahul Chauhan,user14698@example.com,9771789302,40,Male,Mumbai,Maharashtra,Regular,2025-08-20
14699,Arjun Gupta,user14699@example.com,9124334184,32,Male,Jaipur,Rajasthan,Regular,2026-06-18
14700,Arjun Tiwari,user14700@example.com,9805306471,23,Male,Dehradun,Uttarakhand,Regular,2025-10-07
14701,Aman Srivastava,user14701@example.com,9238921978,45,Female,Noida,Uttar Pradesh,Regular,2025-12-29
14702,Yash Verma,user14702@example.com,9340433475,52,Male,Patna,Bihar,Regular,2025-08-13
14703,Priya Malhotra,user14703@example.com,9731052447,28,Male,Jaipur,Rajasthan,Premium,2026-02-17
14704,Sahil Yadav,user14704@example.com,9619758529,25,Female,Surat,Gujarat,Premium,2025-01-09
14705,Ananya Shah,user14705@example.com,9333196141,41,Male,Mumbai,Maharashtra,Premium,2025-08-18
14706,Rahul Singh,user14706@example.com,9873028764,38,Female,Mumbai,Maharashtra,Regular,2025-09-13
14707,Isha Kapoor,user14707@example.com,9816556353,53,Female,Indore,Madhya Pradesh,Premium,2025-03-31
14708,Pooja Jain,user14708@example.com,9322268321,24,Female,Indore,Madhya Pradesh,Regular,2025-02-24
14709,Neha Srivastava,user14709@example.com,9873697789,22,Female,Lucknow,Uttar Pradesh,Premium,2026-03-07
14710,Isha Jain,user14710@example.com,9299053594,46,Male,Dehradun,Uttarakhand,Premium,2025-07-09
14711,Rohan Jain,user14711@example.com,9904346939,33,Female,Bhopal,Madhya Pradesh,Premium,2026-08-20
14712,Yash Sinha,user14712@example.com,9454998389,23,Female,Bhopal,Madhya Pradesh,Regular,2025-04-03
14713,Aarav Chauhan,user14713@example.com,9402580134,31,Female,Chandigarh,Chandigarh,Regular,2026-06-01
14714,Rohit Shah,user14714@example.com,9497965867,19,Male,Pune,Maharashtra,New,2026-01-24
14715,Sneha Malhotra,user14715@example.com,9953567461,42,Female,Ahmedabad,Gujarat,Regular,2025-10-14
14716,Arjun Jain,user14716@example.com,9549409059,48,Female,Patna,Bihar,Regular,2026-07-12
14717,Akash Srivastava,user14717@example.com,9940688146,30,Female,Kanpur,Uttar Pradesh,New,2025-01-26
14718,Priya Mishra,user14718@example.com,9934650202,35,Male,Kolkata,West Bengal,Regular,2025-04-29
14719,Rohit Sharma,user14719@example.com,9794107859,34,Male,Patna,Bihar,Regular,2026-03-30
14720,Nikhil Sharma,user14720@example.com,9987392150,45,Female,Ahmedabad,Gujarat,Regular,2025-03-03
14721,Rohit Gupta,user14721@example.com,9299085789,29,Male,Gurugram,Haryana,Premium,2026-07-20
14722,Nikhil Jain,user14722@example.com,9137971160,52,Male,Dehradun,Uttarakhand,Regular,2025-09-02
14723,Sneha Patel,user14723@example.com,9313329630,39,Female,Gurugram,Haryana,Regular,2025-05-05
14724,Yash Kumar,user14724@example.com,9633381018,56,Male,Kanpur,Uttar Pradesh,Regular,2025-02-23
14725,Simran Malhotra,user14725@example.com,9907962055,18,Male,Surat,Gujarat,Regular,2025-07-14
14726,Riya Yadav,user14726@example.com,9863826706,54,Male,Lucknow,Uttar Pradesh,New,2026-08-24
14727,Karan Srivastava,user14727@example.com,9131533593,38,Male,Gurugram,Haryana,New,2025-12-31
14728,Sneha Kumar,user14728@example.com,9185184063,18,Male,Ranchi,Jharkhand,Premium,2025-09-24
14729,Aditya Kumar,user14729@example.com,9268039747,21,Male,Ahmedabad,Gujarat,Regular,2025-03-01
14730,Pooja Singh,user14730@example.com,9792976862,49,Male,Bengaluru,Karnataka,Regular,2025-04-08
14731,Neeraj Mehta,user14731@example.com,9942661967,18,Female,Dehradun,Uttarakhand,Regular,2025-04-13
14732,Aarav Bansal,user14732@example.com,9654840677,30,Female,Pune,Maharashtra,Regular,2025-12-05
14733,Vivaan Tiwari,user14733@example.com,9926476719,34,Male,Kolkata,West Bengal,Regular,2025-08-22
14734,Varun Tiwari,user14734@example.com,9561343241,29,Male,Indore,Madhya Pradesh,New,2026-06-27
14735,Ananya Patel,user14735@example.com,9834177004,24,Male,Delhi,Delhi,Regular,2025-07-16
14736,Riya Kumar,user14736@example.com,9350295752,20,Female,Gurugram,Haryana,Regular,2025-09-22
14737,Himanshu Kumar,user14737@example.com,9964276902,43,Female,Lucknow,Uttar Pradesh,Regular,2025-02-08
14738,Abhishek Yadav,user14738@example.com,9578299235,48,Male,Chandigarh,Chandigarh,Regular,2025-08-26
14739,Ananya Srivastava,user14739@example.com,9625072370,53,Male,Mumbai,Maharashtra,Premium,2025-11-23
14740,Rohit Bansal,user14740@example.com,9448471161,43,Female,Bhopal,Madhya Pradesh,Regular,2026-05-17
14741,Akash Joshi,user14741@example.com,9633851875,20,Female,Jaipur,Rajasthan,Premium,2026-03-10
14742,Kavya Chauhan,user14742@example.com,9237620882,45,Male,Ranchi,Jharkhand,Regular,2026-05-21
14743,Sahil Kumar,user14743@example.com,9356150079,34,Female,Patna,Bihar,Regular,2025-04-20
14744,Aarav Shah,user14744@example.com,9305030779,55,Female,Patna,Bihar,New,2026-05-11
14745,Rahul Jain,user14745@example.com,9390900498,47,Female,Lucknow,Uttar Pradesh,New,2025-04-26
14746,Neha Kapoor,user14746@example.com,9457417291,19,Male,Bengaluru,Karnataka,Regular,2025-02-20
14747,Sahil Bansal,user14747@example.com,9809751436,25,Female,Ranchi,Jharkhand,Regular,2026-08-16
14748,Kavya Gupta,user14748@example.com,9840142616,31,Male,Ranchi,Jharkhand,Regular,2025-12-23
14749,Pooja Kumar,user14749@example.com,9762553315,54,Female,Lucknow,Uttar Pradesh,Regular,2025-11-12
14750,Rohit Patel,user14750@example.com,9663311704,52,Male,Chandigarh,Chandigarh,Premium,2025-02-08
14751,Sneha Mehta,user14751@example.com,9717084507,59,Male,Chandigarh,Chandigarh,Premium,2026-04-16
14752,Aditya Chauhan,user14752@example.com,9326582569,56,Female,Noida,Uttar Pradesh,New,2026-08-16
14753,Varun Joshi,user14753@example.com,9903342237,28,Male,Gurugram,Haryana,Regular,2026-05-10
14754,Neeraj Shah,user14754@example.com,9107556484,32,Male,Bengaluru,Karnataka,Regular,2025-02-07
14755,Akash Joshi,user14755@example.com,9593078608,19,Male,Patna,Bihar,Regular,2026-01-13
14756,Aditi Jain,user14756@example.com,9636236433,54,Male,Kolkata,West Bengal,New,2026-07-08
14757,Aditya Sharma,user14757@example.com,9703113578,60,Male,Hyderabad,Telangana,Regular,2026-02-24
14758,Nikhil Tiwari,user14758@example.com,9314520942,49,Female,Pune,Maharashtra,Premium,2025-12-19
14759,Rohit Jain,user14759@example.com,9664223252,57,Male,Chandigarh,Chandigarh,Regular,2025-08-11
14760,Mohit Kapoor,user14760@example.com,9461874645,30,Male,Noida,Uttar Pradesh,Regular,2026-02-19
14761,Riya Malhotra,user14761@example.com,9154535910,60,Male,Bengaluru,Karnataka,Regular,2026-05-18
14762,Mohit Sinha,user14762@example.com,9332711985,34,Male,Pune,Maharashtra,Regular,2026-07-24
14763,Simran Joshi,user14763@example.com,9292029177,32,Male,Ahmedabad,Gujarat,Regular,2025-03-21
14764,Ankit Kapoor,user14764@example.com,9177347973,50,Male,Kanpur,Uttar Pradesh,Regular,2025-09-01
14765,Akash Mishra,user14765@example.com,9631801905,33,Male,Pune,Maharashtra,New,2026-06-30
14766,Karan Singh,user14766@example.com,9330970063,30,Male,Chennai,Tamil Nadu,Premium,2026-07-05
14767,Akash Patel,user14767@example.com,9326230209,39,Female,Ranchi,Jharkhand,Regular,2025-12-04
14768,Priya Sinha,user14768@example.com,9848922226,40,Female,Gurugram,Haryana,Regular,2026-04-03
14769,Pooja Verma,user14769@example.com,9697623040,53,Male,Chennai,Tamil Nadu,Premium,2025-11-14
14770,Isha Sharma,user14770@example.com,9794585016,60,Male,Mumbai,Maharashtra,New,2026-05-06
14771,Yash Bansal,user14771@example.com,9686789817,27,Female,Indore,Madhya Pradesh,New,2025-03-01
14772,Ankit Joshi,user14772@example.com,9866820202,34,Male,Indore,Madhya Pradesh,Regular,2026-08-03
14773,Pooja Yadav,user14773@example.com,9454556836,47,Female,Jaipur,Rajasthan,Premium,2025-07-08
14774,Pooja Tiwari,user14774@example.com,9663872815,30,Male,Pune,Maharashtra,Regular,2025-06-29
14775,Vivaan Kumar,user14775@example.com,9327378774,47,Male,Noida,Uttar Pradesh,New,2026-05-27
14776,Himanshu Malhotra,user14776@example.com,9918541440,47,Female,Kolkata,West Bengal,Regular,2026-06-14
14777,Himanshu Jain,user14777@example.com,9569698578,24,Female,Chandigarh,Chandigarh,New,2025-08-31
14778,Ankit Jain,user14778@example.com,9743785773,27,Male,Jaipur,Rajasthan,Regular,2026-03-03
14779,Riya Joshi,user14779@example.com,9536249026,52,Male,Mumbai,Maharashtra,New,2025-02-15
14780,Aman Jain,user14780@example.com,9521233537,19,Male,Bhopal,Madhya Pradesh,Premium,2025-03-15
14781,Arjun Srivastava,user14781@example.com,9516732215,47,Female,Ahmedabad,Gujarat,Regular,2025-11-12
14782,Sneha Malhotra,user14782@example.com,9579032036,36,Female,Lucknow,Uttar Pradesh,Premium,2025-12-07
14783,Mohit Chauhan,user14783@example.com,9264294288,56,Male,Mumbai,Maharashtra,New,2025-10-10
14784,Ankit Verma,user14784@example.com,9976837979,54,Male,Chennai,Tamil Nadu,Regular,2025-05-09
14785,Isha Sinha,user14785@example.com,9363233617,20,Male,Indore,Madhya Pradesh,Premium,2025-07-21
14786,Isha Kumar,user14786@example.com,9730625941,42,Male,Patna,Bihar,New,2025-11-28
14787,Kavya Verma,user14787@example.com,9327331944,51,Male,Bengaluru,Karnataka,Regular,2025-12-18
14788,Neha Yadav,user14788@example.com,9326154778,39,Female,Hyderabad,Telangana,Regular,2025-08-16
14789,Pooja Singh,user14789@example.com,9742692406,55,Male,Jaipur,Rajasthan,Regular,2025-07-19
14790,Sahil Sinha,user14790@example.com,9708613348,31,Male,Chennai,Tamil Nadu,New,2025-08-27
14791,Rahul Mehta,user14791@example.com,9911378847,56,Female,Surat,Gujarat,Regular,2025-05-02
14792,Aman Sinha,user14792@example.com,9521975355,19,Male,Mumbai,Maharashtra,Regular,2025-04-19
14793,Aarav Patel,user14793@example.com,9138596460,49,Male,Ranchi,Jharkhand,Regular,2025-10-22
14794,Aman Chauhan,user14794@example.com,9611666130,60,Male,Gurugram,Haryana,New,2025-09-02
14795,Abhishek Kumar,user14795@example.com,9490407835,20,Male,Chennai,Tamil Nadu,Regular,2026-08-11
14796,Ananya Joshi,user14796@example.com,9244352411,58,Female,Kolkata,West Bengal,Regular,2025-11-12
14797,Vikas Sharma,user14797@example.com,9163425399,25,Female,Kolkata,West Bengal,New,2026-08-09
14798,Sneha Patel,user14798@example.com,9731068361,43,Male,Dehradun,Uttarakhand,Regular,2025-08-16
14799,Pooja Mishra,user14799@example.com,9374344403,49,Male,Lucknow,Uttar Pradesh,Premium,2025-07-28
14800,Simran Yadav,user14800@example.com,9461471896,28,Male,Lucknow,Uttar Pradesh,New,2025-08-02
14801,Varun Jain,user14801@example.com,9557061204,18,Male,Dehradun,Uttarakhand,Regular,2026-03-11
14802,Neha Verma,user14802@example.com,9534121557,32,Male,Hyderabad,Telangana,Regular,2026-05-03
14803,Karan Shah,user14803@example.com,9384115060,21,Male,Kanpur,Uttar Pradesh,New,2025-11-05
14804,Neeraj Joshi,user14804@example.com,9341014425,21,Male,Jaipur,Rajasthan,New,2026-03-02
14805,Sneha Malhotra,user14805@example.com,9764239946,45,Male,Mumbai,Maharashtra,Regular,2025-05-04
14806,Nikhil Gupta,user14806@example.com,9375113590,27,Female,Gurugram,Haryana,Regular,2026-07-17
14807,Aman Agarwal,user14807@example.com,9869005254,28,Female,Delhi,Delhi,New,2025-05-17
14808,Simran Patel,user14808@example.com,9975722640,40,Female,Surat,Gujarat,Regular,2026-04-25
14809,Aman Shah,user14809@example.com,9984258999,20,Male,Ranchi,Jharkhand,Regular,2025-12-23
14810,Ananya Kumar,user14810@example.com,9113066175,56,Female,Kolkata,West Bengal,Regular,2026-07-04
14811,Aditya Tiwari,user14811@example.com,9972972947,56,Female,Chandigarh,Chandigarh,Regular,2026-05-24
14812,Himanshu Srivastava,user14812@example.com,9915262885,34,Female,Chennai,Tamil Nadu,Premium,2025-06-26
14813,Aarav Mishra,user14813@example.com,9531441994,39,Male,Gurugram,Haryana,New,2026-02-11
14814,Riya Kumar,user14814@example.com,9726683627,44,Female,Hyderabad,Telangana,Regular,2026-03-12
14815,Rohit Singh,user14815@example.com,9723770425,33,Male,Ahmedabad,Gujarat,Regular,2025-07-29
14816,Arjun Kapoor,user14816@example.com,9227907506,33,Female,Bhopal,Madhya Pradesh,New,2025-07-04
14817,Neha Gupta,user14817@example.com,9582175478,57,Male,Delhi,Delhi,New,2025-09-15
14818,Mohit Tiwari,user14818@example.com,9888230938,20,Female,Indore,Madhya Pradesh,New,2025-03-08
14819,Aman Jain,user14819@example.com,9252847922,50,Female,Dehradun,Uttarakhand,Regular,2025-05-30
14820,Ankit Kumar,user14820@example.com,9214889290,59,Male,Hyderabad,Telangana,New,2025-06-11
14821,Mohit Malhotra,user14821@example.com,9759544719,19,Male,Hyderabad,Telangana,Regular,2025-06-27
14822,Himanshu Joshi,user14822@example.com,9262512214,56,Male,Chennai,Tamil Nadu,Premium,2026-08-02
14823,Abhishek Singh,user14823@example.com,9768150459,44,Male,Kanpur,Uttar Pradesh,New,2026-03-31
14824,Rohan Verma,user14824@example.com,9231932794,32,Male,Patna,Bihar,Regular,2026-03-24
14825,Rohan Singh,user14825@example.com,9497040459,24,Male,Jaipur,Rajasthan,New,2025-05-17
14826,Ankit Yadav,user14826@example.com,9377837050,59,Female,Patna,Bihar,New,2025-04-08
14827,Arjun Malhotra,user14827@example.com,9528039975,26,Male,Surat,Gujarat,Regular,2026-05-15
14828,Yash Agarwal,user14828@example.com,9746033765,58,Female,Noida,Uttar Pradesh,Regular,2026-04-22
14829,Aarav Bansal,user14829@example.com,9839372975,23,Female,Chandigarh,Chandigarh,Premium,2026-06-19
14830,Sahil Jain,user14830@example.com,9693783475,29,Female,Ranchi,Jharkhand,Regular,2025-07-09
14831,Abhishek Sharma,user14831@example.com,9760329879,47,Female,Patna,Bihar,Regular,2025-05-12
14832,Vikas Malhotra,user14832@example.com,9683092060,37,Male,Chennai,Tamil Nadu,New,2026-06-07
14833,Neha Bansal,user14833@example.com,9672204526,37,Female,Bhopal,Madhya Pradesh,New,2025-08-01
14834,Sneha Srivastava,user14834@example.com,9844268397,44,Male,Chennai,Tamil Nadu,Premium,2026-05-23
14835,Sneha Verma,user14835@example.com,9977310433,37,Female,Bhopal,Madhya Pradesh,New,2025-02-19
14836,Vikas Mehta,user14836@example.com,9202757331,24,Female,Hyderabad,Telangana,Premium,2026-06-01
14837,Isha Sinha,user14837@example.com,9171776081,57,Female,Bhopal,Madhya Pradesh,New,2025-03-05
14838,Simran Srivastava,user14838@example.com,9294892753,57,Male,Gurugram,Haryana,Regular,2025-01-20
14839,Vikas Sinha,user14839@example.com,9567871233,47,Female,Surat,Gujarat,Premium,2025-04-23
14840,Himanshu Chauhan,user14840@example.com,9191864384,25,Female,Ranchi,Jharkhand,New,2025-04-03
14841,Riya Srivastava,user14841@example.com,9766877715,19,Female,Noida,Uttar Pradesh,Regular,2026-07-26
14842,Vivaan Kapoor,user14842@example.com,9933972513,31,Male,Chennai,Tamil Nadu,Regular,2025-12-04
14843,Aman Jain,user14843@example.com,9768194088,27,Female,Gurugram,Haryana,New,2025-10-13
14844,Varun Gupta,user14844@example.com,9828913576,35,Male,Kolkata,West Bengal,Regular,2025-05-27
14845,Aditya Gupta,user14845@example.com,9785660911,35,Female,Kolkata,West Bengal,New,2025-07-03
14846,Ankit Mehta,user14846@example.com,9141052106,33,Female,Chandigarh,Chandigarh,New,2025-06-25
14847,Aman Joshi,user14847@example.com,9222813914,22,Male,Pune,Maharashtra,New,2026-06-30
14848,Aditya Singh,user14848@example.com,9782423077,48,Male,Dehradun,Uttarakhand,Premium,2025-02-27
14849,Sneha Joshi,user14849@example.com,9407483458,54,Female,Noida,Uttar Pradesh,New,2025-04-16
14850,Ankit Bansal,user14850@example.com,9838756925,37,Male,Ahmedabad,Gujarat,New,2026-04-25
14851,Varun Tiwari,user14851@example.com,9831818781,40,Male,Chennai,Tamil Nadu,Regular,2025-08-30
14852,Sahil Singh,user14852@example.com,9350129374,49,Female,Indore,Madhya Pradesh,Regular,2025-02-06
14853,Yash Sinha,user14853@example.com,9654845014,59,Female,Kolkata,West Bengal,Regular,2026-08-21
14854,Riya Mishra,user14854@example.com,9770776512,34,Female,Ranchi,Jharkhand,New,2026-06-25
14855,Himanshu Yadav,user14855@example.com,9988605352,30,Male,Dehradun,Uttarakhand,Regular,2025-03-30
14856,Aman Chauhan,user14856@example.com,9552314003,30,Male,Kanpur,Uttar Pradesh,Regular,2025-01-19
14857,Varun Joshi,user14857@example.com,9791059829,34,Female,Indore,Madhya Pradesh,Regular,2026-03-29
14858,Pooja Srivastava,user14858@example.com,9887766277,32,Male,Gurugram,Haryana,New,2026-04-19
14859,Abhishek Mishra,user14859@example.com,9336262218,43,Female,Ranchi,Jharkhand,Regular,2025-08-08
14860,Abhishek Shah,user14860@example.com,9555309794,45,Female,Mumbai,Maharashtra,Regular,2025-04-07
14861,Rohan Patel,user14861@example.com,9569591132,59,Male,Ahmedabad,Gujarat,Regular,2025-10-21
14862,Varun Bansal,user14862@example.com,9324132858,47,Male,Kolkata,West Bengal,New,2025-05-01
14863,Abhishek Sinha,user14863@example.com,9346631945,60,Female,Patna,Bihar,New,2025-12-29
14864,Abhishek Srivastava,user14864@example.com,9912711474,52,Male,Patna,Bihar,Regular,2025-03-01
14865,Yash Srivastava,user14865@example.com,9699843676,39,Female,Ranchi,Jharkhand,Premium,2025-02-11
14866,Vikas Gupta,user14866@example.com,9901866021,27,Female,Chennai,Tamil Nadu,New,2026-01-04
14867,Sneha Chauhan,user14867@example.com,9401165184,28,Female,Ahmedabad,Gujarat,Regular,2025-06-10
14868,Vivaan Gupta,user14868@example.com,9952124647,55,Male,Chandigarh,Chandigarh,New,2026-04-14
14869,Karan Verma,user14869@example.com,9584915591,50,Male,Lucknow,Uttar Pradesh,Regular,2025-05-17
14870,Yash Joshi,user14870@example.com,9782511973,23,Female,Pune,Maharashtra,Regular,2025-12-19
14871,Vivaan Jain,user14871@example.com,9954482514,54,Female,Noida,Uttar Pradesh,Premium,2025-09-26
14872,Ankit Jain,user14872@example.com,9179174334,24,Male,Patna,Bihar,New,2025-07-18
14873,Neha Singh,user14873@example.com,9735460750,29,Male,Bengaluru,Karnataka,Regular,2025-09-25
14874,Rohan Srivastava,user14874@example.com,9680146412,24,Male,Pune,Maharashtra,Regular,2026-05-24
14875,Aman Mehta,user14875@example.com,9650420766,19,Female,Patna,Bihar,Regular,2025-09-25
14876,Aditi Sharma,user14876@example.com,9441342484,18,Male,Bhopal,Madhya Pradesh,Regular,2026-02-15
14877,Himanshu Bansal,user14877@example.com,9889117314,40,Female,Bengaluru,Karnataka,New,2026-04-09
14878,Rahul Sharma,user14878@example.com,9354470434,42,Female,Ahmedabad,Gujarat,Premium,2026-02-19
14879,Ankit Yadav,user14879@example.com,9843091368,35,Female,Chandigarh,Chandigarh,New,2026-08-27
14880,Aarav Chauhan,user14880@example.com,9683031226,24,Female,Kolkata,West Bengal,Regular,2026-01-08
14881,Vivaan Bansal,user14881@example.com,9346295183,20,Female,Dehradun,Uttarakhand,Premium,2025-11-08
14882,Sneha Jain,user14882@example.com,9307262903,46,Male,Dehradun,Uttarakhand,New,2025-12-18
14883,Aarav Patel,user14883@example.com,9695250220,27,Male,Lucknow,Uttar Pradesh,Regular,2026-01-04
14884,Neeraj Kapoor,user14884@example.com,9426720314,60,Female,Bengaluru,Karnataka,Regular,2025-06-03
14885,Vivaan Bansal,user14885@example.com,9673628372,22,Male,Jaipur,Rajasthan,Premium,2025-03-20
14886,Priya Gupta,user14886@example.com,9243794428,51,Male,Ranchi,Jharkhand,Regular,2025-08-16
14887,Yash Verma,user14887@example.com,9428804640,25,Male,Lucknow,Uttar Pradesh,New,2025-03-31
14888,Simran Mishra,user14888@example.com,9571844051,31,Male,Patna,Bihar,Regular,2026-07-26
14889,Isha Agarwal,user14889@example.com,9850259888,57,Female,Ahmedabad,Gujarat,Regular,2026-04-01
14890,Priya Srivastava,user14890@example.com,9635466004,23,Female,Jaipur,Rajasthan,Regular,2026-05-07
14891,Sneha Mishra,user14891@example.com,9176386619,18,Male,Ranchi,Jharkhand,Premium,2025-02-23
14892,Arjun Gupta,user14892@example.com,9110349107,50,Female,Bhopal,Madhya Pradesh,New,2025-10-03
14893,Mohit Srivastava,user14893@example.com,9244135605,57,Male,Chennai,Tamil Nadu,New,2025-09-29
14894,Ananya Joshi,user14894@example.com,9590628518,28,Female,Pune,Maharashtra,Regular,2026-05-23
14895,Yash Joshi,user14895@example.com,9705159344,41,Male,Chandigarh,Chandigarh,Premium,2025-06-14
14896,Abhishek Srivastava,user14896@example.com,9307005818,27,Female,Surat,Gujarat,Regular,2026-06-16
14897,Aarav Agarwal,user14897@example.com,9544771177,40,Male,Jaipur,Rajasthan,Premium,2025-07-01
14898,Aditi Sinha,user14898@example.com,9508482751,33,Male,Gurugram,Haryana,Premium,2026-01-25
14899,Aditi Agarwal,user14899@example.com,9481062755,54,Female,Patna,Bihar,Premium,2025-08-20
14900,Aarav Shah,user14900@example.com,9538749397,33,Male,Lucknow,Uttar Pradesh,Premium,2025-01-23
14901,Sneha Sinha,user14901@example.com,9631326873,48,Female,Patna,Bihar,Premium,2026-03-27
14902,Rohit Verma,user14902@example.com,9975885382,23,Female,Bhopal,Madhya Pradesh,Regular,2026-06-30
14903,Arjun Chauhan,user14903@example.com,9269458310,47,Male,Surat,Gujarat,Regular,2026-06-25
14904,Rahul Malhotra,user14904@example.com,9778327239,54,Female,Kanpur,Uttar Pradesh,New,2026-02-16
14905,Ankit Jain,user14905@example.com,9846227517,18,Male,Chandigarh,Chandigarh,New,2026-06-12
14906,Sneha Mishra,user14906@example.com,9569492311,59,Male,Chennai,Tamil Nadu,New,2026-01-18
14907,Riya Chauhan,user14907@example.com,9273683479,42,Female,Jaipur,Rajasthan,New,2026-05-26
14908,Isha Agarwal,user14908@example.com,9307613991,38,Male,Surat,Gujarat,New,2026-08-27
14909,Sahil Jain,user14909@example.com,9713292783,52,Female,Surat,Gujarat,Premium,2025-06-29
14910,Nikhil Mishra,user14910@example.com,9625167947,55,Male,Mumbai,Maharashtra,Regular,2025-05-24
14911,Sneha Chauhan,user14911@example.com,9820876167,22,Female,Lucknow,Uttar Pradesh,Regular,2026-03-22
14912,Sahil Jain,user14912@example.com,9879481269,29,Male,Noida,Uttar Pradesh,Regular,2025-03-27
14913,Sneha Shah,user14913@example.com,9356782600,22,Male,Ranchi,Jharkhand,Regular,2025-03-15
14914,Ananya Joshi,user14914@example.com,9617040898,26,Female,Indore,Madhya Pradesh,New,2025-01-16
14915,Neha Mishra,user14915@example.com,9194289589,26,Male,Jaipur,Rajasthan,Premium,2026-04-30
14916,Vivaan Mehta,user14916@example.com,9716660500,52,Female,Lucknow,Uttar Pradesh,Regular,2026-08-23
14917,Nikhil Yadav,user14917@example.com,9899179614,18,Male,Chandigarh,Chandigarh,Regular,2025-04-21
14918,Aman Mishra,user14918@example.com,9791605935,27,Male,Kanpur,Uttar Pradesh,New,2025-04-13
14919,Rohit Kapoor,user14919@example.com,9756015278,56,Female,Noida,Uttar Pradesh,Regular,2026-03-28
14920,Aarav Joshi,user14920@example.com,9793383127,53,Male,Chandigarh,Chandigarh,Regular,2026-04-01
14921,Akash Patel,user14921@example.com,9285877699,54,Male,Kolkata,West Bengal,New,2025-12-12
14922,Ankit Mishra,user14922@example.com,9520581075,52,Female,Lucknow,Uttar Pradesh,Premium,2025-10-24
14923,Neeraj Yadav,user14923@example.com,9432050940,34,Female,Surat,Gujarat,New,2026-06-26
14924,Aditya Mishra,user14924@example.com,9107844286,30,Male,Surat,Gujarat,Regular,2025-05-24
14925,Ankit Kumar,user14925@example.com,9980542223,23,Male,Patna,Bihar,Premium,2025-10-09
14926,Simran Jain,user14926@example.com,9957660617,54,Female,Lucknow,Uttar Pradesh,Premium,2025-02-18
14927,Rahul Malhotra,user14927@example.com,9163114090,49,Female,Hyderabad,Telangana,New,2025-11-13
14928,Akash Mishra,user14928@example.com,9584710105,28,Female,Pune,Maharashtra,New,2026-03-05
14929,Neha Yadav,user14929@example.com,9908676484,34,Female,Kanpur,Uttar Pradesh,Regular,2026-01-05
14930,Ananya Shah,user14930@example.com,9847422858,22,Male,Kanpur,Uttar Pradesh,New,2025-04-19
14931,Rohan Shah,user14931@example.com,9154702748,23,Female,Mumbai,Maharashtra,Regular,2025-08-23
14932,Himanshu Chauhan,user14932@example.com,9548490988,27,Female,Mumbai,Maharashtra,Regular,2026-02-27
14933,Riya Verma,user14933@example.com,9976439621,50,Male,Surat,Gujarat,Regular,2025-10-28
14934,Simran Yadav,user14934@example.com,9723188783,47,Male,Patna,Bihar,New,2026-06-17
14935,Ankit Shah,user14935@example.com,9346851306,38,Male,Patna,Bihar,Regular,2025-11-17
14936,Aditya Malhotra,user14936@example.com,9664088019,59,Female,Surat,Gujarat,Premium,2025-06-15
14937,Yash Bansal,user14937@example.com,9718227489,34,Male,Hyderabad,Telangana,Regular,2025-02-17
14938,Himanshu Agarwal,user14938@example.com,9895720763,44,Male,Lucknow,Uttar Pradesh,Regular,2025-01-06
14939,Kavya Verma,user14939@example.com,9584707579,20,Male,Indore,Madhya Pradesh,Regular,2025-10-26
14940,Himanshu Verma,user14940@example.com,9552329917,46,Male,Indore,Madhya Pradesh,New,2025-09-06
14941,Rohit Sinha,user14941@example.com,9476055531,19,Male,Jaipur,Rajasthan,New,2026-08-13
14942,Mohit Chauhan,user14942@example.com,9713336399,46,Female,Surat,Gujarat,Regular,2026-06-29
14943,Varun Mishra,user14943@example.com,9184793313,53,Male,Kolkata,West Bengal,New,2025-09-03
14944,Himanshu Patel,user14944@example.com,9850248496,51,Female,Jaipur,Rajasthan,Regular,2025-05-15
14945,Aditi Sinha,user14945@example.com,9880811341,54,Female,Lucknow,Uttar Pradesh,Regular,2026-06-08
14946,Himanshu Singh,user14946@example.com,9956768539,59,Female,Ahmedabad,Gujarat,Regular,2025-01-05
14947,Neha Singh,user14947@example.com,9719176495,18,Female,Noida,Uttar Pradesh,New,2026-06-28
14948,Neeraj Bansal,user14948@example.com,9628354468,43,Male,Chandigarh,Chandigarh,Regular,2025-06-14
14949,Aarav Tiwari,user14949@example.com,9106091209,18,Male,Chennai,Tamil Nadu,Regular,2026-04-26
14950,Sneha Sharma,user14950@example.com,9246793392,21,Male,Hyderabad,Telangana,New,2025-04-27
14951,Simran Shah,user14951@example.com,9357544044,56,Female,Chennai,Tamil Nadu,New,2026-01-07
14952,Neha Mishra,user14952@example.com,9492443055,31,Male,Pune,Maharashtra,Regular,2025-07-13
14953,Himanshu Chauhan,user14953@example.com,9489361224,35,Female,Lucknow,Uttar Pradesh,Regular,2026-04-04
14954,Vivaan Gupta,user14954@example.com,9300733655,51,Female,Kanpur,Uttar Pradesh,New,2026-06-27
14955,Akash Kapoor,user14955@example.com,9344591607,18,Female,Chennai,Tamil Nadu,New,2025-12-27
14956,Aditi Mishra,user14956@example.com,9578795804,39,Female,Gurugram,Haryana,New,2025-04-23
14957,Sneha Sinha,user14957@example.com,9719047580,33,Female,Kanpur,Uttar Pradesh,Premium,2026-08-16
14958,Rohan Verma,user14958@example.com,9665596985,39,Male,Noida,Uttar Pradesh,Regular,2026-04-15
14959,Rohan Tiwari,user14959@example.com,9966722607,33,Female,Surat,Gujarat,Regular,2025-11-13
14960,Yash Shah,user14960@example.com,9396782102,45,Male,Chennai,Tamil Nadu,Premium,2025-04-30
14961,Kavya Chauhan,user14961@example.com,9402942490,45,Female,Noida,Uttar Pradesh,Regular,2026-03-09
14962,Vikas Yadav,user14962@example.com,9541671134,39,Male,Noida,Uttar Pradesh,Regular,2025-06-09
14963,Ananya Bansal,user14963@example.com,9197944554,23,Male,Dehradun,Uttarakhand,New,2025-01-24
14964,Vivaan Srivastava,user14964@example.com,9874150837,42,Female,Ranchi,Jharkhand,Regular,2025-08-13
14965,Rohit Mishra,user14965@example.com,9567742828,59,Male,Ranchi,Jharkhand,New,2025-06-19
14966,Akash Jain,user14966@example.com,9167033411,19,Female,Bhopal,Madhya Pradesh,Regular,2026-05-29
14967,Aarav Kumar,user14967@example.com,9906479053,24,Female,Pune,Maharashtra,New,2025-09-21
14968,Vikas Bansal,user14968@example.com,9179591881,34,Female,Kolkata,West Bengal,New,2025-10-03
14969,Yash Bansal,user14969@example.com,9642678202,52,Male,Delhi,Delhi,New,2025-08-28
14970,Priya Sinha,user14970@example.com,9265394347,37,Male,Kolkata,West Bengal,Regular,2025-06-22
14971,Neeraj Sinha,user14971@example.com,9932342497,19,Female,Lucknow,Uttar Pradesh,Regular,2025-05-24
14972,Arjun Sinha,user14972@example.com,9118985881,24,Female,Pune,Maharashtra,Regular,2025-01-04
14973,Riya Singh,user14973@example.com,9249931414,49,Male,Patna,Bihar,Regular,2025-07-14
14974,Karan Singh,user14974@example.com,9410415176,36,Male,Indore,Madhya Pradesh,Regular,2025-04-01
14975,Sahil Srivastava,user14975@example.com,9727131900,29,Male,Ahmedabad,Gujarat,Regular,2025-12-11
14976,Arjun Srivastava,user14976@example.com,9579164935,26,Female,Dehradun,Uttarakhand,New,2025-08-02
14977,Vikas Bansal,user14977@example.com,9134253876,44,Male,Delhi,Delhi,Premium,2025-08-27
14978,Vikas Sinha,user14978@example.com,9804546189,31,Male,Kolkata,West Bengal,New,2025-05-22
14979,Ananya Sharma,user14979@example.com,9211501702,19,Female,Delhi,Delhi,Regular,2025-08-02
14980,Abhishek Agarwal,user14980@example.com,9744372104,38,Male,Patna,Bihar,Regular,2025-08-23
14981,Mohit Joshi,user14981@example.com,9486484994,21,Female,Chennai,Tamil Nadu,Regular,2025-11-10
14982,Himanshu Agarwal,user14982@example.com,9856180813,38,Male,Pune,Maharashtra,New,2026-04-08
14983,Ankit Agarwal,user14983@example.com,9256969872,39,Male,Noida,Uttar Pradesh,Regular,2026-06-16
14984,Rohan Verma,user14984@example.com,9307033841,19,Male,Chennai,Tamil Nadu,Premium,2026-06-23
14985,Vikas Yadav,user14985@example.com,9596080981,34,Male,Lucknow,Uttar Pradesh,Regular,2026-03-16
14986,Aman Sharma,user14986@example.com,9351324973,36,Male,Ahmedabad,Gujarat,Premium,2026-04-17
14987,Neeraj Sharma,user14987@example.com,9652100697,57,Male,Kanpur,Uttar Pradesh,Regular,2025-02-02
14988,Nikhil Singh,user14988@example.com,9629405113,41,Male,Kolkata,West Bengal,Regular,2026-01-15
14989,Aditi Mishra,user14989@example.com,9625331611,37,Female,Bengaluru,Karnataka,New,2025-11-19
14990,Varun Jain,user14990@example.com,9695781100,55,Male,Indore,Madhya Pradesh,Premium,2026-03-15
14991,Rohan Chauhan,user14991@example.com,9340328589,29,Female,Kolkata,West Bengal,Regular,2026-08-21
14992,Nikhil Gupta,user14992@example.com,9972463880,42,Female,Kolkata,West Bengal,Regular,2025-11-01
14993,Rahul Verma,user14993@example.com,9681105266,40,Male,Chandigarh,Chandigarh,Premium,2026-05-22
14994,Nikhil Mehta,user14994@example.com,9380197785,51,Male,Gurugram,Haryana,Regular,2025-02-24
14995,Aarav Bansal,user14995@example.com,9921281610,49,Male,Ahmedabad,Gujarat,Regular,2025-01-21
14996,Neeraj Kapoor,user14996@example.com,9948139344,41,Male,Gurugram,Haryana,New,2025-12-05
14997,Rahul Malhotra,user14997@example.com,9527425151,59,Male,Chennai,Tamil Nadu,Regular,2025-04-28
14998,Rohan Mehta,user14998@example.com,9324384801,42,Male,Dehradun,Uttarakhand,Premium,2026-06-30
14999,Neeraj Joshi,user14999@example.com,9502302610,20,Female,Noida,Uttar Pradesh,Regular,2026-06-27
15000,Ananya Kapoor,user15000@example.com,9247095846,42,Male,Dehradun,Uttarakhand,New,2025-02-06
